Command line invocation:
    /Applications/Xcode.app/Contents/Developer/usr/bin/xcodebuild clean build -project Garten_Simulation.xcodeproj -scheme Grovy -destination generic/platform=iOS

Resolve Package Graph


Resolved source packages:
  RiveRuntime: https://github.com/rive-app/rive-ios @ 6.20.5
  DotLottie: https://github.com/LottieFiles/dotlottie-ios.git @ main (93565a8)

CreateBuildRequest

SendProjectDescription

CreateBuildOperation

** CLEAN SUCCEEDED **

ComputePackagePrebuildTargetDependencyGraph

Prepare packages

CreateBuildRequest

SendProjectDescription

CreateBuildOperation

ComputeTargetDependencyGraph
note: Building targets in dependency order
note: Target dependency graph (7 targets)
    Target 'Garten_Simulation' in project 'Garten_Simulation'
        ➜ Explicit dependency on target 'GartenWidgetExtension' in project 'Garten_Simulation'
        ➜ Explicit dependency on target 'ScreenTimeMonitor' in project 'Garten_Simulation'
        ➜ Explicit dependency on target 'GrovyDNSFilter' in project 'Garten_Simulation'
        ➜ Explicit dependency on target 'RiveRuntime' in project 'RiveRuntime'
        ➜ Explicit dependency on target 'DotLottie' in project 'DotLottie'
    Target 'DotLottie' in project 'DotLottie'
        ➜ Explicit dependency on target 'DotLottie' in project 'DotLottie'
    Target 'DotLottie' in project 'DotLottie' (no dependencies)
    Target 'RiveRuntime' in project 'RiveRuntime' (no dependencies)
    Target 'GrovyDNSFilter' in project 'Garten_Simulation' (no dependencies)
    Target 'ScreenTimeMonitor' in project 'Garten_Simulation' (no dependencies)
    Target 'GartenWidgetExtension' in project 'Garten_Simulation' (no dependencies)

GatherProvisioningInputs

CreateBuildDescription

ExecuteExternalTool /Applications/Xcode.app/Contents/Developer/Toolchains/XcodeDefault.xctoolchain/usr/bin/swiftc --version

ExecuteExternalTool /Applications/Xcode.app/Contents/Developer/usr/bin/xcstringstool compile --dry-run --output-directory /Users/jannikschill/Library/Developer/Xcode/DerivedData/Garten_Simulation-eroxfyrnurmsaraojtkexlvtomxb/Build/Intermediates.noindex/Garten_Simulation.build/Debug-iphoneos/GartenWidgetExtension.build /Users/jannikschill/Documents/Garten-Simulation/Garten_Simulation/Localizable.xcstrings

ExecuteExternalTool /Applications/Xcode.app/Contents/Developer/Toolchains/XcodeDefault.xctoolchain/usr/bin/clang -v -E -dM -isysroot /Applications/Xcode.app/Contents/Developer/Platforms/iPhoneOS.platform/Developer/SDKs/iPhoneOS26.5.sdk -x c -c /dev/null

ExecuteExternalTool /Applications/Xcode.app/Contents/Developer/usr/bin/ibtool --version --output-format xml1

ExecuteExternalTool /Applications/Xcode.app/Contents/Developer/usr/bin/actool --print-asset-tag-combinations --output-format xml1 /Users/jannikschill/Documents/Garten-Simulation/Garten_Simulation/Assets.xcassets

ExecuteExternalTool /Applications/Xcode.app/Contents/Developer/Toolchains/XcodeDefault.xctoolchain/usr/bin/ld -version_details

ExecuteExternalTool /Applications/Xcode.app/Contents/Developer/usr/bin/actool --version --output-format xml1

ExecuteExternalTool /Applications/Xcode.app/Contents/Developer/usr/bin/xcstringstool compile --dry-run --output-directory /Users/jannikschill/Library/Developer/Xcode/DerivedData/Garten_Simulation-eroxfyrnurmsaraojtkexlvtomxb/Build/Intermediates.noindex/Garten_Simulation.build/Debug-iphoneos/Garten_Simulation.build /Users/jannikschill/Documents/Garten-Simulation/Garten_Simulation/Localizable.xcstrings

Build description signature: dd32beaee47e3bd69c7019d9b3521ef0
Build description path: /Users/jannikschill/Library/Developer/Xcode/DerivedData/Garten_Simulation-eroxfyrnurmsaraojtkexlvtomxb/Build/Intermediates.noindex/XCBuildData/dd32beaee47e3bd69c7019d9b3521ef0.xcbuilddata
ClangStatCache /Applications/Xcode.app/Contents/Developer/Toolchains/XcodeDefault.xctoolchain/usr/bin/clang-stat-cache /Applications/Xcode.app/Contents/Developer/Platforms/iPhoneOS.platform/Developer/SDKs/iPhoneOS26.5.sdk /Users/jannikschill/Library/Developer/Xcode/DerivedData/SDKStatCaches.noindex/iphoneos26.5-23F81a-688ef53f1462e2c8f657fdc38a81448f32daed1954a7d5dd0789fcaf2a9bb78b.sdkstatcache
    cd /Users/jannikschill/Documents/Garten-Simulation/Garten_Simulation.xcodeproj
    /Applications/Xcode.app/Contents/Developer/Toolchains/XcodeDefault.xctoolchain/usr/bin/clang-stat-cache /Applications/Xcode.app/Contents/Developer/Platforms/iPhoneOS.platform/Developer/SDKs/iPhoneOS26.5.sdk -o /Users/jannikschill/Library/Developer/Xcode/DerivedData/SDKStatCaches.noindex/iphoneos26.5-23F81a-688ef53f1462e2c8f657fdc38a81448f32daed1954a7d5dd0789fcaf2a9bb78b.sdkstatcache

CreateBuildDirectory /Users/jannikschill/Library/Developer/Xcode/DerivedData/Garten_Simulation-eroxfyrnurmsaraojtkexlvtomxb/Build/Products
    cd /Users/jannikschill/Documents/Garten-Simulation/Garten_Simulation.xcodeproj
    builtin-create-build-directory /Users/jannikschill/Library/Developer/Xcode/DerivedData/Garten_Simulation-eroxfyrnurmsaraojtkexlvtomxb/Build/Products

CreateBuildDirectory /Users/jannikschill/Library/Developer/Xcode/DerivedData/Garten_Simulation-eroxfyrnurmsaraojtkexlvtomxb/Build/Intermediates.noindex
    cd /Users/jannikschill/Documents/Garten-Simulation/Garten_Simulation.xcodeproj
    builtin-create-build-directory /Users/jannikschill/Library/Developer/Xcode/DerivedData/Garten_Simulation-eroxfyrnurmsaraojtkexlvtomxb/Build/Intermediates.noindex

CreateBuildDirectory /Users/jannikschill/Library/Developer/Xcode/DerivedData/Garten_Simulation-eroxfyrnurmsaraojtkexlvtomxb/Build/Intermediates.noindex/ExplicitPrecompiledModules
    cd /Users/jannikschill/Documents/Garten-Simulation/Garten_Simulation.xcodeproj
    builtin-create-build-directory /Users/jannikschill/Library/Developer/Xcode/DerivedData/Garten_Simulation-eroxfyrnurmsaraojtkexlvtomxb/Build/Intermediates.noindex/ExplicitPrecompiledModules

CreateBuildDirectory /Users/jannikschill/Library/Developer/Xcode/DerivedData/Garten_Simulation-eroxfyrnurmsaraojtkexlvtomxb/Build/Intermediates.noindex/SwiftExplicitPrecompiledModules
    cd /Users/jannikschill/Documents/Garten-Simulation/Garten_Simulation.xcodeproj
    builtin-create-build-directory /Users/jannikschill/Library/Developer/Xcode/DerivedData/Garten_Simulation-eroxfyrnurmsaraojtkexlvtomxb/Build/Intermediates.noindex/SwiftExplicitPrecompiledModules

CreateBuildDirectory /Users/jannikschill/Library/Developer/Xcode/DerivedData/Garten_Simulation-eroxfyrnurmsaraojtkexlvtomxb/Build/Products/Debug-iphoneos
    cd /Users/jannikschill/Documents/Garten-Simulation/Garten_Simulation.xcodeproj
    builtin-create-build-directory /Users/jannikschill/Library/Developer/Xcode/DerivedData/Garten_Simulation-eroxfyrnurmsaraojtkexlvtomxb/Build/Products/Debug-iphoneos

CreateBuildDirectory /Users/jannikschill/Library/Developer/Xcode/DerivedData/Garten_Simulation-eroxfyrnurmsaraojtkexlvtomxb/Build/Intermediates.noindex/EagerLinkingTBDs/Debug-iphoneos
    cd /Users/jannikschill/Documents/Garten-Simulation/Garten_Simulation.xcodeproj
    builtin-create-build-directory /Users/jannikschill/Library/Developer/Xcode/DerivedData/Garten_Simulation-eroxfyrnurmsaraojtkexlvtomxb/Build/Intermediates.noindex/EagerLinkingTBDs/Debug-iphoneos

WriteAuxiliaryFile /Users/jannikschill/Library/Developer/Xcode/DerivedData/Garten_Simulation-eroxfyrnurmsaraojtkexlvtomxb/Build/Intermediates.noindex/Garten_Simulation.build/Debug-iphoneos/Garten_Simulation-49394399678d88b76108bd64d45cffb0-VFS-iphoneos/all-product-headers.yaml
    cd /Users/jannikschill/Documents/Garten-Simulation/Garten_Simulation.xcodeproj
    write-file /Users/jannikschill/Library/Developer/Xcode/DerivedData/Garten_Simulation-eroxfyrnurmsaraojtkexlvtomxb/Build/Intermediates.noindex/Garten_Simulation.build/Debug-iphoneos/Garten_Simulation-49394399678d88b76108bd64d45cffb0-VFS-iphoneos/all-product-headers.yaml

CreateBuildDirectory /Users/jannikschill/Library/Developer/Xcode/DerivedData/Garten_Simulation-eroxfyrnurmsaraojtkexlvtomxb/Build/Products/Debug-iphoneos/PackageFrameworks
    cd /Users/jannikschill/Documents/Garten-Simulation/Garten_Simulation.xcodeproj
    builtin-create-build-directory /Users/jannikschill/Library/Developer/Xcode/DerivedData/Garten_Simulation-eroxfyrnurmsaraojtkexlvtomxb/Build/Products/Debug-iphoneos/PackageFrameworks

WriteAuxiliaryFile /Users/jannikschill/Library/Developer/Xcode/DerivedData/Garten_Simulation-eroxfyrnurmsaraojtkexlvtomxb/Build/Intermediates.noindex/Garten_Simulation.build/Debug-iphoneos/GartenWidgetExtension.build/GartenWidgetExtension-all-target-headers.hmap (in target 'GartenWidgetExtension' from project 'Garten_Simulation')
    cd /Users/jannikschill/Documents/Garten-Simulation
    write-file /Users/jannikschill/Library/Developer/Xcode/DerivedData/Garten_Simulation-eroxfyrnurmsaraojtkexlvtomxb/Build/Intermediates.noindex/Garten_Simulation.build/Debug-iphoneos/GartenWidgetExtension.build/GartenWidgetExtension-all-target-headers.hmap

WriteAuxiliaryFile /Users/jannikschill/Library/Developer/Xcode/DerivedData/Garten_Simulation-eroxfyrnurmsaraojtkexlvtomxb/Build/Intermediates.noindex/Garten_Simulation.build/Debug-iphoneos/GartenWidgetExtension.build/GartenWidgetExtension-generated-files.hmap (in target 'GartenWidgetExtension' from project 'Garten_Simulation')
    cd /Users/jannikschill/Documents/Garten-Simulation
    write-file /Users/jannikschill/Library/Developer/Xcode/DerivedData/Garten_Simulation-eroxfyrnurmsaraojtkexlvtomxb/Build/Intermediates.noindex/Garten_Simulation.build/Debug-iphoneos/GartenWidgetExtension.build/GartenWidgetExtension-generated-files.hmap

WriteAuxiliaryFile /Users/jannikschill/Library/Developer/Xcode/DerivedData/Garten_Simulation-eroxfyrnurmsaraojtkexlvtomxb/Build/Intermediates.noindex/Garten_Simulation.build/Debug-iphoneos/GartenWidgetExtension.build/GartenWidgetExtension-all-non-framework-target-headers.hmap (in target 'GartenWidgetExtension' from project 'Garten_Simulation')
    cd /Users/jannikschill/Documents/Garten-Simulation
    write-file /Users/jannikschill/Library/Developer/Xcode/DerivedData/Garten_Simulation-eroxfyrnurmsaraojtkexlvtomxb/Build/Intermediates.noindex/Garten_Simulation.build/Debug-iphoneos/GartenWidgetExtension.build/GartenWidgetExtension-all-non-framework-target-headers.hmap

WriteAuxiliaryFile /Users/jannikschill/Library/Developer/Xcode/DerivedData/Garten_Simulation-eroxfyrnurmsaraojtkexlvtomxb/Build/Intermediates.noindex/Garten_Simulation.build/Debug-iphoneos/GartenWidgetExtension.build/GartenWidgetExtension.hmap (in target 'GartenWidgetExtension' from project 'Garten_Simulation')
    cd /Users/jannikschill/Documents/Garten-Simulation
    write-file /Users/jannikschill/Library/Developer/Xcode/DerivedData/Garten_Simulation-eroxfyrnurmsaraojtkexlvtomxb/Build/Intermediates.noindex/Garten_Simulation.build/Debug-iphoneos/GartenWidgetExtension.build/GartenWidgetExtension.hmap

WriteAuxiliaryFile /Users/jannikschill/Library/Developer/Xcode/DerivedData/Garten_Simulation-eroxfyrnurmsaraojtkexlvtomxb/Build/Intermediates.noindex/Garten_Simulation.build/Debug-iphoneos/GartenWidgetExtension.build/GartenWidgetExtension-project-headers.hmap (in target 'GartenWidgetExtension' from project 'Garten_Simulation')
    cd /Users/jannikschill/Documents/Garten-Simulation
    write-file /Users/jannikschill/Library/Developer/Xcode/DerivedData/Garten_Simulation-eroxfyrnurmsaraojtkexlvtomxb/Build/Intermediates.noindex/Garten_Simulation.build/Debug-iphoneos/GartenWidgetExtension.build/GartenWidgetExtension-project-headers.hmap

WriteAuxiliaryFile /Users/jannikschill/Library/Developer/Xcode/DerivedData/Garten_Simulation-eroxfyrnurmsaraojtkexlvtomxb/Build/Intermediates.noindex/Garten_Simulation.build/Debug-iphoneos/GartenWidgetExtension.build/GartenWidgetExtension-own-target-headers.hmap (in target 'GartenWidgetExtension' from project 'Garten_Simulation')
    cd /Users/jannikschill/Documents/Garten-Simulation
    write-file /Users/jannikschill/Library/Developer/Xcode/DerivedData/Garten_Simulation-eroxfyrnurmsaraojtkexlvtomxb/Build/Intermediates.noindex/Garten_Simulation.build/Debug-iphoneos/GartenWidgetExtension.build/GartenWidgetExtension-own-target-headers.hmap

WriteAuxiliaryFile /Users/jannikschill/Library/Developer/Xcode/DerivedData/Garten_Simulation-eroxfyrnurmsaraojtkexlvtomxb/Build/Intermediates.noindex/Garten_Simulation.build/Debug-iphoneos/GartenWidgetExtension.build/DerivedSources/Entitlements.plist (in target 'GartenWidgetExtension' from project 'Garten_Simulation')
    cd /Users/jannikschill/Documents/Garten-Simulation
    write-file /Users/jannikschill/Library/Developer/Xcode/DerivedData/Garten_Simulation-eroxfyrnurmsaraojtkexlvtomxb/Build/Intermediates.noindex/Garten_Simulation.build/Debug-iphoneos/GartenWidgetExtension.build/DerivedSources/Entitlements.plist

WriteAuxiliaryFile /Users/jannikschill/Library/Developer/Xcode/DerivedData/Garten_Simulation-eroxfyrnurmsaraojtkexlvtomxb/Build/Intermediates.noindex/Garten_Simulation.build/Debug-iphoneos/GartenWidgetExtension.build/Objects-normal/arm64/GartenWidgetExtension_const_extract_protocols.json (in target 'GartenWidgetExtension' from project 'Garten_Simulation')
    cd /Users/jannikschill/Documents/Garten-Simulation
    write-file /Users/jannikschill/Library/Developer/Xcode/DerivedData/Garten_Simulation-eroxfyrnurmsaraojtkexlvtomxb/Build/Intermediates.noindex/Garten_Simulation.build/Debug-iphoneos/GartenWidgetExtension.build/Objects-normal/arm64/GartenWidgetExtension_const_extract_protocols.json

WriteAuxiliaryFile /Users/jannikschill/Library/Developer/Xcode/DerivedData/Garten_Simulation-eroxfyrnurmsaraojtkexlvtomxb/Build/Intermediates.noindex/Garten_Simulation.build/Debug-iphoneos/GartenWidgetExtension.build/Objects-normal/arm64/GartenWidgetExtension-OutputFileMap.json (in target 'GartenWidgetExtension' from project 'Garten_Simulation')
    cd /Users/jannikschill/Documents/Garten-Simulation
    write-file /Users/jannikschill/Library/Developer/Xcode/DerivedData/Garten_Simulation-eroxfyrnurmsaraojtkexlvtomxb/Build/Intermediates.noindex/Garten_Simulation.build/Debug-iphoneos/GartenWidgetExtension.build/Objects-normal/arm64/GartenWidgetExtension-OutputFileMap.json

WriteAuxiliaryFile /Users/jannikschill/Library/Developer/Xcode/DerivedData/Garten_Simulation-eroxfyrnurmsaraojtkexlvtomxb/Build/Intermediates.noindex/Garten_Simulation.build/Debug-iphoneos/ScreenTimeMonitor.build/ScreenTimeMonitor.DependencyStaticMetadataFileList (in target 'ScreenTimeMonitor' from project 'Garten_Simulation')
    cd /Users/jannikschill/Documents/Garten-Simulation
    write-file /Users/jannikschill/Library/Developer/Xcode/DerivedData/Garten_Simulation-eroxfyrnurmsaraojtkexlvtomxb/Build/Intermediates.noindex/Garten_Simulation.build/Debug-iphoneos/ScreenTimeMonitor.build/ScreenTimeMonitor.DependencyStaticMetadataFileList

WriteAuxiliaryFile /Users/jannikschill/Library/Developer/Xcode/DerivedData/Garten_Simulation-eroxfyrnurmsaraojtkexlvtomxb/Build/Intermediates.noindex/Garten_Simulation.build/Debug-iphoneos/ScreenTimeMonitor.build/ScreenTimeMonitor.hmap (in target 'ScreenTimeMonitor' from project 'Garten_Simulation')
    cd /Users/jannikschill/Documents/Garten-Simulation
    write-file /Users/jannikschill/Library/Developer/Xcode/DerivedData/Garten_Simulation-eroxfyrnurmsaraojtkexlvtomxb/Build/Intermediates.noindex/Garten_Simulation.build/Debug-iphoneos/ScreenTimeMonitor.build/ScreenTimeMonitor.hmap

WriteAuxiliaryFile /Users/jannikschill/Library/Developer/Xcode/DerivedData/Garten_Simulation-eroxfyrnurmsaraojtkexlvtomxb/Build/Intermediates.noindex/Garten_Simulation.build/Debug-iphoneos/ScreenTimeMonitor.build/ScreenTimeMonitor.DependencyMetadataFileList (in target 'ScreenTimeMonitor' from project 'Garten_Simulation')
    cd /Users/jannikschill/Documents/Garten-Simulation
    write-file /Users/jannikschill/Library/Developer/Xcode/DerivedData/Garten_Simulation-eroxfyrnurmsaraojtkexlvtomxb/Build/Intermediates.noindex/Garten_Simulation.build/Debug-iphoneos/ScreenTimeMonitor.build/ScreenTimeMonitor.DependencyMetadataFileList

WriteAuxiliaryFile /Users/jannikschill/Library/Developer/Xcode/DerivedData/Garten_Simulation-eroxfyrnurmsaraojtkexlvtomxb/Build/Intermediates.noindex/Garten_Simulation.build/Debug-iphoneos/ScreenTimeMonitor.build/ScreenTimeMonitor-project-headers.hmap (in target 'ScreenTimeMonitor' from project 'Garten_Simulation')
    cd /Users/jannikschill/Documents/Garten-Simulation
    write-file /Users/jannikschill/Library/Developer/Xcode/DerivedData/Garten_Simulation-eroxfyrnurmsaraojtkexlvtomxb/Build/Intermediates.noindex/Garten_Simulation.build/Debug-iphoneos/ScreenTimeMonitor.build/ScreenTimeMonitor-project-headers.hmap

WriteAuxiliaryFile /Users/jannikschill/Library/Developer/Xcode/DerivedData/Garten_Simulation-eroxfyrnurmsaraojtkexlvtomxb/Build/Intermediates.noindex/Garten_Simulation.build/Debug-iphoneos/ScreenTimeMonitor.build/ScreenTimeMonitor-own-target-headers.hmap (in target 'ScreenTimeMonitor' from project 'Garten_Simulation')
    cd /Users/jannikschill/Documents/Garten-Simulation
    write-file /Users/jannikschill/Library/Developer/Xcode/DerivedData/Garten_Simulation-eroxfyrnurmsaraojtkexlvtomxb/Build/Intermediates.noindex/Garten_Simulation.build/Debug-iphoneos/ScreenTimeMonitor.build/ScreenTimeMonitor-own-target-headers.hmap

WriteAuxiliaryFile /Users/jannikschill/Library/Developer/Xcode/DerivedData/Garten_Simulation-eroxfyrnurmsaraojtkexlvtomxb/Build/Intermediates.noindex/Garten_Simulation.build/Debug-iphoneos/ScreenTimeMonitor.build/ScreenTimeMonitor-generated-files.hmap (in target 'ScreenTimeMonitor' from project 'Garten_Simulation')
    cd /Users/jannikschill/Documents/Garten-Simulation
    write-file /Users/jannikschill/Library/Developer/Xcode/DerivedData/Garten_Simulation-eroxfyrnurmsaraojtkexlvtomxb/Build/Intermediates.noindex/Garten_Simulation.build/Debug-iphoneos/ScreenTimeMonitor.build/ScreenTimeMonitor-generated-files.hmap

WriteAuxiliaryFile /Users/jannikschill/Library/Developer/Xcode/DerivedData/Garten_Simulation-eroxfyrnurmsaraojtkexlvtomxb/Build/Intermediates.noindex/Garten_Simulation.build/Debug-iphoneos/ScreenTimeMonitor.build/ScreenTimeMonitor-all-target-headers.hmap (in target 'ScreenTimeMonitor' from project 'Garten_Simulation')
    cd /Users/jannikschill/Documents/Garten-Simulation
    write-file /Users/jannikschill/Library/Developer/Xcode/DerivedData/Garten_Simulation-eroxfyrnurmsaraojtkexlvtomxb/Build/Intermediates.noindex/Garten_Simulation.build/Debug-iphoneos/ScreenTimeMonitor.build/ScreenTimeMonitor-all-target-headers.hmap

WriteAuxiliaryFile /Users/jannikschill/Library/Developer/Xcode/DerivedData/Garten_Simulation-eroxfyrnurmsaraojtkexlvtomxb/Build/Intermediates.noindex/Garten_Simulation.build/Debug-iphoneos/ScreenTimeMonitor.build/ScreenTimeMonitor-all-non-framework-target-headers.hmap (in target 'ScreenTimeMonitor' from project 'Garten_Simulation')
    cd /Users/jannikschill/Documents/Garten-Simulation
    write-file /Users/jannikschill/Library/Developer/Xcode/DerivedData/Garten_Simulation-eroxfyrnurmsaraojtkexlvtomxb/Build/Intermediates.noindex/Garten_Simulation.build/Debug-iphoneos/ScreenTimeMonitor.build/ScreenTimeMonitor-all-non-framework-target-headers.hmap

WriteAuxiliaryFile /Users/jannikschill/Library/Developer/Xcode/DerivedData/Garten_Simulation-eroxfyrnurmsaraojtkexlvtomxb/Build/Intermediates.noindex/Garten_Simulation.build/Debug-iphoneos/ScreenTimeMonitor.build/ScreenTimeMonitor-DebugEntryPoint-normal-arm64.txt (in target 'ScreenTimeMonitor' from project 'Garten_Simulation')
    cd /Users/jannikschill/Documents/Garten-Simulation
    write-file /Users/jannikschill/Library/Developer/Xcode/DerivedData/Garten_Simulation-eroxfyrnurmsaraojtkexlvtomxb/Build/Intermediates.noindex/Garten_Simulation.build/Debug-iphoneos/ScreenTimeMonitor.build/ScreenTimeMonitor-DebugEntryPoint-normal-arm64.txt

WriteAuxiliaryFile /Users/jannikschill/Library/Developer/Xcode/DerivedData/Garten_Simulation-eroxfyrnurmsaraojtkexlvtomxb/Build/Intermediates.noindex/Garten_Simulation.build/Debug-iphoneos/ScreenTimeMonitor.build/ScreenTimeMonitor-DebugDylibPath-normal-arm64.txt (in target 'ScreenTimeMonitor' from project 'Garten_Simulation')
    cd /Users/jannikschill/Documents/Garten-Simulation
    write-file /Users/jannikschill/Library/Developer/Xcode/DerivedData/Garten_Simulation-eroxfyrnurmsaraojtkexlvtomxb/Build/Intermediates.noindex/Garten_Simulation.build/Debug-iphoneos/ScreenTimeMonitor.build/ScreenTimeMonitor-DebugDylibPath-normal-arm64.txt

WriteAuxiliaryFile /Users/jannikschill/Library/Developer/Xcode/DerivedData/Garten_Simulation-eroxfyrnurmsaraojtkexlvtomxb/Build/Intermediates.noindex/Garten_Simulation.build/Debug-iphoneos/ScreenTimeMonitor.build/ScreenTimeMonitor-DebugDylibInstallName-normal-arm64.txt (in target 'ScreenTimeMonitor' from project 'Garten_Simulation')
    cd /Users/jannikschill/Documents/Garten-Simulation
    write-file /Users/jannikschill/Library/Developer/Xcode/DerivedData/Garten_Simulation-eroxfyrnurmsaraojtkexlvtomxb/Build/Intermediates.noindex/Garten_Simulation.build/Debug-iphoneos/ScreenTimeMonitor.build/ScreenTimeMonitor-DebugDylibInstallName-normal-arm64.txt

WriteAuxiliaryFile /Users/jannikschill/Library/Developer/Xcode/DerivedData/Garten_Simulation-eroxfyrnurmsaraojtkexlvtomxb/Build/Intermediates.noindex/Garten_Simulation.build/Debug-iphoneos/ScreenTimeMonitor.build/Objects-normal/arm64/ScreenTimeMonitor_const_extract_protocols.json (in target 'ScreenTimeMonitor' from project 'Garten_Simulation')
    cd /Users/jannikschill/Documents/Garten-Simulation
    write-file /Users/jannikschill/Library/Developer/Xcode/DerivedData/Garten_Simulation-eroxfyrnurmsaraojtkexlvtomxb/Build/Intermediates.noindex/Garten_Simulation.build/Debug-iphoneos/ScreenTimeMonitor.build/Objects-normal/arm64/ScreenTimeMonitor_const_extract_protocols.json

WriteAuxiliaryFile /Users/jannikschill/Library/Developer/Xcode/DerivedData/Garten_Simulation-eroxfyrnurmsaraojtkexlvtomxb/Build/Intermediates.noindex/Garten_Simulation.build/Debug-iphoneos/ScreenTimeMonitor.build/Objects-normal/arm64/ScreenTimeMonitor.SwiftFileList (in target 'ScreenTimeMonitor' from project 'Garten_Simulation')
    cd /Users/jannikschill/Documents/Garten-Simulation
    write-file /Users/jannikschill/Library/Developer/Xcode/DerivedData/Garten_Simulation-eroxfyrnurmsaraojtkexlvtomxb/Build/Intermediates.noindex/Garten_Simulation.build/Debug-iphoneos/ScreenTimeMonitor.build/Objects-normal/arm64/ScreenTimeMonitor.SwiftFileList

WriteAuxiliaryFile /Users/jannikschill/Library/Developer/Xcode/DerivedData/Garten_Simulation-eroxfyrnurmsaraojtkexlvtomxb/Build/Intermediates.noindex/Garten_Simulation.build/Debug-iphoneos/ScreenTimeMonitor.build/Objects-normal/arm64/ScreenTimeMonitor.SwiftConstValuesFileList (in target 'ScreenTimeMonitor' from project 'Garten_Simulation')
    cd /Users/jannikschill/Documents/Garten-Simulation
    write-file /Users/jannikschill/Library/Developer/Xcode/DerivedData/Garten_Simulation-eroxfyrnurmsaraojtkexlvtomxb/Build/Intermediates.noindex/Garten_Simulation.build/Debug-iphoneos/ScreenTimeMonitor.build/Objects-normal/arm64/ScreenTimeMonitor.SwiftConstValuesFileList

WriteAuxiliaryFile /Users/jannikschill/Library/Developer/Xcode/DerivedData/Garten_Simulation-eroxfyrnurmsaraojtkexlvtomxb/Build/Intermediates.noindex/Garten_Simulation.build/Debug-iphoneos/ScreenTimeMonitor.build/Objects-normal/arm64/ScreenTimeMonitor.LinkFileList (in target 'ScreenTimeMonitor' from project 'Garten_Simulation')
    cd /Users/jannikschill/Documents/Garten-Simulation
    write-file /Users/jannikschill/Library/Developer/Xcode/DerivedData/Garten_Simulation-eroxfyrnurmsaraojtkexlvtomxb/Build/Intermediates.noindex/Garten_Simulation.build/Debug-iphoneos/ScreenTimeMonitor.build/Objects-normal/arm64/ScreenTimeMonitor.LinkFileList

WriteAuxiliaryFile /Users/jannikschill/Library/Developer/Xcode/DerivedData/Garten_Simulation-eroxfyrnurmsaraojtkexlvtomxb/Build/Intermediates.noindex/Garten_Simulation.build/Debug-iphoneos/ScreenTimeMonitor.build/Objects-normal/arm64/ScreenTimeMonitor-OutputFileMap.json (in target 'ScreenTimeMonitor' from project 'Garten_Simulation')
    cd /Users/jannikschill/Documents/Garten-Simulation
    write-file /Users/jannikschill/Library/Developer/Xcode/DerivedData/Garten_Simulation-eroxfyrnurmsaraojtkexlvtomxb/Build/Intermediates.noindex/Garten_Simulation.build/Debug-iphoneos/ScreenTimeMonitor.build/Objects-normal/arm64/ScreenTimeMonitor-OutputFileMap.json

WriteAuxiliaryFile /Users/jannikschill/Library/Developer/Xcode/DerivedData/Garten_Simulation-eroxfyrnurmsaraojtkexlvtomxb/Build/Intermediates.noindex/Garten_Simulation.build/Debug-iphoneos/ScreenTimeMonitor.build/DerivedSources/Entitlements.plist (in target 'ScreenTimeMonitor' from project 'Garten_Simulation')
    cd /Users/jannikschill/Documents/Garten-Simulation
    write-file /Users/jannikschill/Library/Developer/Xcode/DerivedData/Garten_Simulation-eroxfyrnurmsaraojtkexlvtomxb/Build/Intermediates.noindex/Garten_Simulation.build/Debug-iphoneos/ScreenTimeMonitor.build/DerivedSources/Entitlements.plist

WriteAuxiliaryFile /Users/jannikschill/Library/Developer/Xcode/DerivedData/Garten_Simulation-eroxfyrnurmsaraojtkexlvtomxb/Build/Intermediates.noindex/Garten_Simulation.build/Debug-iphoneos/GrovyDNSFilter.build/Objects-normal/arm64/GrovyDNSFilter.SwiftFileList (in target 'GrovyDNSFilter' from project 'Garten_Simulation')
    cd /Users/jannikschill/Documents/Garten-Simulation
    write-file /Users/jannikschill/Library/Developer/Xcode/DerivedData/Garten_Simulation-eroxfyrnurmsaraojtkexlvtomxb/Build/Intermediates.noindex/Garten_Simulation.build/Debug-iphoneos/GrovyDNSFilter.build/Objects-normal/arm64/GrovyDNSFilter.SwiftFileList

WriteAuxiliaryFile /Users/jannikschill/Library/Developer/Xcode/DerivedData/Garten_Simulation-eroxfyrnurmsaraojtkexlvtomxb/Build/Intermediates.noindex/Garten_Simulation.build/Debug-iphoneos/GrovyDNSFilter.build/Objects-normal/arm64/GrovyDNSFilter.SwiftConstValuesFileList (in target 'GrovyDNSFilter' from project 'Garten_Simulation')
    cd /Users/jannikschill/Documents/Garten-Simulation
    write-file /Users/jannikschill/Library/Developer/Xcode/DerivedData/Garten_Simulation-eroxfyrnurmsaraojtkexlvtomxb/Build/Intermediates.noindex/Garten_Simulation.build/Debug-iphoneos/GrovyDNSFilter.build/Objects-normal/arm64/GrovyDNSFilter.SwiftConstValuesFileList

WriteAuxiliaryFile /Users/jannikschill/Library/Developer/Xcode/DerivedData/Garten_Simulation-eroxfyrnurmsaraojtkexlvtomxb/Build/Intermediates.noindex/Garten_Simulation.build/Debug-iphoneos/GrovyDNSFilter.build/Objects-normal/arm64/GrovyDNSFilter_const_extract_protocols.json (in target 'GrovyDNSFilter' from project 'Garten_Simulation')
    cd /Users/jannikschill/Documents/Garten-Simulation
    write-file /Users/jannikschill/Library/Developer/Xcode/DerivedData/Garten_Simulation-eroxfyrnurmsaraojtkexlvtomxb/Build/Intermediates.noindex/Garten_Simulation.build/Debug-iphoneos/GrovyDNSFilter.build/Objects-normal/arm64/GrovyDNSFilter_const_extract_protocols.json

WriteAuxiliaryFile /Users/jannikschill/Library/Developer/Xcode/DerivedData/Garten_Simulation-eroxfyrnurmsaraojtkexlvtomxb/Build/Intermediates.noindex/Garten_Simulation.build/Debug-iphoneos/GrovyDNSFilter.build/Objects-normal/arm64/GrovyDNSFilter.LinkFileList (in target 'GrovyDNSFilter' from project 'Garten_Simulation')
    cd /Users/jannikschill/Documents/Garten-Simulation
    write-file /Users/jannikschill/Library/Developer/Xcode/DerivedData/Garten_Simulation-eroxfyrnurmsaraojtkexlvtomxb/Build/Intermediates.noindex/Garten_Simulation.build/Debug-iphoneos/GrovyDNSFilter.build/Objects-normal/arm64/GrovyDNSFilter.LinkFileList

WriteAuxiliaryFile /Users/jannikschill/Library/Developer/Xcode/DerivedData/Garten_Simulation-eroxfyrnurmsaraojtkexlvtomxb/Build/Intermediates.noindex/Garten_Simulation.build/Debug-iphoneos/GrovyDNSFilter.build/Objects-normal/arm64/GrovyDNSFilter-OutputFileMap.json (in target 'GrovyDNSFilter' from project 'Garten_Simulation')
    cd /Users/jannikschill/Documents/Garten-Simulation
    write-file /Users/jannikschill/Library/Developer/Xcode/DerivedData/Garten_Simulation-eroxfyrnurmsaraojtkexlvtomxb/Build/Intermediates.noindex/Garten_Simulation.build/Debug-iphoneos/GrovyDNSFilter.build/Objects-normal/arm64/GrovyDNSFilter-OutputFileMap.json

WriteAuxiliaryFile /Users/jannikschill/Library/Developer/Xcode/DerivedData/Garten_Simulation-eroxfyrnurmsaraojtkexlvtomxb/Build/Intermediates.noindex/Garten_Simulation.build/Debug-iphoneos/GrovyDNSFilter.build/GrovyDNSFilter.hmap (in target 'GrovyDNSFilter' from project 'Garten_Simulation')
    cd /Users/jannikschill/Documents/Garten-Simulation
    write-file /Users/jannikschill/Library/Developer/Xcode/DerivedData/Garten_Simulation-eroxfyrnurmsaraojtkexlvtomxb/Build/Intermediates.noindex/Garten_Simulation.build/Debug-iphoneos/GrovyDNSFilter.build/GrovyDNSFilter.hmap

WriteAuxiliaryFile /Users/jannikschill/Library/Developer/Xcode/DerivedData/Garten_Simulation-eroxfyrnurmsaraojtkexlvtomxb/Build/Intermediates.noindex/Garten_Simulation.build/Debug-iphoneos/GrovyDNSFilter.build/GrovyDNSFilter.DependencyStaticMetadataFileList (in target 'GrovyDNSFilter' from project 'Garten_Simulation')
    cd /Users/jannikschill/Documents/Garten-Simulation
    write-file /Users/jannikschill/Library/Developer/Xcode/DerivedData/Garten_Simulation-eroxfyrnurmsaraojtkexlvtomxb/Build/Intermediates.noindex/Garten_Simulation.build/Debug-iphoneos/GrovyDNSFilter.build/GrovyDNSFilter.DependencyStaticMetadataFileList

WriteAuxiliaryFile /Users/jannikschill/Library/Developer/Xcode/DerivedData/Garten_Simulation-eroxfyrnurmsaraojtkexlvtomxb/Build/Intermediates.noindex/Garten_Simulation.build/Debug-iphoneos/GrovyDNSFilter.build/GrovyDNSFilter.DependencyMetadataFileList (in target 'GrovyDNSFilter' from project 'Garten_Simulation')
    cd /Users/jannikschill/Documents/Garten-Simulation
    write-file /Users/jannikschill/Library/Developer/Xcode/DerivedData/Garten_Simulation-eroxfyrnurmsaraojtkexlvtomxb/Build/Intermediates.noindex/Garten_Simulation.build/Debug-iphoneos/GrovyDNSFilter.build/GrovyDNSFilter.DependencyMetadataFileList

WriteAuxiliaryFile /Users/jannikschill/Library/Developer/Xcode/DerivedData/Garten_Simulation-eroxfyrnurmsaraojtkexlvtomxb/Build/Intermediates.noindex/Garten_Simulation.build/Debug-iphoneos/GrovyDNSFilter.build/GrovyDNSFilter-project-headers.hmap (in target 'GrovyDNSFilter' from project 'Garten_Simulation')
    cd /Users/jannikschill/Documents/Garten-Simulation
    write-file /Users/jannikschill/Library/Developer/Xcode/DerivedData/Garten_Simulation-eroxfyrnurmsaraojtkexlvtomxb/Build/Intermediates.noindex/Garten_Simulation.build/Debug-iphoneos/GrovyDNSFilter.build/GrovyDNSFilter-project-headers.hmap

WriteAuxiliaryFile /Users/jannikschill/Library/Developer/Xcode/DerivedData/Garten_Simulation-eroxfyrnurmsaraojtkexlvtomxb/Build/Intermediates.noindex/Garten_Simulation.build/Debug-iphoneos/GrovyDNSFilter.build/GrovyDNSFilter-own-target-headers.hmap (in target 'GrovyDNSFilter' from project 'Garten_Simulation')
    cd /Users/jannikschill/Documents/Garten-Simulation
    write-file /Users/jannikschill/Library/Developer/Xcode/DerivedData/Garten_Simulation-eroxfyrnurmsaraojtkexlvtomxb/Build/Intermediates.noindex/Garten_Simulation.build/Debug-iphoneos/GrovyDNSFilter.build/GrovyDNSFilter-own-target-headers.hmap

WriteAuxiliaryFile /Users/jannikschill/Library/Developer/Xcode/DerivedData/Garten_Simulation-eroxfyrnurmsaraojtkexlvtomxb/Build/Intermediates.noindex/Garten_Simulation.build/Debug-iphoneos/GrovyDNSFilter.build/GrovyDNSFilter-generated-files.hmap (in target 'GrovyDNSFilter' from project 'Garten_Simulation')
    cd /Users/jannikschill/Documents/Garten-Simulation
    write-file /Users/jannikschill/Library/Developer/Xcode/DerivedData/Garten_Simulation-eroxfyrnurmsaraojtkexlvtomxb/Build/Intermediates.noindex/Garten_Simulation.build/Debug-iphoneos/GrovyDNSFilter.build/GrovyDNSFilter-generated-files.hmap

WriteAuxiliaryFile /Users/jannikschill/Library/Developer/Xcode/DerivedData/Garten_Simulation-eroxfyrnurmsaraojtkexlvtomxb/Build/Intermediates.noindex/Garten_Simulation.build/Debug-iphoneos/GrovyDNSFilter.build/GrovyDNSFilter-all-target-headers.hmap (in target 'GrovyDNSFilter' from project 'Garten_Simulation')
    cd /Users/jannikschill/Documents/Garten-Simulation
    write-file /Users/jannikschill/Library/Developer/Xcode/DerivedData/Garten_Simulation-eroxfyrnurmsaraojtkexlvtomxb/Build/Intermediates.noindex/Garten_Simulation.build/Debug-iphoneos/GrovyDNSFilter.build/GrovyDNSFilter-all-target-headers.hmap

WriteAuxiliaryFile /Users/jannikschill/Library/Developer/Xcode/DerivedData/Garten_Simulation-eroxfyrnurmsaraojtkexlvtomxb/Build/Intermediates.noindex/Garten_Simulation.build/Debug-iphoneos/GrovyDNSFilter.build/GrovyDNSFilter-all-non-framework-target-headers.hmap (in target 'GrovyDNSFilter' from project 'Garten_Simulation')
    cd /Users/jannikschill/Documents/Garten-Simulation
    write-file /Users/jannikschill/Library/Developer/Xcode/DerivedData/Garten_Simulation-eroxfyrnurmsaraojtkexlvtomxb/Build/Intermediates.noindex/Garten_Simulation.build/Debug-iphoneos/GrovyDNSFilter.build/GrovyDNSFilter-all-non-framework-target-headers.hmap

WriteAuxiliaryFile /Users/jannikschill/Library/Developer/Xcode/DerivedData/Garten_Simulation-eroxfyrnurmsaraojtkexlvtomxb/Build/Intermediates.noindex/Garten_Simulation.build/Debug-iphoneos/GrovyDNSFilter.build/GrovyDNSFilter-DebugEntryPoint-normal-arm64.txt (in target 'GrovyDNSFilter' from project 'Garten_Simulation')
    cd /Users/jannikschill/Documents/Garten-Simulation
    write-file /Users/jannikschill/Library/Developer/Xcode/DerivedData/Garten_Simulation-eroxfyrnurmsaraojtkexlvtomxb/Build/Intermediates.noindex/Garten_Simulation.build/Debug-iphoneos/GrovyDNSFilter.build/GrovyDNSFilter-DebugEntryPoint-normal-arm64.txt

WriteAuxiliaryFile /Users/jannikschill/Library/Developer/Xcode/DerivedData/Garten_Simulation-eroxfyrnurmsaraojtkexlvtomxb/Build/Intermediates.noindex/Garten_Simulation.build/Debug-iphoneos/GrovyDNSFilter.build/GrovyDNSFilter-DebugDylibPath-normal-arm64.txt (in target 'GrovyDNSFilter' from project 'Garten_Simulation')
    cd /Users/jannikschill/Documents/Garten-Simulation
    write-file /Users/jannikschill/Library/Developer/Xcode/DerivedData/Garten_Simulation-eroxfyrnurmsaraojtkexlvtomxb/Build/Intermediates.noindex/Garten_Simulation.build/Debug-iphoneos/GrovyDNSFilter.build/GrovyDNSFilter-DebugDylibPath-normal-arm64.txt

WriteAuxiliaryFile /Users/jannikschill/Library/Developer/Xcode/DerivedData/Garten_Simulation-eroxfyrnurmsaraojtkexlvtomxb/Build/Intermediates.noindex/Garten_Simulation.build/Debug-iphoneos/GrovyDNSFilter.build/GrovyDNSFilter-DebugDylibInstallName-normal-arm64.txt (in target 'GrovyDNSFilter' from project 'Garten_Simulation')
    cd /Users/jannikschill/Documents/Garten-Simulation
    write-file /Users/jannikschill/Library/Developer/Xcode/DerivedData/Garten_Simulation-eroxfyrnurmsaraojtkexlvtomxb/Build/Intermediates.noindex/Garten_Simulation.build/Debug-iphoneos/GrovyDNSFilter.build/GrovyDNSFilter-DebugDylibInstallName-normal-arm64.txt

WriteAuxiliaryFile /Users/jannikschill/Library/Developer/Xcode/DerivedData/Garten_Simulation-eroxfyrnurmsaraojtkexlvtomxb/Build/Intermediates.noindex/Garten_Simulation.build/Debug-iphoneos/GartenWidgetExtension.build/Objects-normal/arm64/GartenWidgetExtension.SwiftConstValuesFileList (in target 'GartenWidgetExtension' from project 'Garten_Simulation')
    cd /Users/jannikschill/Documents/Garten-Simulation
    write-file /Users/jannikschill/Library/Developer/Xcode/DerivedData/Garten_Simulation-eroxfyrnurmsaraojtkexlvtomxb/Build/Intermediates.noindex/Garten_Simulation.build/Debug-iphoneos/GartenWidgetExtension.build/Objects-normal/arm64/GartenWidgetExtension.SwiftConstValuesFileList

WriteAuxiliaryFile /Users/jannikschill/Library/Developer/Xcode/DerivedData/Garten_Simulation-eroxfyrnurmsaraojtkexlvtomxb/Build/Intermediates.noindex/Garten_Simulation.build/Debug-iphoneos/GartenWidgetExtension.build/Objects-normal/arm64/GartenWidgetExtension.SwiftFileList (in target 'GartenWidgetExtension' from project 'Garten_Simulation')
    cd /Users/jannikschill/Documents/Garten-Simulation
    write-file /Users/jannikschill/Library/Developer/Xcode/DerivedData/Garten_Simulation-eroxfyrnurmsaraojtkexlvtomxb/Build/Intermediates.noindex/Garten_Simulation.build/Debug-iphoneos/GartenWidgetExtension.build/Objects-normal/arm64/GartenWidgetExtension.SwiftFileList

WriteAuxiliaryFile /Users/jannikschill/Library/Developer/Xcode/DerivedData/Garten_Simulation-eroxfyrnurmsaraojtkexlvtomxb/Build/Intermediates.noindex/Garten_Simulation.build/Debug-iphoneos/GrovyDNSFilter.build/DerivedSources/Entitlements.plist (in target 'GrovyDNSFilter' from project 'Garten_Simulation')
    cd /Users/jannikschill/Documents/Garten-Simulation
    write-file /Users/jannikschill/Library/Developer/Xcode/DerivedData/Garten_Simulation-eroxfyrnurmsaraojtkexlvtomxb/Build/Intermediates.noindex/Garten_Simulation.build/Debug-iphoneos/GrovyDNSFilter.build/DerivedSources/Entitlements.plist

WriteAuxiliaryFile /Users/jannikschill/Library/Developer/Xcode/DerivedData/Garten_Simulation-eroxfyrnurmsaraojtkexlvtomxb/Build/Intermediates.noindex/Garten_Simulation.build/Debug-iphoneos/GartenWidgetExtension.build/Objects-normal/arm64/GartenWidgetExtension.LinkFileList (in target 'GartenWidgetExtension' from project 'Garten_Simulation')
    cd /Users/jannikschill/Documents/Garten-Simulation
    write-file /Users/jannikschill/Library/Developer/Xcode/DerivedData/Garten_Simulation-eroxfyrnurmsaraojtkexlvtomxb/Build/Intermediates.noindex/Garten_Simulation.build/Debug-iphoneos/GartenWidgetExtension.build/Objects-normal/arm64/GartenWidgetExtension.LinkFileList

WriteAuxiliaryFile /Users/jannikschill/Library/Developer/Xcode/DerivedData/Garten_Simulation-eroxfyrnurmsaraojtkexlvtomxb/Build/Intermediates.noindex/Garten_Simulation.build/Debug-iphoneos/GartenWidgetExtension.build/GartenWidgetExtension.DependencyStaticMetadataFileList (in target 'GartenWidgetExtension' from project 'Garten_Simulation')
    cd /Users/jannikschill/Documents/Garten-Simulation
    write-file /Users/jannikschill/Library/Developer/Xcode/DerivedData/Garten_Simulation-eroxfyrnurmsaraojtkexlvtomxb/Build/Intermediates.noindex/Garten_Simulation.build/Debug-iphoneos/GartenWidgetExtension.build/GartenWidgetExtension.DependencyStaticMetadataFileList

WriteAuxiliaryFile /Users/jannikschill/Library/Developer/Xcode/DerivedData/Garten_Simulation-eroxfyrnurmsaraojtkexlvtomxb/Build/Intermediates.noindex/Garten_Simulation.build/Debug-iphoneos/GartenWidgetExtension.build/GartenWidgetExtension.DependencyMetadataFileList (in target 'GartenWidgetExtension' from project 'Garten_Simulation')
    cd /Users/jannikschill/Documents/Garten-Simulation
    write-file /Users/jannikschill/Library/Developer/Xcode/DerivedData/Garten_Simulation-eroxfyrnurmsaraojtkexlvtomxb/Build/Intermediates.noindex/Garten_Simulation.build/Debug-iphoneos/GartenWidgetExtension.build/GartenWidgetExtension.DependencyMetadataFileList

WriteAuxiliaryFile /Users/jannikschill/Library/Developer/Xcode/DerivedData/Garten_Simulation-eroxfyrnurmsaraojtkexlvtomxb/Build/Intermediates.noindex/Garten_Simulation.build/Debug-iphoneos/GartenWidgetExtension.build/GartenWidgetExtension-DebugEntryPoint-normal-arm64.txt (in target 'GartenWidgetExtension' from project 'Garten_Simulation')
    cd /Users/jannikschill/Documents/Garten-Simulation
    write-file /Users/jannikschill/Library/Developer/Xcode/DerivedData/Garten_Simulation-eroxfyrnurmsaraojtkexlvtomxb/Build/Intermediates.noindex/Garten_Simulation.build/Debug-iphoneos/GartenWidgetExtension.build/GartenWidgetExtension-DebugEntryPoint-normal-arm64.txt

WriteAuxiliaryFile /Users/jannikschill/Library/Developer/Xcode/DerivedData/Garten_Simulation-eroxfyrnurmsaraojtkexlvtomxb/Build/Intermediates.noindex/Garten_Simulation.build/Debug-iphoneos/GartenWidgetExtension.build/GartenWidgetExtension-DebugDylibPath-normal-arm64.txt (in target 'GartenWidgetExtension' from project 'Garten_Simulation')
    cd /Users/jannikschill/Documents/Garten-Simulation
    write-file /Users/jannikschill/Library/Developer/Xcode/DerivedData/Garten_Simulation-eroxfyrnurmsaraojtkexlvtomxb/Build/Intermediates.noindex/Garten_Simulation.build/Debug-iphoneos/GartenWidgetExtension.build/GartenWidgetExtension-DebugDylibPath-normal-arm64.txt

WriteAuxiliaryFile /Users/jannikschill/Library/Developer/Xcode/DerivedData/Garten_Simulation-eroxfyrnurmsaraojtkexlvtomxb/Build/Intermediates.noindex/Garten_Simulation.build/Debug-iphoneos/GartenWidgetExtension.build/GartenWidgetExtension-DebugDylibInstallName-normal-arm64.txt (in target 'GartenWidgetExtension' from project 'Garten_Simulation')
    cd /Users/jannikschill/Documents/Garten-Simulation
    write-file /Users/jannikschill/Library/Developer/Xcode/DerivedData/Garten_Simulation-eroxfyrnurmsaraojtkexlvtomxb/Build/Intermediates.noindex/Garten_Simulation.build/Debug-iphoneos/GartenWidgetExtension.build/GartenWidgetExtension-DebugDylibInstallName-normal-arm64.txt

MkDir /Users/jannikschill/Library/Developer/Xcode/DerivedData/Garten_Simulation-eroxfyrnurmsaraojtkexlvtomxb/Build/Products/Debug-iphoneos/ScreenTimeMonitor.appex (in target 'ScreenTimeMonitor' from project 'Garten_Simulation')
    cd /Users/jannikschill/Documents/Garten-Simulation
    /bin/mkdir -p /Users/jannikschill/Library/Developer/Xcode/DerivedData/Garten_Simulation-eroxfyrnurmsaraojtkexlvtomxb/Build/Products/Debug-iphoneos/ScreenTimeMonitor.appex

MkDir /Users/jannikschill/Library/Developer/Xcode/DerivedData/Garten_Simulation-eroxfyrnurmsaraojtkexlvtomxb/Build/Products/Debug-iphoneos/GrovyDNSFilter.appex (in target 'GrovyDNSFilter' from project 'Garten_Simulation')
    cd /Users/jannikschill/Documents/Garten-Simulation
    /bin/mkdir -p /Users/jannikschill/Library/Developer/Xcode/DerivedData/Garten_Simulation-eroxfyrnurmsaraojtkexlvtomxb/Build/Products/Debug-iphoneos/GrovyDNSFilter.appex

MkDir /Users/jannikschill/Library/Developer/Xcode/DerivedData/Garten_Simulation-eroxfyrnurmsaraojtkexlvtomxb/Build/Products/Debug-iphoneos/GartenWidgetExtension.appex (in target 'GartenWidgetExtension' from project 'Garten_Simulation')
    cd /Users/jannikschill/Documents/Garten-Simulation
    /bin/mkdir -p /Users/jannikschill/Library/Developer/Xcode/DerivedData/Garten_Simulation-eroxfyrnurmsaraojtkexlvtomxb/Build/Products/Debug-iphoneos/GartenWidgetExtension.appex

ProcessProductPackaging /Users/jannikschill/Library/Developer/Xcode/UserData/Provisioning\ Profiles/1e8a1d2f-48fe-4ac1-8ed0-01c738b17098.mobileprovision /Users/jannikschill/Library/Developer/Xcode/DerivedData/Garten_Simulation-eroxfyrnurmsaraojtkexlvtomxb/Build/Products/Debug-iphoneos/ScreenTimeMonitor.appex/embedded.mobileprovision (in target 'ScreenTimeMonitor' from project 'Garten_Simulation')
    cd /Users/jannikschill/Documents/Garten-Simulation
    builtin-productPackagingUtility /Users/jannikschill/Library/Developer/Xcode/UserData/Provisioning\ Profiles/1e8a1d2f-48fe-4ac1-8ed0-01c738b17098.mobileprovision -o /Users/jannikschill/Library/Developer/Xcode/DerivedData/Garten_Simulation-eroxfyrnurmsaraojtkexlvtomxb/Build/Products/Debug-iphoneos/ScreenTimeMonitor.appex/embedded.mobileprovision

ProcessProductPackaging /Users/jannikschill/Documents/Garten-Simulation/ScreenTimeMonitor/ScreenTimeMonitor.entitlements /Users/jannikschill/Library/Developer/Xcode/DerivedData/Garten_Simulation-eroxfyrnurmsaraojtkexlvtomxb/Build/Intermediates.noindex/Garten_Simulation.build/Debug-iphoneos/ScreenTimeMonitor.build/ScreenTimeMonitor.appex.xcent (in target 'ScreenTimeMonitor' from project 'Garten_Simulation')
    cd /Users/jannikschill/Documents/Garten-Simulation
    
    Entitlements:
    
    {
    "application-identifier" = "R2ZRSFCKZ5.com.jannik.grovy.ScreenTimeMonitor";
    "com.apple.developer.family-controls" = 1;
    "com.apple.developer.family-controls.app-and-website-usage" = 1;
    "com.apple.developer.team-identifier" = R2ZRSFCKZ5;
    "com.apple.security.application-groups" =     (
        "group.com.jannik.grovy"
    );
    "get-task-allow" = 1;
}
    
    builtin-productPackagingUtility /Users/jannikschill/Documents/Garten-Simulation/ScreenTimeMonitor/ScreenTimeMonitor.entitlements -entitlements -format xml -o /Users/jannikschill/Library/Developer/Xcode/DerivedData/Garten_Simulation-eroxfyrnurmsaraojtkexlvtomxb/Build/Intermediates.noindex/Garten_Simulation.build/Debug-iphoneos/ScreenTimeMonitor.build/ScreenTimeMonitor.appex.xcent

ProcessProductPackaging /Users/jannikschill/Library/Developer/Xcode/UserData/Provisioning\ Profiles/d694ea78-4a1b-4320-afaf-c483373b3c39.mobileprovision /Users/jannikschill/Library/Developer/Xcode/DerivedData/Garten_Simulation-eroxfyrnurmsaraojtkexlvtomxb/Build/Products/Debug-iphoneos/GrovyDNSFilter.appex/embedded.mobileprovision (in target 'GrovyDNSFilter' from project 'Garten_Simulation')
    cd /Users/jannikschill/Documents/Garten-Simulation
    builtin-productPackagingUtility /Users/jannikschill/Library/Developer/Xcode/UserData/Provisioning\ Profiles/d694ea78-4a1b-4320-afaf-c483373b3c39.mobileprovision -o /Users/jannikschill/Library/Developer/Xcode/DerivedData/Garten_Simulation-eroxfyrnurmsaraojtkexlvtomxb/Build/Products/Debug-iphoneos/GrovyDNSFilter.appex/embedded.mobileprovision

ProcessProductPackaging /Users/jannikschill/Documents/Garten-Simulation/GrovyDNSFilter/GrovyDNSFilter.entitlements /Users/jannikschill/Library/Developer/Xcode/DerivedData/Garten_Simulation-eroxfyrnurmsaraojtkexlvtomxb/Build/Intermediates.noindex/Garten_Simulation.build/Debug-iphoneos/GrovyDNSFilter.build/GrovyDNSFilter.appex.xcent (in target 'GrovyDNSFilter' from project 'Garten_Simulation')
    cd /Users/jannikschill/Documents/Garten-Simulation
    
    Entitlements:
    
    {
    "application-identifier" = "R2ZRSFCKZ5.com.jannik.grovy.GrovyDNSFilter";
    "com.apple.developer.networking.networkextension" =     (
        "dns-proxy"
    );
    "com.apple.developer.team-identifier" = R2ZRSFCKZ5;
    "com.apple.security.application-groups" =     (
        "group.com.jannik.grovy"
    );
    "get-task-allow" = 1;
}
    
    builtin-productPackagingUtility /Users/jannikschill/Documents/Garten-Simulation/GrovyDNSFilter/GrovyDNSFilter.entitlements -entitlements -format xml -o /Users/jannikschill/Library/Developer/Xcode/DerivedData/Garten_Simulation-eroxfyrnurmsaraojtkexlvtomxb/Build/Intermediates.noindex/Garten_Simulation.build/Debug-iphoneos/GrovyDNSFilter.build/GrovyDNSFilter.appex.xcent

ProcessProductPackaging /Users/jannikschill/Library/Developer/Xcode/UserData/Provisioning\ Profiles/de06b1b1-9e40-402c-b47b-f84b9e13246c.mobileprovision /Users/jannikschill/Library/Developer/Xcode/DerivedData/Garten_Simulation-eroxfyrnurmsaraojtkexlvtomxb/Build/Products/Debug-iphoneos/GartenWidgetExtension.appex/embedded.mobileprovision (in target 'GartenWidgetExtension' from project 'Garten_Simulation')
    cd /Users/jannikschill/Documents/Garten-Simulation
    builtin-productPackagingUtility /Users/jannikschill/Library/Developer/Xcode/UserData/Provisioning\ Profiles/de06b1b1-9e40-402c-b47b-f84b9e13246c.mobileprovision -o /Users/jannikschill/Library/Developer/Xcode/DerivedData/Garten_Simulation-eroxfyrnurmsaraojtkexlvtomxb/Build/Products/Debug-iphoneos/GartenWidgetExtension.appex/embedded.mobileprovision

ProcessProductPackaging /Users/jannikschill/Documents/Garten-Simulation/GartenWidgetExtension.entitlements /Users/jannikschill/Library/Developer/Xcode/DerivedData/Garten_Simulation-eroxfyrnurmsaraojtkexlvtomxb/Build/Intermediates.noindex/Garten_Simulation.build/Debug-iphoneos/GartenWidgetExtension.build/GartenWidgetExtension.appex.xcent (in target 'GartenWidgetExtension' from project 'Garten_Simulation')
    cd /Users/jannikschill/Documents/Garten-Simulation
    
    Entitlements:
    
    {
    "application-identifier" = "R2ZRSFCKZ5.com.jannik.grovy.GartenWidget";
    "com.apple.developer.team-identifier" = R2ZRSFCKZ5;
    "com.apple.security.application-groups" =     (
        "group.com.jannik.grovy"
    );
    "get-task-allow" = 1;
}
    
    builtin-productPackagingUtility /Users/jannikschill/Documents/Garten-Simulation/GartenWidgetExtension.entitlements -entitlements -format xml -o /Users/jannikschill/Library/Developer/Xcode/DerivedData/Garten_Simulation-eroxfyrnurmsaraojtkexlvtomxb/Build/Intermediates.noindex/Garten_Simulation.build/Debug-iphoneos/GartenWidgetExtension.build/GartenWidgetExtension.appex.xcent

ProcessProductPackagingDER /Users/jannikschill/Library/Developer/Xcode/DerivedData/Garten_Simulation-eroxfyrnurmsaraojtkexlvtomxb/Build/Intermediates.noindex/Garten_Simulation.build/Debug-iphoneos/ScreenTimeMonitor.build/ScreenTimeMonitor.appex.xcent /Users/jannikschill/Library/Developer/Xcode/DerivedData/Garten_Simulation-eroxfyrnurmsaraojtkexlvtomxb/Build/Intermediates.noindex/Garten_Simulation.build/Debug-iphoneos/ScreenTimeMonitor.build/ScreenTimeMonitor.appex.xcent.der (in target 'ScreenTimeMonitor' from project 'Garten_Simulation')
    cd /Users/jannikschill/Documents/Garten-Simulation
    /usr/bin/derq query -f xml -i /Users/jannikschill/Library/Developer/Xcode/DerivedData/Garten_Simulation-eroxfyrnurmsaraojtkexlvtomxb/Build/Intermediates.noindex/Garten_Simulation.build/Debug-iphoneos/ScreenTimeMonitor.build/ScreenTimeMonitor.appex.xcent -o /Users/jannikschill/Library/Developer/Xcode/DerivedData/Garten_Simulation-eroxfyrnurmsaraojtkexlvtomxb/Build/Intermediates.noindex/Garten_Simulation.build/Debug-iphoneos/ScreenTimeMonitor.build/ScreenTimeMonitor.appex.xcent.der --raw

ProcessProductPackagingDER /Users/jannikschill/Library/Developer/Xcode/DerivedData/Garten_Simulation-eroxfyrnurmsaraojtkexlvtomxb/Build/Intermediates.noindex/Garten_Simulation.build/Debug-iphoneos/GrovyDNSFilter.build/GrovyDNSFilter.appex.xcent /Users/jannikschill/Library/Developer/Xcode/DerivedData/Garten_Simulation-eroxfyrnurmsaraojtkexlvtomxb/Build/Intermediates.noindex/Garten_Simulation.build/Debug-iphoneos/GrovyDNSFilter.build/GrovyDNSFilter.appex.xcent.der (in target 'GrovyDNSFilter' from project 'Garten_Simulation')
    cd /Users/jannikschill/Documents/Garten-Simulation
    /usr/bin/derq query -f xml -i /Users/jannikschill/Library/Developer/Xcode/DerivedData/Garten_Simulation-eroxfyrnurmsaraojtkexlvtomxb/Build/Intermediates.noindex/Garten_Simulation.build/Debug-iphoneos/GrovyDNSFilter.build/GrovyDNSFilter.appex.xcent -o /Users/jannikschill/Library/Developer/Xcode/DerivedData/Garten_Simulation-eroxfyrnurmsaraojtkexlvtomxb/Build/Intermediates.noindex/Garten_Simulation.build/Debug-iphoneos/GrovyDNSFilter.build/GrovyDNSFilter.appex.xcent.der --raw

ProcessProductPackagingDER /Users/jannikschill/Library/Developer/Xcode/DerivedData/Garten_Simulation-eroxfyrnurmsaraojtkexlvtomxb/Build/Intermediates.noindex/Garten_Simulation.build/Debug-iphoneos/GartenWidgetExtension.build/GartenWidgetExtension.appex.xcent /Users/jannikschill/Library/Developer/Xcode/DerivedData/Garten_Simulation-eroxfyrnurmsaraojtkexlvtomxb/Build/Intermediates.noindex/Garten_Simulation.build/Debug-iphoneos/GartenWidgetExtension.build/GartenWidgetExtension.appex.xcent.der (in target 'GartenWidgetExtension' from project 'Garten_Simulation')
    cd /Users/jannikschill/Documents/Garten-Simulation
    /usr/bin/derq query -f xml -i /Users/jannikschill/Library/Developer/Xcode/DerivedData/Garten_Simulation-eroxfyrnurmsaraojtkexlvtomxb/Build/Intermediates.noindex/Garten_Simulation.build/Debug-iphoneos/GartenWidgetExtension.build/GartenWidgetExtension.appex.xcent -o /Users/jannikschill/Library/Developer/Xcode/DerivedData/Garten_Simulation-eroxfyrnurmsaraojtkexlvtomxb/Build/Intermediates.noindex/Garten_Simulation.build/Debug-iphoneos/GartenWidgetExtension.build/GartenWidgetExtension.appex.xcent.der --raw

ProcessXCFramework /Users/jannikschill/Library/Developer/Xcode/DerivedData/Garten_Simulation-eroxfyrnurmsaraojtkexlvtomxb/SourcePackages/checkouts/dotlottie-ios/Sources/DotLottieCore/DotLottiePlayer.xcframework /Users/jannikschill/Library/Developer/Xcode/DerivedData/Garten_Simulation-eroxfyrnurmsaraojtkexlvtomxb/Build/Products/Debug-iphoneos/DotLottiePlayer.framework ios
    cd /Users/jannikschill/Documents/Garten-Simulation/Garten_Simulation.xcodeproj
    builtin-process-xcframework --xcframework /Users/jannikschill/Library/Developer/Xcode/DerivedData/Garten_Simulation-eroxfyrnurmsaraojtkexlvtomxb/SourcePackages/checkouts/dotlottie-ios/Sources/DotLottieCore/DotLottiePlayer.xcframework --platform ios --target-path /Users/jannikschill/Library/Developer/Xcode/DerivedData/Garten_Simulation-eroxfyrnurmsaraojtkexlvtomxb/Build/Products/Debug-iphoneos
/Users/jannikschill/Library/Developer/Xcode/DerivedData/Garten_Simulation-eroxfyrnurmsaraojtkexlvtomxb/SourcePackages/checkouts/dotlottie-ios/Sources/DotLottieCore/DotLottiePlayer.xcframework:1:1: note: The identity of “DotLottiePlayer.xcframework” is not recorded in your project.

ProcessXCFramework /Users/jannikschill/Library/Developer/Xcode/DerivedData/Garten_Simulation-eroxfyrnurmsaraojtkexlvtomxb/SourcePackages/artifacts/rive-ios/RiveRuntime/RiveRuntime.xcframework /Users/jannikschill/Library/Developer/Xcode/DerivedData/Garten_Simulation-eroxfyrnurmsaraojtkexlvtomxb/Build/Products/Debug-iphoneos/RiveRuntime.framework ios
    cd /Users/jannikschill/Documents/Garten-Simulation/Garten_Simulation.xcodeproj
    builtin-process-xcframework --xcframework /Users/jannikschill/Library/Developer/Xcode/DerivedData/Garten_Simulation-eroxfyrnurmsaraojtkexlvtomxb/SourcePackages/artifacts/rive-ios/RiveRuntime/RiveRuntime.xcframework --platform ios --target-path /Users/jannikschill/Library/Developer/Xcode/DerivedData/Garten_Simulation-eroxfyrnurmsaraojtkexlvtomxb/Build/Products/Debug-iphoneos

Ld /Users/jannikschill/Library/Developer/Xcode/DerivedData/Garten_Simulation-eroxfyrnurmsaraojtkexlvtomxb/Build/Products/Debug-iphoneos/ScreenTimeMonitor.appex/__preview.dylib normal (in target 'ScreenTimeMonitor' from project 'Garten_Simulation')
    cd /Users/jannikschill/Documents/Garten-Simulation
    /Applications/Xcode.app/Contents/Developer/Toolchains/XcodeDefault.xctoolchain/usr/bin/clang -Xlinker -reproducible -target arm64-apple-ios17.0 -dynamiclib -isysroot /Applications/Xcode.app/Contents/Developer/Platforms/iPhoneOS.platform/Developer/SDKs/iPhoneOS26.5.sdk -O0 -L/Users/jannikschill/Library/Developer/Xcode/DerivedData/Garten_Simulation-eroxfyrnurmsaraojtkexlvtomxb/Build/Products/Debug-iphoneos -F/Users/jannikschill/Library/Developer/Xcode/DerivedData/Garten_Simulation-eroxfyrnurmsaraojtkexlvtomxb/Build/Products/Debug-iphoneos -install_name @rpath/ScreenTimeMonitor.debug.dylib -Xlinker -dead_strip -rdynamic -Xlinker -no_deduplicate -Xlinker -dependency_info -Xlinker /Users/jannikschill/Library/Developer/Xcode/DerivedData/Garten_Simulation-eroxfyrnurmsaraojtkexlvtomxb/Build/Intermediates.noindex/Garten_Simulation.build/Debug-iphoneos/ScreenTimeMonitor.build/Objects-normal/arm64/ScreenTimeMonitor_dependency_info.dat -Xlinker -no_adhoc_codesign -o /Users/jannikschill/Library/Developer/Xcode/DerivedData/Garten_Simulation-eroxfyrnurmsaraojtkexlvtomxb/Build/Products/Debug-iphoneos/ScreenTimeMonitor.appex/__preview.dylib

ProcessInfoPlistFile /Users/jannikschill/Library/Developer/Xcode/DerivedData/Garten_Simulation-eroxfyrnurmsaraojtkexlvtomxb/Build/Products/Debug-iphoneos/ScreenTimeMonitor.appex/Info.plist /Users/jannikschill/Documents/Garten-Simulation/ScreenTimeMonitor/Info.plist (in target 'ScreenTimeMonitor' from project 'Garten_Simulation')
    cd /Users/jannikschill/Documents/Garten-Simulation
    builtin-infoPlistUtility /Users/jannikschill/Documents/Garten-Simulation/ScreenTimeMonitor/Info.plist -producttype com.apple.product-type.app-extension -expandbuildsettings -format binary -platform iphoneos -requiredArchitecture arm64 -o /Users/jannikschill/Library/Developer/Xcode/DerivedData/Garten_Simulation-eroxfyrnurmsaraojtkexlvtomxb/Build/Products/Debug-iphoneos/ScreenTimeMonitor.appex/Info.plist

ProcessInfoPlistFile /Users/jannikschill/Library/Developer/Xcode/DerivedData/Garten_Simulation-eroxfyrnurmsaraojtkexlvtomxb/Build/Products/Debug-iphoneos/GrovyDNSFilter.appex/Info.plist /Users/jannikschill/Documents/Garten-Simulation/GrovyDNSFilter/Info.plist (in target 'GrovyDNSFilter' from project 'Garten_Simulation')
    cd /Users/jannikschill/Documents/Garten-Simulation
    builtin-infoPlistUtility /Users/jannikschill/Documents/Garten-Simulation/GrovyDNSFilter/Info.plist -producttype com.apple.product-type.app-extension -expandbuildsettings -format binary -platform iphoneos -requiredArchitecture arm64 -o /Users/jannikschill/Library/Developer/Xcode/DerivedData/Garten_Simulation-eroxfyrnurmsaraojtkexlvtomxb/Build/Products/Debug-iphoneos/GrovyDNSFilter.appex/Info.plist

Ld /Users/jannikschill/Library/Developer/Xcode/DerivedData/Garten_Simulation-eroxfyrnurmsaraojtkexlvtomxb/Build/Products/Debug-iphoneos/GrovyDNSFilter.appex/__preview.dylib normal (in target 'GrovyDNSFilter' from project 'Garten_Simulation')
    cd /Users/jannikschill/Documents/Garten-Simulation
    /Applications/Xcode.app/Contents/Developer/Toolchains/XcodeDefault.xctoolchain/usr/bin/clang -Xlinker -reproducible -target arm64-apple-ios17.0 -dynamiclib -isysroot /Applications/Xcode.app/Contents/Developer/Platforms/iPhoneOS.platform/Developer/SDKs/iPhoneOS26.5.sdk -O0 -L/Users/jannikschill/Library/Developer/Xcode/DerivedData/Garten_Simulation-eroxfyrnurmsaraojtkexlvtomxb/Build/Products/Debug-iphoneos -F/Users/jannikschill/Library/Developer/Xcode/DerivedData/Garten_Simulation-eroxfyrnurmsaraojtkexlvtomxb/Build/Products/Debug-iphoneos -install_name @rpath/GrovyDNSFilter.debug.dylib -Xlinker -dead_strip -rdynamic -Xlinker -no_deduplicate -Xlinker -dependency_info -Xlinker /Users/jannikschill/Library/Developer/Xcode/DerivedData/Garten_Simulation-eroxfyrnurmsaraojtkexlvtomxb/Build/Intermediates.noindex/Garten_Simulation.build/Debug-iphoneos/GrovyDNSFilter.build/Objects-normal/arm64/GrovyDNSFilter_dependency_info.dat -Xlinker -no_adhoc_codesign -o /Users/jannikschill/Library/Developer/Xcode/DerivedData/Garten_Simulation-eroxfyrnurmsaraojtkexlvtomxb/Build/Products/Debug-iphoneos/GrovyDNSFilter.appex/__preview.dylib

Ld /Users/jannikschill/Library/Developer/Xcode/DerivedData/Garten_Simulation-eroxfyrnurmsaraojtkexlvtomxb/Build/Products/Debug-iphoneos/GartenWidgetExtension.appex/__preview.dylib normal (in target 'GartenWidgetExtension' from project 'Garten_Simulation')
    cd /Users/jannikschill/Documents/Garten-Simulation
    /Applications/Xcode.app/Contents/Developer/Toolchains/XcodeDefault.xctoolchain/usr/bin/clang -Xlinker -reproducible -target arm64-apple-ios17.0 -dynamiclib -isysroot /Applications/Xcode.app/Contents/Developer/Platforms/iPhoneOS.platform/Developer/SDKs/iPhoneOS26.5.sdk -O0 -L/Users/jannikschill/Library/Developer/Xcode/DerivedData/Garten_Simulation-eroxfyrnurmsaraojtkexlvtomxb/Build/Products/Debug-iphoneos -F/Users/jannikschill/Library/Developer/Xcode/DerivedData/Garten_Simulation-eroxfyrnurmsaraojtkexlvtomxb/Build/Products/Debug-iphoneos -install_name @rpath/GartenWidgetExtension.debug.dylib -Xlinker -dead_strip -rdynamic -Xlinker -no_deduplicate -Xlinker -dependency_info -Xlinker /Users/jannikschill/Library/Developer/Xcode/DerivedData/Garten_Simulation-eroxfyrnurmsaraojtkexlvtomxb/Build/Intermediates.noindex/Garten_Simulation.build/Debug-iphoneos/GartenWidgetExtension.build/Objects-normal/arm64/GartenWidgetExtension_dependency_info.dat -Xlinker -no_adhoc_codesign -o /Users/jannikschill/Library/Developer/Xcode/DerivedData/Garten_Simulation-eroxfyrnurmsaraojtkexlvtomxb/Build/Products/Debug-iphoneos/GartenWidgetExtension.appex/__preview.dylib

ProcessInfoPlistFile /Users/jannikschill/Library/Developer/Xcode/DerivedData/Garten_Simulation-eroxfyrnurmsaraojtkexlvtomxb/Build/Products/Debug-iphoneos/GartenWidgetExtension.appex/Info.plist /Users/jannikschill/Documents/Garten-Simulation/GartenWidget/Info.plist (in target 'GartenWidgetExtension' from project 'Garten_Simulation')
    cd /Users/jannikschill/Documents/Garten-Simulation
    builtin-infoPlistUtility /Users/jannikschill/Documents/Garten-Simulation/GartenWidget/Info.plist -producttype com.apple.product-type.app-extension -expandbuildsettings -format binary -platform iphoneos -requiredArchitecture arm64 -o /Users/jannikschill/Library/Developer/Xcode/DerivedData/Garten_Simulation-eroxfyrnurmsaraojtkexlvtomxb/Build/Products/Debug-iphoneos/GartenWidgetExtension.appex/Info.plist

GenerateStringSymbols /Users/jannikschill/Library/Developer/Xcode/DerivedData/Garten_Simulation-eroxfyrnurmsaraojtkexlvtomxb/Build/Intermediates.noindex/Garten_Simulation.build/Debug-iphoneos/GartenWidgetExtension.build/DerivedSources/GeneratedStringSymbols_Localizable.swift /Users/jannikschill/Documents/Garten-Simulation/Garten_Simulation/Localizable.xcstrings (in target 'GartenWidgetExtension' from project 'Garten_Simulation')
    cd /Users/jannikschill/Documents/Garten-Simulation
    /Applications/Xcode.app/Contents/Developer/usr/bin/xcstringstool generate-symbols --language swift --output-directory /Users/jannikschill/Library/Developer/Xcode/DerivedData/Garten_Simulation-eroxfyrnurmsaraojtkexlvtomxb/Build/Intermediates.noindex/Garten_Simulation.build/Debug-iphoneos/GartenWidgetExtension.build/DerivedSources /Users/jannikschill/Documents/Garten-Simulation/Garten_Simulation/Localizable.xcstrings

CompileXCStrings /Users/jannikschill/Library/Developer/Xcode/DerivedData/Garten_Simulation-eroxfyrnurmsaraojtkexlvtomxb/Build/Intermediates.noindex/Garten_Simulation.build/Debug-iphoneos/GartenWidgetExtension.build/ /Users/jannikschill/Documents/Garten-Simulation/Garten_Simulation/Localizable.xcstrings (in target 'GartenWidgetExtension' from project 'Garten_Simulation')
    cd /Users/jannikschill/Documents/Garten-Simulation
    /Applications/Xcode.app/Contents/Developer/usr/bin/xcstringstool compile --output-directory /Users/jannikschill/Library/Developer/Xcode/DerivedData/Garten_Simulation-eroxfyrnurmsaraojtkexlvtomxb/Build/Intermediates.noindex/Garten_Simulation.build/Debug-iphoneos/GartenWidgetExtension.build /Users/jannikschill/Documents/Garten-Simulation/Garten_Simulation/Localizable.xcstrings

SwiftDriver ScreenTimeMonitor normal arm64 com.apple.xcode.tools.swift.compiler (in target 'ScreenTimeMonitor' from project 'Garten_Simulation')
    cd /Users/jannikschill/Documents/Garten-Simulation
    builtin-SwiftDriver -- /Applications/Xcode.app/Contents/Developer/Toolchains/XcodeDefault.xctoolchain/usr/bin/swiftc -module-name ScreenTimeMonitor -Onone @/Users/jannikschill/Library/Developer/Xcode/DerivedData/Garten_Simulation-eroxfyrnurmsaraojtkexlvtomxb/Build/Intermediates.noindex/Garten_Simulation.build/Debug-iphoneos/ScreenTimeMonitor.build/Objects-normal/arm64/ScreenTimeMonitor.SwiftFileList -DDEBUG -enable-bare-slash-regex -enable-upcoming-feature DisableOutwardActorInference -enable-upcoming-feature InferSendableFromCaptures -enable-upcoming-feature GlobalActorIsolatedTypesUsability -enable-upcoming-feature MemberImportVisibility -enable-upcoming-feature InferIsolatedConformances -enable-upcoming-feature NonisolatedNonsendingByDefault -enable-experimental-feature DebugDescriptionMacro -sdk /Applications/Xcode.app/Contents/Developer/Platforms/iPhoneOS.platform/Developer/SDKs/iPhoneOS26.5.sdk -target arm64-apple-ios17.0 -g -module-cache-path /Users/jannikschill/Library/Developer/Xcode/DerivedData/ModuleCache.noindex -Xfrontend -serialize-debugging-options -application-extension -enable-testing -index-store-path /Users/jannikschill/Library/Developer/Xcode/DerivedData/Garten_Simulation-eroxfyrnurmsaraojtkexlvtomxb/Index.noindex/DataStore -Xcc -D_LIBCPP_HARDENING_MODE\=_LIBCPP_HARDENING_MODE_DEBUG -swift-version 5 -I /Users/jannikschill/Library/Developer/Xcode/DerivedData/Garten_Simulation-eroxfyrnurmsaraojtkexlvtomxb/Build/Products/Debug-iphoneos -F /Users/jannikschill/Library/Developer/Xcode/DerivedData/Garten_Simulation-eroxfyrnurmsaraojtkexlvtomxb/Build/Products/Debug-iphoneos -parse-as-library -emit-localized-strings -emit-localized-strings-path /Users/jannikschill/Library/Developer/Xcode/DerivedData/Garten_Simulation-eroxfyrnurmsaraojtkexlvtomxb/Build/Intermediates.noindex/Garten_Simulation.build/Debug-iphoneos/ScreenTimeMonitor.build/Objects-normal/arm64 -c -j12 -enable-batch-mode -incremental -Xcc -ivfsstatcache -Xcc /Users/jannikschill/Library/Developer/Xcode/DerivedData/SDKStatCaches.noindex/iphoneos26.5-23F81a-688ef53f1462e2c8f657fdc38a81448f32daed1954a7d5dd0789fcaf2a9bb78b.sdkstatcache -output-file-map /Users/jannikschill/Library/Developer/Xcode/DerivedData/Garten_Simulation-eroxfyrnurmsaraojtkexlvtomxb/Build/Intermediates.noindex/Garten_Simulation.build/Debug-iphoneos/ScreenTimeMonitor.build/Objects-normal/arm64/ScreenTimeMonitor-OutputFileMap.json -use-frontend-parseable-output -save-temps -no-color-diagnostics -explicit-module-build -module-cache-path /Users/jannikschill/Library/Developer/Xcode/DerivedData/Garten_Simulation-eroxfyrnurmsaraojtkexlvtomxb/Build/Intermediates.noindex/SwiftExplicitPrecompiledModules -clang-scanner-module-cache-path /Users/jannikschill/Library/Developer/Xcode/DerivedData/ModuleCache.noindex -sdk-module-cache-path /Users/jannikschill/Library/Developer/Xcode/DerivedData/ModuleCache.noindex -serialize-diagnostics -emit-dependencies -emit-module -emit-module-path /Users/jannikschill/Library/Developer/Xcode/DerivedData/Garten_Simulation-eroxfyrnurmsaraojtkexlvtomxb/Build/Intermediates.noindex/Garten_Simulation.build/Debug-iphoneos/ScreenTimeMonitor.build/Objects-normal/arm64/ScreenTimeMonitor.swiftmodule -validate-clang-modules-once -clang-build-session-file /Users/jannikschill/Library/Developer/Xcode/DerivedData/ModuleCache.noindex/Session.modulevalidation -Xcc -I/Users/jannikschill/Library/Developer/Xcode/DerivedData/Garten_Simulation-eroxfyrnurmsaraojtkexlvtomxb/Build/Intermediates.noindex/Garten_Simulation.build/Debug-iphoneos/ScreenTimeMonitor.build/swift-overrides.hmap -emit-const-values -Xfrontend -const-gather-protocols-file -Xfrontend /Users/jannikschill/Library/Developer/Xcode/DerivedData/Garten_Simulation-eroxfyrnurmsaraojtkexlvtomxb/Build/Intermediates.noindex/Garten_Simulation.build/Debug-iphoneos/ScreenTimeMonitor.build/Objects-normal/arm64/ScreenTimeMonitor_const_extract_protocols.json -Xcc -iquote -Xcc /Users/jannikschill/Library/Developer/Xcode/DerivedData/Garten_Simulation-eroxfyrnurmsaraojtkexlvtomxb/Build/Intermediates.noindex/Garten_Simulation.build/Debug-iphoneos/ScreenTimeMonitor.build/ScreenTimeMonitor-generated-files.hmap -Xcc -I/Users/jannikschill/Library/Developer/Xcode/DerivedData/Garten_Simulation-eroxfyrnurmsaraojtkexlvtomxb/Build/Intermediates.noindex/Garten_Simulation.build/Debug-iphoneos/ScreenTimeMonitor.build/ScreenTimeMonitor-own-target-headers.hmap -Xcc -I/Users/jannikschill/Library/Developer/Xcode/DerivedData/Garten_Simulation-eroxfyrnurmsaraojtkexlvtomxb/Build/Intermediates.noindex/Garten_Simulation.build/Debug-iphoneos/ScreenTimeMonitor.build/ScreenTimeMonitor-all-non-framework-target-headers.hmap -Xcc -ivfsoverlay -Xcc /Users/jannikschill/Library/Developer/Xcode/DerivedData/Garten_Simulation-eroxfyrnurmsaraojtkexlvtomxb/Build/Intermediates.noindex/Garten_Simulation.build/Debug-iphoneos/Garten_Simulation-49394399678d88b76108bd64d45cffb0-VFS-iphoneos/all-product-headers.yaml -Xcc -iquote -Xcc /Users/jannikschill/Library/Developer/Xcode/DerivedData/Garten_Simulation-eroxfyrnurmsaraojtkexlvtomxb/Build/Intermediates.noindex/Garten_Simulation.build/Debug-iphoneos/ScreenTimeMonitor.build/ScreenTimeMonitor-project-headers.hmap -Xcc -I/Users/jannikschill/Library/Developer/Xcode/DerivedData/Garten_Simulation-eroxfyrnurmsaraojtkexlvtomxb/Build/Products/Debug-iphoneos/include -Xcc -I/Users/jannikschill/Library/Developer/Xcode/DerivedData/Garten_Simulation-eroxfyrnurmsaraojtkexlvtomxb/Build/Intermediates.noindex/Garten_Simulation.build/Debug-iphoneos/ScreenTimeMonitor.build/DerivedSources-normal/arm64 -Xcc -I/Users/jannikschill/Library/Developer/Xcode/DerivedData/Garten_Simulation-eroxfyrnurmsaraojtkexlvtomxb/Build/Intermediates.noindex/Garten_Simulation.build/Debug-iphoneos/ScreenTimeMonitor.build/DerivedSources/arm64 -Xcc -I/Users/jannikschill/Library/Developer/Xcode/DerivedData/Garten_Simulation-eroxfyrnurmsaraojtkexlvtomxb/Build/Intermediates.noindex/Garten_Simulation.build/Debug-iphoneos/ScreenTimeMonitor.build/DerivedSources -Xcc -DDEBUG\=1 -emit-objc-header -emit-objc-header-path /Users/jannikschill/Library/Developer/Xcode/DerivedData/Garten_Simulation-eroxfyrnurmsaraojtkexlvtomxb/Build/Intermediates.noindex/Garten_Simulation.build/Debug-iphoneos/ScreenTimeMonitor.build/Objects-normal/arm64/ScreenTimeMonitor-Swift.h -working-directory /Users/jannikschill/Documents/Garten-Simulation -experimental-emit-module-separately -disable-cmo

SwiftDriver GrovyDNSFilter normal arm64 com.apple.xcode.tools.swift.compiler (in target 'GrovyDNSFilter' from project 'Garten_Simulation')
    cd /Users/jannikschill/Documents/Garten-Simulation
    builtin-SwiftDriver -- /Applications/Xcode.app/Contents/Developer/Toolchains/XcodeDefault.xctoolchain/usr/bin/swiftc -module-name GrovyDNSFilter -Onone @/Users/jannikschill/Library/Developer/Xcode/DerivedData/Garten_Simulation-eroxfyrnurmsaraojtkexlvtomxb/Build/Intermediates.noindex/Garten_Simulation.build/Debug-iphoneos/GrovyDNSFilter.build/Objects-normal/arm64/GrovyDNSFilter.SwiftFileList -DDEBUG -enable-bare-slash-regex -enable-upcoming-feature DisableOutwardActorInference -enable-upcoming-feature InferSendableFromCaptures -enable-upcoming-feature GlobalActorIsolatedTypesUsability -enable-upcoming-feature MemberImportVisibility -enable-upcoming-feature InferIsolatedConformances -enable-upcoming-feature NonisolatedNonsendingByDefault -enable-experimental-feature DebugDescriptionMacro -sdk /Applications/Xcode.app/Contents/Developer/Platforms/iPhoneOS.platform/Developer/SDKs/iPhoneOS26.5.sdk -target arm64-apple-ios17.0 -g -module-cache-path /Users/jannikschill/Library/Developer/Xcode/DerivedData/ModuleCache.noindex -Xfrontend -serialize-debugging-options -application-extension -enable-testing -index-store-path /Users/jannikschill/Library/Developer/Xcode/DerivedData/Garten_Simulation-eroxfyrnurmsaraojtkexlvtomxb/Index.noindex/DataStore -Xcc -D_LIBCPP_HARDENING_MODE\=_LIBCPP_HARDENING_MODE_DEBUG -swift-version 5 -I /Users/jannikschill/Library/Developer/Xcode/DerivedData/Garten_Simulation-eroxfyrnurmsaraojtkexlvtomxb/Build/Products/Debug-iphoneos -F /Users/jannikschill/Library/Developer/Xcode/DerivedData/Garten_Simulation-eroxfyrnurmsaraojtkexlvtomxb/Build/Products/Debug-iphoneos -parse-as-library -emit-localized-strings -emit-localized-strings-path /Users/jannikschill/Library/Developer/Xcode/DerivedData/Garten_Simulation-eroxfyrnurmsaraojtkexlvtomxb/Build/Intermediates.noindex/Garten_Simulation.build/Debug-iphoneos/GrovyDNSFilter.build/Objects-normal/arm64 -c -j12 -enable-batch-mode -incremental -Xcc -ivfsstatcache -Xcc /Users/jannikschill/Library/Developer/Xcode/DerivedData/SDKStatCaches.noindex/iphoneos26.5-23F81a-688ef53f1462e2c8f657fdc38a81448f32daed1954a7d5dd0789fcaf2a9bb78b.sdkstatcache -output-file-map /Users/jannikschill/Library/Developer/Xcode/DerivedData/Garten_Simulation-eroxfyrnurmsaraojtkexlvtomxb/Build/Intermediates.noindex/Garten_Simulation.build/Debug-iphoneos/GrovyDNSFilter.build/Objects-normal/arm64/GrovyDNSFilter-OutputFileMap.json -use-frontend-parseable-output -save-temps -no-color-diagnostics -explicit-module-build -module-cache-path /Users/jannikschill/Library/Developer/Xcode/DerivedData/Garten_Simulation-eroxfyrnurmsaraojtkexlvtomxb/Build/Intermediates.noindex/SwiftExplicitPrecompiledModules -clang-scanner-module-cache-path /Users/jannikschill/Library/Developer/Xcode/DerivedData/ModuleCache.noindex -sdk-module-cache-path /Users/jannikschill/Library/Developer/Xcode/DerivedData/ModuleCache.noindex -serialize-diagnostics -emit-dependencies -emit-module -emit-module-path /Users/jannikschill/Library/Developer/Xcode/DerivedData/Garten_Simulation-eroxfyrnurmsaraojtkexlvtomxb/Build/Intermediates.noindex/Garten_Simulation.build/Debug-iphoneos/GrovyDNSFilter.build/Objects-normal/arm64/GrovyDNSFilter.swiftmodule -validate-clang-modules-once -clang-build-session-file /Users/jannikschill/Library/Developer/Xcode/DerivedData/ModuleCache.noindex/Session.modulevalidation -Xcc -I/Users/jannikschill/Library/Developer/Xcode/DerivedData/Garten_Simulation-eroxfyrnurmsaraojtkexlvtomxb/Build/Intermediates.noindex/Garten_Simulation.build/Debug-iphoneos/GrovyDNSFilter.build/swift-overrides.hmap -emit-const-values -Xfrontend -const-gather-protocols-file -Xfrontend /Users/jannikschill/Library/Developer/Xcode/DerivedData/Garten_Simulation-eroxfyrnurmsaraojtkexlvtomxb/Build/Intermediates.noindex/Garten_Simulation.build/Debug-iphoneos/GrovyDNSFilter.build/Objects-normal/arm64/GrovyDNSFilter_const_extract_protocols.json -Xcc -iquote -Xcc /Users/jannikschill/Library/Developer/Xcode/DerivedData/Garten_Simulation-eroxfyrnurmsaraojtkexlvtomxb/Build/Intermediates.noindex/Garten_Simulation.build/Debug-iphoneos/GrovyDNSFilter.build/GrovyDNSFilter-generated-files.hmap -Xcc -I/Users/jannikschill/Library/Developer/Xcode/DerivedData/Garten_Simulation-eroxfyrnurmsaraojtkexlvtomxb/Build/Intermediates.noindex/Garten_Simulation.build/Debug-iphoneos/GrovyDNSFilter.build/GrovyDNSFilter-own-target-headers.hmap -Xcc -I/Users/jannikschill/Library/Developer/Xcode/DerivedData/Garten_Simulation-eroxfyrnurmsaraojtkexlvtomxb/Build/Intermediates.noindex/Garten_Simulation.build/Debug-iphoneos/GrovyDNSFilter.build/GrovyDNSFilter-all-non-framework-target-headers.hmap -Xcc -ivfsoverlay -Xcc /Users/jannikschill/Library/Developer/Xcode/DerivedData/Garten_Simulation-eroxfyrnurmsaraojtkexlvtomxb/Build/Intermediates.noindex/Garten_Simulation.build/Debug-iphoneos/Garten_Simulation-49394399678d88b76108bd64d45cffb0-VFS-iphoneos/all-product-headers.yaml -Xcc -iquote -Xcc /Users/jannikschill/Library/Developer/Xcode/DerivedData/Garten_Simulation-eroxfyrnurmsaraojtkexlvtomxb/Build/Intermediates.noindex/Garten_Simulation.build/Debug-iphoneos/GrovyDNSFilter.build/GrovyDNSFilter-project-headers.hmap -Xcc -I/Users/jannikschill/Library/Developer/Xcode/DerivedData/Garten_Simulation-eroxfyrnurmsaraojtkexlvtomxb/Build/Products/Debug-iphoneos/include -Xcc -I/Users/jannikschill/Library/Developer/Xcode/DerivedData/Garten_Simulation-eroxfyrnurmsaraojtkexlvtomxb/Build/Intermediates.noindex/Garten_Simulation.build/Debug-iphoneos/GrovyDNSFilter.build/DerivedSources-normal/arm64 -Xcc -I/Users/jannikschill/Library/Developer/Xcode/DerivedData/Garten_Simulation-eroxfyrnurmsaraojtkexlvtomxb/Build/Intermediates.noindex/Garten_Simulation.build/Debug-iphoneos/GrovyDNSFilter.build/DerivedSources/arm64 -Xcc -I/Users/jannikschill/Library/Developer/Xcode/DerivedData/Garten_Simulation-eroxfyrnurmsaraojtkexlvtomxb/Build/Intermediates.noindex/Garten_Simulation.build/Debug-iphoneos/GrovyDNSFilter.build/DerivedSources -Xcc -DDEBUG\=1 -emit-objc-header -emit-objc-header-path /Users/jannikschill/Library/Developer/Xcode/DerivedData/Garten_Simulation-eroxfyrnurmsaraojtkexlvtomxb/Build/Intermediates.noindex/Garten_Simulation.build/Debug-iphoneos/GrovyDNSFilter.build/Objects-normal/arm64/GrovyDNSFilter-Swift.h -working-directory /Users/jannikschill/Documents/Garten-Simulation -experimental-emit-module-separately -disable-cmo

WriteAuxiliaryFile /Users/jannikschill/Library/Developer/Xcode/DerivedData/Garten_Simulation-eroxfyrnurmsaraojtkexlvtomxb/Build/Intermediates.noindex/DotLottie.build/Debug-iphoneos/DotLottie.build/DotLottie.modulemap (in target 'DotLottie' from project 'DotLottie')
    cd /Users/jannikschill/Library/Developer/Xcode/DerivedData/Garten_Simulation-eroxfyrnurmsaraojtkexlvtomxb/SourcePackages/checkouts/dotlottie-ios
    write-file /Users/jannikschill/Library/Developer/Xcode/DerivedData/Garten_Simulation-eroxfyrnurmsaraojtkexlvtomxb/Build/Intermediates.noindex/DotLottie.build/Debug-iphoneos/DotLottie.build/DotLottie.modulemap

WriteAuxiliaryFile /Users/jannikschill/Library/Developer/Xcode/DerivedData/Garten_Simulation-eroxfyrnurmsaraojtkexlvtomxb/Build/Intermediates.noindex/DotLottie.build/Debug-iphoneos/DotLottie.build/Objects-normal/arm64/DotLottie.LinkFileList (in target 'DotLottie' from project 'DotLottie')
    cd /Users/jannikschill/Library/Developer/Xcode/DerivedData/Garten_Simulation-eroxfyrnurmsaraojtkexlvtomxb/SourcePackages/checkouts/dotlottie-ios
    write-file /Users/jannikschill/Library/Developer/Xcode/DerivedData/Garten_Simulation-eroxfyrnurmsaraojtkexlvtomxb/Build/Intermediates.noindex/DotLottie.build/Debug-iphoneos/DotLottie.build/Objects-normal/arm64/DotLottie.LinkFileList

WriteAuxiliaryFile /Users/jannikschill/Library/Developer/Xcode/DerivedData/Garten_Simulation-eroxfyrnurmsaraojtkexlvtomxb/Build/Intermediates.noindex/DotLottie.build/Debug-iphoneos/DotLottie.build/Objects-normal/arm64/DotLottie.SwiftConstValuesFileList (in target 'DotLottie' from project 'DotLottie')
    cd /Users/jannikschill/Library/Developer/Xcode/DerivedData/Garten_Simulation-eroxfyrnurmsaraojtkexlvtomxb/SourcePackages/checkouts/dotlottie-ios
    write-file /Users/jannikschill/Library/Developer/Xcode/DerivedData/Garten_Simulation-eroxfyrnurmsaraojtkexlvtomxb/Build/Intermediates.noindex/DotLottie.build/Debug-iphoneos/DotLottie.build/Objects-normal/arm64/DotLottie.SwiftConstValuesFileList

WriteAuxiliaryFile /Users/jannikschill/Library/Developer/Xcode/DerivedData/Garten_Simulation-eroxfyrnurmsaraojtkexlvtomxb/Build/Intermediates.noindex/DotLottie.build/Debug-iphoneos/DotLottie.build/Objects-normal/arm64/DotLottie-OutputFileMap.json (in target 'DotLottie' from project 'DotLottie')
    cd /Users/jannikschill/Library/Developer/Xcode/DerivedData/Garten_Simulation-eroxfyrnurmsaraojtkexlvtomxb/SourcePackages/checkouts/dotlottie-ios
    write-file /Users/jannikschill/Library/Developer/Xcode/DerivedData/Garten_Simulation-eroxfyrnurmsaraojtkexlvtomxb/Build/Intermediates.noindex/DotLottie.build/Debug-iphoneos/DotLottie.build/Objects-normal/arm64/DotLottie-OutputFileMap.json

WriteAuxiliaryFile /Users/jannikschill/Library/Developer/Xcode/DerivedData/Garten_Simulation-eroxfyrnurmsaraojtkexlvtomxb/Build/Intermediates.noindex/Garten_Simulation.build/Debug-iphoneos/Garten_Simulation.build/Objects-normal/arm64/Grovy.SwiftFileList (in target 'Garten_Simulation' from project 'Garten_Simulation')
    cd /Users/jannikschill/Documents/Garten-Simulation
    write-file /Users/jannikschill/Library/Developer/Xcode/DerivedData/Garten_Simulation-eroxfyrnurmsaraojtkexlvtomxb/Build/Intermediates.noindex/Garten_Simulation.build/Debug-iphoneos/Garten_Simulation.build/Objects-normal/arm64/Grovy.SwiftFileList

WriteAuxiliaryFile /Users/jannikschill/Library/Developer/Xcode/DerivedData/Garten_Simulation-eroxfyrnurmsaraojtkexlvtomxb/Build/Intermediates.noindex/DotLottie.build/Debug-iphoneos/DotLottie.build/Objects-normal/arm64/DotLottie.SwiftFileList (in target 'DotLottie' from project 'DotLottie')
    cd /Users/jannikschill/Library/Developer/Xcode/DerivedData/Garten_Simulation-eroxfyrnurmsaraojtkexlvtomxb/SourcePackages/checkouts/dotlottie-ios
    write-file /Users/jannikschill/Library/Developer/Xcode/DerivedData/Garten_Simulation-eroxfyrnurmsaraojtkexlvtomxb/Build/Intermediates.noindex/DotLottie.build/Debug-iphoneos/DotLottie.build/Objects-normal/arm64/DotLottie.SwiftFileList

WriteAuxiliaryFile /Users/jannikschill/Library/Developer/Xcode/DerivedData/Garten_Simulation-eroxfyrnurmsaraojtkexlvtomxb/Build/Intermediates.noindex/Garten_Simulation.build/Debug-iphoneos/Garten_Simulation.build/Objects-normal/arm64/Grovy.SwiftConstValuesFileList (in target 'Garten_Simulation' from project 'Garten_Simulation')
    cd /Users/jannikschill/Documents/Garten-Simulation
    write-file /Users/jannikschill/Library/Developer/Xcode/DerivedData/Garten_Simulation-eroxfyrnurmsaraojtkexlvtomxb/Build/Intermediates.noindex/Garten_Simulation.build/Debug-iphoneos/Garten_Simulation.build/Objects-normal/arm64/Grovy.SwiftConstValuesFileList

WriteAuxiliaryFile /Users/jannikschill/Library/Developer/Xcode/DerivedData/Garten_Simulation-eroxfyrnurmsaraojtkexlvtomxb/Build/Intermediates.noindex/DotLottie.build/Debug-iphoneos/DotLottie.build/Objects-normal/arm64/DotLottie_const_extract_protocols.json (in target 'DotLottie' from project 'DotLottie')
    cd /Users/jannikschill/Library/Developer/Xcode/DerivedData/Garten_Simulation-eroxfyrnurmsaraojtkexlvtomxb/SourcePackages/checkouts/dotlottie-ios
    write-file /Users/jannikschill/Library/Developer/Xcode/DerivedData/Garten_Simulation-eroxfyrnurmsaraojtkexlvtomxb/Build/Intermediates.noindex/DotLottie.build/Debug-iphoneos/DotLottie.build/Objects-normal/arm64/DotLottie_const_extract_protocols.json

WriteAuxiliaryFile /Users/jannikschill/Library/Developer/Xcode/DerivedData/Garten_Simulation-eroxfyrnurmsaraojtkexlvtomxb/Build/Intermediates.noindex/Garten_Simulation.build/Debug-iphoneos/Garten_Simulation.build/Objects-normal/arm64/Grovy.LinkFileList (in target 'Garten_Simulation' from project 'Garten_Simulation')
    cd /Users/jannikschill/Documents/Garten-Simulation
    write-file /Users/jannikschill/Library/Developer/Xcode/DerivedData/Garten_Simulation-eroxfyrnurmsaraojtkexlvtomxb/Build/Intermediates.noindex/Garten_Simulation.build/Debug-iphoneos/Garten_Simulation.build/Objects-normal/arm64/Grovy.LinkFileList

WriteAuxiliaryFile /Users/jannikschill/Library/Developer/Xcode/DerivedData/Garten_Simulation-eroxfyrnurmsaraojtkexlvtomxb/Build/Intermediates.noindex/Garten_Simulation.build/Debug-iphoneos/Garten_Simulation.build/Objects-normal/arm64/Garten_Simulation_const_extract_protocols.json (in target 'Garten_Simulation' from project 'Garten_Simulation')
    cd /Users/jannikschill/Documents/Garten-Simulation
    write-file /Users/jannikschill/Library/Developer/Xcode/DerivedData/Garten_Simulation-eroxfyrnurmsaraojtkexlvtomxb/Build/Intermediates.noindex/Garten_Simulation.build/Debug-iphoneos/Garten_Simulation.build/Objects-normal/arm64/Garten_Simulation_const_extract_protocols.json

WriteAuxiliaryFile /Users/jannikschill/Library/Developer/Xcode/DerivedData/Garten_Simulation-eroxfyrnurmsaraojtkexlvtomxb/Build/Intermediates.noindex/Garten_Simulation.build/Debug-iphoneos/Garten_Simulation.build/Objects-normal/arm64/Garten_Simulation-OutputFileMap.json (in target 'Garten_Simulation' from project 'Garten_Simulation')
    cd /Users/jannikschill/Documents/Garten-Simulation
    write-file /Users/jannikschill/Library/Developer/Xcode/DerivedData/Garten_Simulation-eroxfyrnurmsaraojtkexlvtomxb/Build/Intermediates.noindex/Garten_Simulation.build/Debug-iphoneos/Garten_Simulation.build/Objects-normal/arm64/Garten_Simulation-OutputFileMap.json

WriteAuxiliaryFile /Users/jannikschill/Library/Developer/Xcode/DerivedData/Garten_Simulation-eroxfyrnurmsaraojtkexlvtomxb/Build/Intermediates.noindex/Garten_Simulation.build/Debug-iphoneos/Garten_Simulation.build/Grovy.hmap (in target 'Garten_Simulation' from project 'Garten_Simulation')
    cd /Users/jannikschill/Documents/Garten-Simulation
    write-file /Users/jannikschill/Library/Developer/Xcode/DerivedData/Garten_Simulation-eroxfyrnurmsaraojtkexlvtomxb/Build/Intermediates.noindex/Garten_Simulation.build/Debug-iphoneos/Garten_Simulation.build/Grovy.hmap

WriteAuxiliaryFile /Users/jannikschill/Library/Developer/Xcode/DerivedData/Garten_Simulation-eroxfyrnurmsaraojtkexlvtomxb/Build/Intermediates.noindex/Garten_Simulation.build/Debug-iphoneos/Garten_Simulation.build/Grovy.DependencyStaticMetadataFileList (in target 'Garten_Simulation' from project 'Garten_Simulation')
    cd /Users/jannikschill/Documents/Garten-Simulation
    write-file /Users/jannikschill/Library/Developer/Xcode/DerivedData/Garten_Simulation-eroxfyrnurmsaraojtkexlvtomxb/Build/Intermediates.noindex/Garten_Simulation.build/Debug-iphoneos/Garten_Simulation.build/Grovy.DependencyStaticMetadataFileList

WriteAuxiliaryFile /Users/jannikschill/Library/Developer/Xcode/DerivedData/Garten_Simulation-eroxfyrnurmsaraojtkexlvtomxb/Build/Intermediates.noindex/Garten_Simulation.build/Debug-iphoneos/Garten_Simulation.build/Grovy.DependencyMetadataFileList (in target 'Garten_Simulation' from project 'Garten_Simulation')
    cd /Users/jannikschill/Documents/Garten-Simulation
    write-file /Users/jannikschill/Library/Developer/Xcode/DerivedData/Garten_Simulation-eroxfyrnurmsaraojtkexlvtomxb/Build/Intermediates.noindex/Garten_Simulation.build/Debug-iphoneos/Garten_Simulation.build/Grovy.DependencyMetadataFileList

WriteAuxiliaryFile /Users/jannikschill/Library/Developer/Xcode/DerivedData/Garten_Simulation-eroxfyrnurmsaraojtkexlvtomxb/Build/Intermediates.noindex/Garten_Simulation.build/Debug-iphoneos/Garten_Simulation.build/Grovy-project-headers.hmap (in target 'Garten_Simulation' from project 'Garten_Simulation')
    cd /Users/jannikschill/Documents/Garten-Simulation
    write-file /Users/jannikschill/Library/Developer/Xcode/DerivedData/Garten_Simulation-eroxfyrnurmsaraojtkexlvtomxb/Build/Intermediates.noindex/Garten_Simulation.build/Debug-iphoneos/Garten_Simulation.build/Grovy-project-headers.hmap

WriteAuxiliaryFile /Users/jannikschill/Library/Developer/Xcode/DerivedData/Garten_Simulation-eroxfyrnurmsaraojtkexlvtomxb/Build/Intermediates.noindex/Garten_Simulation.build/Debug-iphoneos/Garten_Simulation.build/Grovy-own-target-headers.hmap (in target 'Garten_Simulation' from project 'Garten_Simulation')
    cd /Users/jannikschill/Documents/Garten-Simulation
    write-file /Users/jannikschill/Library/Developer/Xcode/DerivedData/Garten_Simulation-eroxfyrnurmsaraojtkexlvtomxb/Build/Intermediates.noindex/Garten_Simulation.build/Debug-iphoneos/Garten_Simulation.build/Grovy-own-target-headers.hmap

WriteAuxiliaryFile /Users/jannikschill/Library/Developer/Xcode/DerivedData/Garten_Simulation-eroxfyrnurmsaraojtkexlvtomxb/Build/Intermediates.noindex/Garten_Simulation.build/Debug-iphoneos/Garten_Simulation.build/Grovy-generated-files.hmap (in target 'Garten_Simulation' from project 'Garten_Simulation')
    cd /Users/jannikschill/Documents/Garten-Simulation
    write-file /Users/jannikschill/Library/Developer/Xcode/DerivedData/Garten_Simulation-eroxfyrnurmsaraojtkexlvtomxb/Build/Intermediates.noindex/Garten_Simulation.build/Debug-iphoneos/Garten_Simulation.build/Grovy-generated-files.hmap

WriteAuxiliaryFile /Users/jannikschill/Library/Developer/Xcode/DerivedData/Garten_Simulation-eroxfyrnurmsaraojtkexlvtomxb/Build/Intermediates.noindex/Garten_Simulation.build/Debug-iphoneos/Garten_Simulation.build/Grovy-all-target-headers.hmap (in target 'Garten_Simulation' from project 'Garten_Simulation')
    cd /Users/jannikschill/Documents/Garten-Simulation
    write-file /Users/jannikschill/Library/Developer/Xcode/DerivedData/Garten_Simulation-eroxfyrnurmsaraojtkexlvtomxb/Build/Intermediates.noindex/Garten_Simulation.build/Debug-iphoneos/Garten_Simulation.build/Grovy-all-target-headers.hmap

WriteAuxiliaryFile /Users/jannikschill/Library/Developer/Xcode/DerivedData/Garten_Simulation-eroxfyrnurmsaraojtkexlvtomxb/Build/Intermediates.noindex/Garten_Simulation.build/Debug-iphoneos/Garten_Simulation.build/Grovy-all-non-framework-target-headers.hmap (in target 'Garten_Simulation' from project 'Garten_Simulation')
    cd /Users/jannikschill/Documents/Garten-Simulation
    write-file /Users/jannikschill/Library/Developer/Xcode/DerivedData/Garten_Simulation-eroxfyrnurmsaraojtkexlvtomxb/Build/Intermediates.noindex/Garten_Simulation.build/Debug-iphoneos/Garten_Simulation.build/Grovy-all-non-framework-target-headers.hmap

WriteAuxiliaryFile /Users/jannikschill/Library/Developer/Xcode/DerivedData/Garten_Simulation-eroxfyrnurmsaraojtkexlvtomxb/Build/Intermediates.noindex/Garten_Simulation.build/Debug-iphoneos/Garten_Simulation.build/Grovy-DebugDylibPath-normal-arm64.txt (in target 'Garten_Simulation' from project 'Garten_Simulation')
    cd /Users/jannikschill/Documents/Garten-Simulation
    write-file /Users/jannikschill/Library/Developer/Xcode/DerivedData/Garten_Simulation-eroxfyrnurmsaraojtkexlvtomxb/Build/Intermediates.noindex/Garten_Simulation.build/Debug-iphoneos/Garten_Simulation.build/Grovy-DebugDylibPath-normal-arm64.txt

WriteAuxiliaryFile /Users/jannikschill/Library/Developer/Xcode/DerivedData/Garten_Simulation-eroxfyrnurmsaraojtkexlvtomxb/Build/Intermediates.noindex/Garten_Simulation.build/Debug-iphoneos/Garten_Simulation.build/Grovy-DebugDylibInstallName-normal-arm64.txt (in target 'Garten_Simulation' from project 'Garten_Simulation')
    cd /Users/jannikschill/Documents/Garten-Simulation
    write-file /Users/jannikschill/Library/Developer/Xcode/DerivedData/Garten_Simulation-eroxfyrnurmsaraojtkexlvtomxb/Build/Intermediates.noindex/Garten_Simulation.build/Debug-iphoneos/Garten_Simulation.build/Grovy-DebugDylibInstallName-normal-arm64.txt

WriteAuxiliaryFile /Users/jannikschill/Library/Developer/Xcode/DerivedData/Garten_Simulation-eroxfyrnurmsaraojtkexlvtomxb/Build/Intermediates.noindex/Garten_Simulation.build/Debug-iphoneos/Garten_Simulation.build/DerivedSources/Entitlements.plist (in target 'Garten_Simulation' from project 'Garten_Simulation')
    cd /Users/jannikschill/Documents/Garten-Simulation
    write-file /Users/jannikschill/Library/Developer/Xcode/DerivedData/Garten_Simulation-eroxfyrnurmsaraojtkexlvtomxb/Build/Intermediates.noindex/Garten_Simulation.build/Debug-iphoneos/Garten_Simulation.build/DerivedSources/Entitlements.plist

WriteAuxiliaryFile /Users/jannikschill/Library/Developer/Xcode/DerivedData/Garten_Simulation-eroxfyrnurmsaraojtkexlvtomxb/Build/Intermediates.noindex/DotLottie.build/Debug-iphoneos/DotLottie.build/DotLottie.DependencyStaticMetadataFileList (in target 'DotLottie' from project 'DotLottie')
    cd /Users/jannikschill/Library/Developer/Xcode/DerivedData/Garten_Simulation-eroxfyrnurmsaraojtkexlvtomxb/SourcePackages/checkouts/dotlottie-ios
    write-file /Users/jannikschill/Library/Developer/Xcode/DerivedData/Garten_Simulation-eroxfyrnurmsaraojtkexlvtomxb/Build/Intermediates.noindex/DotLottie.build/Debug-iphoneos/DotLottie.build/DotLottie.DependencyStaticMetadataFileList

WriteAuxiliaryFile /Users/jannikschill/Library/Developer/Xcode/DerivedData/Garten_Simulation-eroxfyrnurmsaraojtkexlvtomxb/Build/Intermediates.noindex/DotLottie.build/Debug-iphoneos/DotLottie.build/DotLottie.DependencyMetadataFileList (in target 'DotLottie' from project 'DotLottie')
    cd /Users/jannikschill/Library/Developer/Xcode/DerivedData/Garten_Simulation-eroxfyrnurmsaraojtkexlvtomxb/SourcePackages/checkouts/dotlottie-ios
    write-file /Users/jannikschill/Library/Developer/Xcode/DerivedData/Garten_Simulation-eroxfyrnurmsaraojtkexlvtomxb/Build/Intermediates.noindex/DotLottie.build/Debug-iphoneos/DotLottie.build/DotLottie.DependencyMetadataFileList

Copy /Users/jannikschill/Library/Developer/Xcode/DerivedData/Garten_Simulation-eroxfyrnurmsaraojtkexlvtomxb/Build/Intermediates.noindex/GeneratedModuleMaps-iphoneos/DotLottie.modulemap /Users/jannikschill/Library/Developer/Xcode/DerivedData/Garten_Simulation-eroxfyrnurmsaraojtkexlvtomxb/Build/Intermediates.noindex/DotLottie.build/Debug-iphoneos/DotLottie.build/DotLottie.modulemap (in target 'DotLottie' from project 'DotLottie')
    cd /Users/jannikschill/Library/Developer/Xcode/DerivedData/Garten_Simulation-eroxfyrnurmsaraojtkexlvtomxb/SourcePackages/checkouts/dotlottie-ios
    builtin-copy -exclude .DS_Store -exclude CVS -exclude .svn -exclude .git -exclude .hg -resolve-src-symlinks /Users/jannikschill/Library/Developer/Xcode/DerivedData/Garten_Simulation-eroxfyrnurmsaraojtkexlvtomxb/Build/Intermediates.noindex/DotLottie.build/Debug-iphoneos/DotLottie.build/DotLottie.modulemap /Users/jannikschill/Library/Developer/Xcode/DerivedData/Garten_Simulation-eroxfyrnurmsaraojtkexlvtomxb/Build/Intermediates.noindex/GeneratedModuleMaps-iphoneos

MkDir /Users/jannikschill/Library/Developer/Xcode/DerivedData/Garten_Simulation-eroxfyrnurmsaraojtkexlvtomxb/Build/Products/Debug-iphoneos/Grovy.app/PlugIns (in target 'Garten_Simulation' from project 'Garten_Simulation')
    cd /Users/jannikschill/Documents/Garten-Simulation
    /bin/mkdir -p /Users/jannikschill/Library/Developer/Xcode/DerivedData/Garten_Simulation-eroxfyrnurmsaraojtkexlvtomxb/Build/Products/Debug-iphoneos/Grovy.app/PlugIns

MkDir /Users/jannikschill/Library/Developer/Xcode/DerivedData/Garten_Simulation-eroxfyrnurmsaraojtkexlvtomxb/Build/Products/Debug-iphoneos/Grovy.app/Frameworks (in target 'Garten_Simulation' from project 'Garten_Simulation')
    cd /Users/jannikschill/Documents/Garten-Simulation
    /bin/mkdir -p /Users/jannikschill/Library/Developer/Xcode/DerivedData/Garten_Simulation-eroxfyrnurmsaraojtkexlvtomxb/Build/Products/Debug-iphoneos/Grovy.app/Frameworks

MkDir /Users/jannikschill/Library/Developer/Xcode/DerivedData/Garten_Simulation-eroxfyrnurmsaraojtkexlvtomxb/Build/Products/Debug-iphoneos/Grovy.app (in target 'Garten_Simulation' from project 'Garten_Simulation')
    cd /Users/jannikschill/Documents/Garten-Simulation
    /bin/mkdir -p /Users/jannikschill/Library/Developer/Xcode/DerivedData/Garten_Simulation-eroxfyrnurmsaraojtkexlvtomxb/Build/Products/Debug-iphoneos/Grovy.app

SwiftDriver DotLottie normal arm64 com.apple.xcode.tools.swift.compiler (in target 'DotLottie' from project 'DotLottie')
    cd /Users/jannikschill/Documents/Garten-Simulation/Garten_Simulation.xcodeproj
    builtin-SwiftDriver -- /Applications/Xcode.app/Contents/Developer/Toolchains/XcodeDefault.xctoolchain/usr/bin/swiftc -module-name DotLottie -Onone @/Users/jannikschill/Library/Developer/Xcode/DerivedData/Garten_Simulation-eroxfyrnurmsaraojtkexlvtomxb/Build/Intermediates.noindex/DotLottie.build/Debug-iphoneos/DotLottie.build/Objects-normal/arm64/DotLottie.SwiftFileList -DSWIFT_PACKAGE -DDEBUG -DSWIFT_MODULE_RESOURCE_BUNDLE_UNAVAILABLE -DXcode -plugin-path /Applications/Xcode.app/Contents/Developer/Toolchains/XcodeDefault.xctoolchain/usr/lib/swift/host/plugins/testing -enable-experimental-feature DebugDescriptionMacro -sdk /Applications/Xcode.app/Contents/Developer/Platforms/iPhoneOS.platform/Developer/SDKs/iPhoneOS26.5.sdk -target arm64-apple-ios13.0 -g -module-cache-path /Users/jannikschill/Library/Developer/Xcode/DerivedData/ModuleCache.noindex -Xfrontend -serialize-debugging-options -enable-testing -suppress-warnings -index-store-path /Users/jannikschill/Library/Developer/Xcode/DerivedData/Garten_Simulation-eroxfyrnurmsaraojtkexlvtomxb/Index.noindex/DataStore -Xcc -D_LIBCPP_HARDENING_MODE\=_LIBCPP_HARDENING_MODE_DEBUG -swift-version 5 -I /Users/jannikschill/Library/Developer/Xcode/DerivedData/Garten_Simulation-eroxfyrnurmsaraojtkexlvtomxb/Build/Products/Debug-iphoneos -Isystem /Applications/Xcode.app/Contents/Developer/Platforms/iPhoneOS.platform/Developer/usr/lib -F /Users/jannikschill/Library/Developer/Xcode/DerivedData/Garten_Simulation-eroxfyrnurmsaraojtkexlvtomxb/Build/Products/Debug-iphoneos -F /Applications/Xcode.app/Contents/Developer/Platforms/iPhoneOS.platform/Developer/Library/Frameworks -F /Applications/Xcode.app/Contents/Developer/Platforms/iPhoneOS.platform/Developer/SDKs/iPhoneOS26.5.sdk/Developer/Library/Frameworks -c -j12 -enable-batch-mode -incremental -Xcc -ivfsstatcache -Xcc /Users/jannikschill/Library/Developer/Xcode/DerivedData/SDKStatCaches.noindex/iphoneos26.5-23F81a-688ef53f1462e2c8f657fdc38a81448f32daed1954a7d5dd0789fcaf2a9bb78b.sdkstatcache -output-file-map /Users/jannikschill/Library/Developer/Xcode/DerivedData/Garten_Simulation-eroxfyrnurmsaraojtkexlvtomxb/Build/Intermediates.noindex/DotLottie.build/Debug-iphoneos/DotLottie.build/Objects-normal/arm64/DotLottie-OutputFileMap.json -use-frontend-parseable-output -save-temps -no-color-diagnostics -explicit-module-build -module-cache-path /Users/jannikschill/Library/Developer/Xcode/DerivedData/Garten_Simulation-eroxfyrnurmsaraojtkexlvtomxb/Build/Intermediates.noindex/SwiftExplicitPrecompiledModules -clang-scanner-module-cache-path /Users/jannikschill/Library/Developer/Xcode/DerivedData/ModuleCache.noindex -sdk-module-cache-path /Users/jannikschill/Library/Developer/Xcode/DerivedData/ModuleCache.noindex -serialize-diagnostics -emit-dependencies -emit-module -emit-module-path /Users/jannikschill/Library/Developer/Xcode/DerivedData/Garten_Simulation-eroxfyrnurmsaraojtkexlvtomxb/Build/Intermediates.noindex/DotLottie.build/Debug-iphoneos/DotLottie.build/Objects-normal/arm64/DotLottie.swiftmodule -validate-clang-modules-once -clang-build-session-file /Users/jannikschill/Library/Developer/Xcode/DerivedData/ModuleCache.noindex/Session.modulevalidation -Xcc -I/Users/jannikschill/Library/Developer/Xcode/DerivedData/Garten_Simulation-eroxfyrnurmsaraojtkexlvtomxb/Build/Intermediates.noindex/DotLottie.build/Debug-iphoneos/DotLottie.build/swift-overrides.hmap -emit-const-values -Xfrontend -const-gather-protocols-file -Xfrontend /Users/jannikschill/Library/Developer/Xcode/DerivedData/Garten_Simulation-eroxfyrnurmsaraojtkexlvtomxb/Build/Intermediates.noindex/DotLottie.build/Debug-iphoneos/DotLottie.build/Objects-normal/arm64/DotLottie_const_extract_protocols.json -Xcc -I/Users/jannikschill/Library/Developer/Xcode/DerivedData/Garten_Simulation-eroxfyrnurmsaraojtkexlvtomxb/Build/Products/Debug-iphoneos/include -Xcc -I/Users/jannikschill/Library/Developer/Xcode/DerivedData/Garten_Simulation-eroxfyrnurmsaraojtkexlvtomxb/Build/Intermediates.noindex/DotLottie.build/Debug-iphoneos/DotLottie.build/DerivedSources-normal/arm64 -Xcc -I/Users/jannikschill/Library/Developer/Xcode/DerivedData/Garten_Simulation-eroxfyrnurmsaraojtkexlvtomxb/Build/Intermediates.noindex/DotLottie.build/Debug-iphoneos/DotLottie.build/DerivedSources/arm64 -Xcc -I/Users/jannikschill/Library/Developer/Xcode/DerivedData/Garten_Simulation-eroxfyrnurmsaraojtkexlvtomxb/Build/Intermediates.noindex/DotLottie.build/Debug-iphoneos/DotLottie.build/DerivedSources -Xcc -DSWIFT_PACKAGE -Xcc -DDEBUG\=1 -emit-objc-header -emit-objc-header-path /Users/jannikschill/Library/Developer/Xcode/DerivedData/Garten_Simulation-eroxfyrnurmsaraojtkexlvtomxb/Build/Intermediates.noindex/DotLottie.build/Debug-iphoneos/DotLottie.build/Objects-normal/arm64/DotLottie-Swift.h -working-directory /Users/jannikschill/Documents/Garten-Simulation/Garten_Simulation.xcodeproj -experimental-emit-module-separately -disable-cmo

SwiftEmitModule normal arm64 Emitting\ module\ for\ GrovyDNSFilter (in target 'GrovyDNSFilter' from project 'Garten_Simulation')

SwiftCompile normal arm64 /Users/jannikschill/Documents/Garten-Simulation/GrovyDNSFilter/DNSProxyProvider.swift (in target 'GrovyDNSFilter' from project 'Garten_Simulation')
    cd /Users/jannikschill/Documents/Garten-Simulation
    

SwiftCompile normal arm64 Compiling\ DNSProxyProvider.swift /Users/jannikschill/Documents/Garten-Simulation/GrovyDNSFilter/DNSProxyProvider.swift (in target 'GrovyDNSFilter' from project 'Garten_Simulation')

SwiftCompile normal arm64 /Users/jannikschill/Documents/Garten-Simulation/GrovyDNSFilter/DNSProxyProvider.swift (in target 'GrovyDNSFilter' from project 'Garten_Simulation')
    cd /Users/jannikschill/Documents/Garten-Simulation
    

SwiftCompile normal arm64 Compiling\ DeviceActivityMonitorExtension.swift /Users/jannikschill/Documents/Garten-Simulation/ScreenTimeMonitor/DeviceActivityMonitorExtension.swift (in target 'ScreenTimeMonitor' from project 'Garten_Simulation')

SwiftCompile normal arm64 /Users/jannikschill/Documents/Garten-Simulation/ScreenTimeMonitor/DeviceActivityMonitorExtension.swift (in target 'ScreenTimeMonitor' from project 'Garten_Simulation')
    cd /Users/jannikschill/Documents/Garten-Simulation
    

SwiftEmitModule normal arm64 Emitting\ module\ for\ ScreenTimeMonitor (in target 'ScreenTimeMonitor' from project 'Garten_Simulation')

SwiftCompile normal arm64 /Users/jannikschill/Documents/Garten-Simulation/ScreenTimeMonitor/DeviceActivityMonitorExtension.swift (in target 'ScreenTimeMonitor' from project 'Garten_Simulation')
    cd /Users/jannikschill/Documents/Garten-Simulation
    

SwiftDriverJobDiscovery normal arm64 Emitting module for GrovyDNSFilter (in target 'GrovyDNSFilter' from project 'Garten_Simulation')

SwiftDriver\ Compilation\ Requirements GrovyDNSFilter normal arm64 com.apple.xcode.tools.swift.compiler (in target 'GrovyDNSFilter' from project 'Garten_Simulation')
    cd /Users/jannikschill/Documents/Garten-Simulation
    builtin-Swift-Compilation-Requirements -- /Applications/Xcode.app/Contents/Developer/Toolchains/XcodeDefault.xctoolchain/usr/bin/swiftc -module-name GrovyDNSFilter -Onone @/Users/jannikschill/Library/Developer/Xcode/DerivedData/Garten_Simulation-eroxfyrnurmsaraojtkexlvtomxb/Build/Intermediates.noindex/Garten_Simulation.build/Debug-iphoneos/GrovyDNSFilter.build/Objects-normal/arm64/GrovyDNSFilter.SwiftFileList -DDEBUG -enable-bare-slash-regex -enable-upcoming-feature DisableOutwardActorInference -enable-upcoming-feature InferSendableFromCaptures -enable-upcoming-feature GlobalActorIsolatedTypesUsability -enable-upcoming-feature MemberImportVisibility -enable-upcoming-feature InferIsolatedConformances -enable-upcoming-feature NonisolatedNonsendingByDefault -enable-experimental-feature DebugDescriptionMacro -sdk /Applications/Xcode.app/Contents/Developer/Platforms/iPhoneOS.platform/Developer/SDKs/iPhoneOS26.5.sdk -target arm64-apple-ios17.0 -g -module-cache-path /Users/jannikschill/Library/Developer/Xcode/DerivedData/ModuleCache.noindex -Xfrontend -serialize-debugging-options -application-extension -enable-testing -index-store-path /Users/jannikschill/Library/Developer/Xcode/DerivedData/Garten_Simulation-eroxfyrnurmsaraojtkexlvtomxb/Index.noindex/DataStore -Xcc -D_LIBCPP_HARDENING_MODE\=_LIBCPP_HARDENING_MODE_DEBUG -swift-version 5 -I /Users/jannikschill/Library/Developer/Xcode/DerivedData/Garten_Simulation-eroxfyrnurmsaraojtkexlvtomxb/Build/Products/Debug-iphoneos -F /Users/jannikschill/Library/Developer/Xcode/DerivedData/Garten_Simulation-eroxfyrnurmsaraojtkexlvtomxb/Build/Products/Debug-iphoneos -parse-as-library -emit-localized-strings -emit-localized-strings-path /Users/jannikschill/Library/Developer/Xcode/DerivedData/Garten_Simulation-eroxfyrnurmsaraojtkexlvtomxb/Build/Intermediates.noindex/Garten_Simulation.build/Debug-iphoneos/GrovyDNSFilter.build/Objects-normal/arm64 -c -j12 -enable-batch-mode -incremental -Xcc -ivfsstatcache -Xcc /Users/jannikschill/Library/Developer/Xcode/DerivedData/SDKStatCaches.noindex/iphoneos26.5-23F81a-688ef53f1462e2c8f657fdc38a81448f32daed1954a7d5dd0789fcaf2a9bb78b.sdkstatcache -output-file-map /Users/jannikschill/Library/Developer/Xcode/DerivedData/Garten_Simulation-eroxfyrnurmsaraojtkexlvtomxb/Build/Intermediates.noindex/Garten_Simulation.build/Debug-iphoneos/GrovyDNSFilter.build/Objects-normal/arm64/GrovyDNSFilter-OutputFileMap.json -use-frontend-parseable-output -save-temps -no-color-diagnostics -explicit-module-build -module-cache-path /Users/jannikschill/Library/Developer/Xcode/DerivedData/Garten_Simulation-eroxfyrnurmsaraojtkexlvtomxb/Build/Intermediates.noindex/SwiftExplicitPrecompiledModules -clang-scanner-module-cache-path /Users/jannikschill/Library/Developer/Xcode/DerivedData/ModuleCache.noindex -sdk-module-cache-path /Users/jannikschill/Library/Developer/Xcode/DerivedData/ModuleCache.noindex -serialize-diagnostics -emit-dependencies -emit-module -emit-module-path /Users/jannikschill/Library/Developer/Xcode/DerivedData/Garten_Simulation-eroxfyrnurmsaraojtkexlvtomxb/Build/Intermediates.noindex/Garten_Simulation.build/Debug-iphoneos/GrovyDNSFilter.build/Objects-normal/arm64/GrovyDNSFilter.swiftmodule -validate-clang-modules-once -clang-build-session-file /Users/jannikschill/Library/Developer/Xcode/DerivedData/ModuleCache.noindex/Session.modulevalidation -Xcc -I/Users/jannikschill/Library/Developer/Xcode/DerivedData/Garten_Simulation-eroxfyrnurmsaraojtkexlvtomxb/Build/Intermediates.noindex/Garten_Simulation.build/Debug-iphoneos/GrovyDNSFilter.build/swift-overrides.hmap -emit-const-values -Xfrontend -const-gather-protocols-file -Xfrontend /Users/jannikschill/Library/Developer/Xcode/DerivedData/Garten_Simulation-eroxfyrnurmsaraojtkexlvtomxb/Build/Intermediates.noindex/Garten_Simulation.build/Debug-iphoneos/GrovyDNSFilter.build/Objects-normal/arm64/GrovyDNSFilter_const_extract_protocols.json -Xcc -iquote -Xcc /Users/jannikschill/Library/Developer/Xcode/DerivedData/Garten_Simulation-eroxfyrnurmsaraojtkexlvtomxb/Build/Intermediates.noindex/Garten_Simulation.build/Debug-iphoneos/GrovyDNSFilter.build/GrovyDNSFilter-generated-files.hmap -Xcc -I/Users/jannikschill/Library/Developer/Xcode/DerivedData/Garten_Simulation-eroxfyrnurmsaraojtkexlvtomxb/Build/Intermediates.noindex/Garten_Simulation.build/Debug-iphoneos/GrovyDNSFilter.build/GrovyDNSFilter-own-target-headers.hmap -Xcc -I/Users/jannikschill/Library/Developer/Xcode/DerivedData/Garten_Simulation-eroxfyrnurmsaraojtkexlvtomxb/Build/Intermediates.noindex/Garten_Simulation.build/Debug-iphoneos/GrovyDNSFilter.build/GrovyDNSFilter-all-non-framework-target-headers.hmap -Xcc -ivfsoverlay -Xcc /Users/jannikschill/Library/Developer/Xcode/DerivedData/Garten_Simulation-eroxfyrnurmsaraojtkexlvtomxb/Build/Intermediates.noindex/Garten_Simulation.build/Debug-iphoneos/Garten_Simulation-49394399678d88b76108bd64d45cffb0-VFS-iphoneos/all-product-headers.yaml -Xcc -iquote -Xcc /Users/jannikschill/Library/Developer/Xcode/DerivedData/Garten_Simulation-eroxfyrnurmsaraojtkexlvtomxb/Build/Intermediates.noindex/Garten_Simulation.build/Debug-iphoneos/GrovyDNSFilter.build/GrovyDNSFilter-project-headers.hmap -Xcc -I/Users/jannikschill/Library/Developer/Xcode/DerivedData/Garten_Simulation-eroxfyrnurmsaraojtkexlvtomxb/Build/Products/Debug-iphoneos/include -Xcc -I/Users/jannikschill/Library/Developer/Xcode/DerivedData/Garten_Simulation-eroxfyrnurmsaraojtkexlvtomxb/Build/Intermediates.noindex/Garten_Simulation.build/Debug-iphoneos/GrovyDNSFilter.build/DerivedSources-normal/arm64 -Xcc -I/Users/jannikschill/Library/Developer/Xcode/DerivedData/Garten_Simulation-eroxfyrnurmsaraojtkexlvtomxb/Build/Intermediates.noindex/Garten_Simulation.build/Debug-iphoneos/GrovyDNSFilter.build/DerivedSources/arm64 -Xcc -I/Users/jannikschill/Library/Developer/Xcode/DerivedData/Garten_Simulation-eroxfyrnurmsaraojtkexlvtomxb/Build/Intermediates.noindex/Garten_Simulation.build/Debug-iphoneos/GrovyDNSFilter.build/DerivedSources -Xcc -DDEBUG\=1 -emit-objc-header -emit-objc-header-path /Users/jannikschill/Library/Developer/Xcode/DerivedData/Garten_Simulation-eroxfyrnurmsaraojtkexlvtomxb/Build/Intermediates.noindex/Garten_Simulation.build/Debug-iphoneos/GrovyDNSFilter.build/Objects-normal/arm64/GrovyDNSFilter-Swift.h -working-directory /Users/jannikschill/Documents/Garten-Simulation -experimental-emit-module-separately -disable-cmo

SwiftMergeGeneratedHeaders /Users/jannikschill/Library/Developer/Xcode/DerivedData/Garten_Simulation-eroxfyrnurmsaraojtkexlvtomxb/Build/Intermediates.noindex/Garten_Simulation.build/Debug-iphoneos/GrovyDNSFilter.build/DerivedSources/GrovyDNSFilter-Swift.h /Users/jannikschill/Library/Developer/Xcode/DerivedData/Garten_Simulation-eroxfyrnurmsaraojtkexlvtomxb/Build/Intermediates.noindex/Garten_Simulation.build/Debug-iphoneos/GrovyDNSFilter.build/Objects-normal/arm64/GrovyDNSFilter-Swift.h (in target 'GrovyDNSFilter' from project 'Garten_Simulation')
    cd /Users/jannikschill/Documents/Garten-Simulation
    builtin-swiftHeaderTool -arch arm64 /Users/jannikschill/Library/Developer/Xcode/DerivedData/Garten_Simulation-eroxfyrnurmsaraojtkexlvtomxb/Build/Intermediates.noindex/Garten_Simulation.build/Debug-iphoneos/GrovyDNSFilter.build/Objects-normal/arm64/GrovyDNSFilter-Swift.h -o /Users/jannikschill/Library/Developer/Xcode/DerivedData/Garten_Simulation-eroxfyrnurmsaraojtkexlvtomxb/Build/Intermediates.noindex/Garten_Simulation.build/Debug-iphoneos/GrovyDNSFilter.build/DerivedSources/GrovyDNSFilter-Swift.h

Copy /Users/jannikschill/Library/Developer/Xcode/DerivedData/Garten_Simulation-eroxfyrnurmsaraojtkexlvtomxb/Build/Products/Debug-iphoneos/GrovyDNSFilter.swiftmodule/arm64-apple-ios.swiftdoc /Users/jannikschill/Library/Developer/Xcode/DerivedData/Garten_Simulation-eroxfyrnurmsaraojtkexlvtomxb/Build/Intermediates.noindex/Garten_Simulation.build/Debug-iphoneos/GrovyDNSFilter.build/Objects-normal/arm64/GrovyDNSFilter.swiftdoc (in target 'GrovyDNSFilter' from project 'Garten_Simulation')
    cd /Users/jannikschill/Documents/Garten-Simulation
    builtin-copy -exclude .DS_Store -exclude CVS -exclude .svn -exclude .git -exclude .hg -resolve-src-symlinks -rename /Users/jannikschill/Library/Developer/Xcode/DerivedData/Garten_Simulation-eroxfyrnurmsaraojtkexlvtomxb/Build/Intermediates.noindex/Garten_Simulation.build/Debug-iphoneos/GrovyDNSFilter.build/Objects-normal/arm64/GrovyDNSFilter.swiftdoc /Users/jannikschill/Library/Developer/Xcode/DerivedData/Garten_Simulation-eroxfyrnurmsaraojtkexlvtomxb/Build/Products/Debug-iphoneos/GrovyDNSFilter.swiftmodule/arm64-apple-ios.swiftdoc

Copy /Users/jannikschill/Library/Developer/Xcode/DerivedData/Garten_Simulation-eroxfyrnurmsaraojtkexlvtomxb/Build/Products/Debug-iphoneos/GrovyDNSFilter.swiftmodule/arm64-apple-ios.abi.json /Users/jannikschill/Library/Developer/Xcode/DerivedData/Garten_Simulation-eroxfyrnurmsaraojtkexlvtomxb/Build/Intermediates.noindex/Garten_Simulation.build/Debug-iphoneos/GrovyDNSFilter.build/Objects-normal/arm64/GrovyDNSFilter.abi.json (in target 'GrovyDNSFilter' from project 'Garten_Simulation')
    cd /Users/jannikschill/Documents/Garten-Simulation
    builtin-copy -exclude .DS_Store -exclude CVS -exclude .svn -exclude .git -exclude .hg -resolve-src-symlinks -rename /Users/jannikschill/Library/Developer/Xcode/DerivedData/Garten_Simulation-eroxfyrnurmsaraojtkexlvtomxb/Build/Intermediates.noindex/Garten_Simulation.build/Debug-iphoneos/GrovyDNSFilter.build/Objects-normal/arm64/GrovyDNSFilter.abi.json /Users/jannikschill/Library/Developer/Xcode/DerivedData/Garten_Simulation-eroxfyrnurmsaraojtkexlvtomxb/Build/Products/Debug-iphoneos/GrovyDNSFilter.swiftmodule/arm64-apple-ios.abi.json

Copy /Users/jannikschill/Library/Developer/Xcode/DerivedData/Garten_Simulation-eroxfyrnurmsaraojtkexlvtomxb/Build/Products/Debug-iphoneos/GrovyDNSFilter.swiftmodule/arm64-apple-ios.swiftmodule /Users/jannikschill/Library/Developer/Xcode/DerivedData/Garten_Simulation-eroxfyrnurmsaraojtkexlvtomxb/Build/Intermediates.noindex/Garten_Simulation.build/Debug-iphoneos/GrovyDNSFilter.build/Objects-normal/arm64/GrovyDNSFilter.swiftmodule (in target 'GrovyDNSFilter' from project 'Garten_Simulation')
    cd /Users/jannikschill/Documents/Garten-Simulation
    builtin-copy -exclude .DS_Store -exclude CVS -exclude .svn -exclude .git -exclude .hg -resolve-src-symlinks -rename /Users/jannikschill/Library/Developer/Xcode/DerivedData/Garten_Simulation-eroxfyrnurmsaraojtkexlvtomxb/Build/Intermediates.noindex/Garten_Simulation.build/Debug-iphoneos/GrovyDNSFilter.build/Objects-normal/arm64/GrovyDNSFilter.swiftmodule /Users/jannikschill/Library/Developer/Xcode/DerivedData/Garten_Simulation-eroxfyrnurmsaraojtkexlvtomxb/Build/Products/Debug-iphoneos/GrovyDNSFilter.swiftmodule/arm64-apple-ios.swiftmodule

Copy /Users/jannikschill/Library/Developer/Xcode/DerivedData/Garten_Simulation-eroxfyrnurmsaraojtkexlvtomxb/Build/Products/Debug-iphoneos/GrovyDNSFilter.swiftmodule/Project/arm64-apple-ios.swiftsourceinfo /Users/jannikschill/Library/Developer/Xcode/DerivedData/Garten_Simulation-eroxfyrnurmsaraojtkexlvtomxb/Build/Intermediates.noindex/Garten_Simulation.build/Debug-iphoneos/GrovyDNSFilter.build/Objects-normal/arm64/GrovyDNSFilter.swiftsourceinfo (in target 'GrovyDNSFilter' from project 'Garten_Simulation')
    cd /Users/jannikschill/Documents/Garten-Simulation
    builtin-copy -exclude .DS_Store -exclude CVS -exclude .svn -exclude .git -exclude .hg -resolve-src-symlinks -rename /Users/jannikschill/Library/Developer/Xcode/DerivedData/Garten_Simulation-eroxfyrnurmsaraojtkexlvtomxb/Build/Intermediates.noindex/Garten_Simulation.build/Debug-iphoneos/GrovyDNSFilter.build/Objects-normal/arm64/GrovyDNSFilter.swiftsourceinfo /Users/jannikschill/Library/Developer/Xcode/DerivedData/Garten_Simulation-eroxfyrnurmsaraojtkexlvtomxb/Build/Products/Debug-iphoneos/GrovyDNSFilter.swiftmodule/Project/arm64-apple-ios.swiftsourceinfo

SwiftDriverJobDiscovery normal arm64 Compiling DNSProxyProvider.swift (in target 'GrovyDNSFilter' from project 'Garten_Simulation')

SwiftDriver\ Compilation GrovyDNSFilter normal arm64 com.apple.xcode.tools.swift.compiler (in target 'GrovyDNSFilter' from project 'Garten_Simulation')
    cd /Users/jannikschill/Documents/Garten-Simulation
    builtin-Swift-Compilation -- /Applications/Xcode.app/Contents/Developer/Toolchains/XcodeDefault.xctoolchain/usr/bin/swiftc -module-name GrovyDNSFilter -Onone @/Users/jannikschill/Library/Developer/Xcode/DerivedData/Garten_Simulation-eroxfyrnurmsaraojtkexlvtomxb/Build/Intermediates.noindex/Garten_Simulation.build/Debug-iphoneos/GrovyDNSFilter.build/Objects-normal/arm64/GrovyDNSFilter.SwiftFileList -DDEBUG -enable-bare-slash-regex -enable-upcoming-feature DisableOutwardActorInference -enable-upcoming-feature InferSendableFromCaptures -enable-upcoming-feature GlobalActorIsolatedTypesUsability -enable-upcoming-feature MemberImportVisibility -enable-upcoming-feature InferIsolatedConformances -enable-upcoming-feature NonisolatedNonsendingByDefault -enable-experimental-feature DebugDescriptionMacro -sdk /Applications/Xcode.app/Contents/Developer/Platforms/iPhoneOS.platform/Developer/SDKs/iPhoneOS26.5.sdk -target arm64-apple-ios17.0 -g -module-cache-path /Users/jannikschill/Library/Developer/Xcode/DerivedData/ModuleCache.noindex -Xfrontend -serialize-debugging-options -application-extension -enable-testing -index-store-path /Users/jannikschill/Library/Developer/Xcode/DerivedData/Garten_Simulation-eroxfyrnurmsaraojtkexlvtomxb/Index.noindex/DataStore -Xcc -D_LIBCPP_HARDENING_MODE\=_LIBCPP_HARDENING_MODE_DEBUG -swift-version 5 -I /Users/jannikschill/Library/Developer/Xcode/DerivedData/Garten_Simulation-eroxfyrnurmsaraojtkexlvtomxb/Build/Products/Debug-iphoneos -F /Users/jannikschill/Library/Developer/Xcode/DerivedData/Garten_Simulation-eroxfyrnurmsaraojtkexlvtomxb/Build/Products/Debug-iphoneos -parse-as-library -emit-localized-strings -emit-localized-strings-path /Users/jannikschill/Library/Developer/Xcode/DerivedData/Garten_Simulation-eroxfyrnurmsaraojtkexlvtomxb/Build/Intermediates.noindex/Garten_Simulation.build/Debug-iphoneos/GrovyDNSFilter.build/Objects-normal/arm64 -c -j12 -enable-batch-mode -incremental -Xcc -ivfsstatcache -Xcc /Users/jannikschill/Library/Developer/Xcode/DerivedData/SDKStatCaches.noindex/iphoneos26.5-23F81a-688ef53f1462e2c8f657fdc38a81448f32daed1954a7d5dd0789fcaf2a9bb78b.sdkstatcache -output-file-map /Users/jannikschill/Library/Developer/Xcode/DerivedData/Garten_Simulation-eroxfyrnurmsaraojtkexlvtomxb/Build/Intermediates.noindex/Garten_Simulation.build/Debug-iphoneos/GrovyDNSFilter.build/Objects-normal/arm64/GrovyDNSFilter-OutputFileMap.json -use-frontend-parseable-output -save-temps -no-color-diagnostics -explicit-module-build -module-cache-path /Users/jannikschill/Library/Developer/Xcode/DerivedData/Garten_Simulation-eroxfyrnurmsaraojtkexlvtomxb/Build/Intermediates.noindex/SwiftExplicitPrecompiledModules -clang-scanner-module-cache-path /Users/jannikschill/Library/Developer/Xcode/DerivedData/ModuleCache.noindex -sdk-module-cache-path /Users/jannikschill/Library/Developer/Xcode/DerivedData/ModuleCache.noindex -serialize-diagnostics -emit-dependencies -emit-module -emit-module-path /Users/jannikschill/Library/Developer/Xcode/DerivedData/Garten_Simulation-eroxfyrnurmsaraojtkexlvtomxb/Build/Intermediates.noindex/Garten_Simulation.build/Debug-iphoneos/GrovyDNSFilter.build/Objects-normal/arm64/GrovyDNSFilter.swiftmodule -validate-clang-modules-once -clang-build-session-file /Users/jannikschill/Library/Developer/Xcode/DerivedData/ModuleCache.noindex/Session.modulevalidation -Xcc -I/Users/jannikschill/Library/Developer/Xcode/DerivedData/Garten_Simulation-eroxfyrnurmsaraojtkexlvtomxb/Build/Intermediates.noindex/Garten_Simulation.build/Debug-iphoneos/GrovyDNSFilter.build/swift-overrides.hmap -emit-const-values -Xfrontend -const-gather-protocols-file -Xfrontend /Users/jannikschill/Library/Developer/Xcode/DerivedData/Garten_Simulation-eroxfyrnurmsaraojtkexlvtomxb/Build/Intermediates.noindex/Garten_Simulation.build/Debug-iphoneos/GrovyDNSFilter.build/Objects-normal/arm64/GrovyDNSFilter_const_extract_protocols.json -Xcc -iquote -Xcc /Users/jannikschill/Library/Developer/Xcode/DerivedData/Garten_Simulation-eroxfyrnurmsaraojtkexlvtomxb/Build/Intermediates.noindex/Garten_Simulation.build/Debug-iphoneos/GrovyDNSFilter.build/GrovyDNSFilter-generated-files.hmap -Xcc -I/Users/jannikschill/Library/Developer/Xcode/DerivedData/Garten_Simulation-eroxfyrnurmsaraojtkexlvtomxb/Build/Intermediates.noindex/Garten_Simulation.build/Debug-iphoneos/GrovyDNSFilter.build/GrovyDNSFilter-own-target-headers.hmap -Xcc -I/Users/jannikschill/Library/Developer/Xcode/DerivedData/Garten_Simulation-eroxfyrnurmsaraojtkexlvtomxb/Build/Intermediates.noindex/Garten_Simulation.build/Debug-iphoneos/GrovyDNSFilter.build/GrovyDNSFilter-all-non-framework-target-headers.hmap -Xcc -ivfsoverlay -Xcc /Users/jannikschill/Library/Developer/Xcode/DerivedData/Garten_Simulation-eroxfyrnurmsaraojtkexlvtomxb/Build/Intermediates.noindex/Garten_Simulation.build/Debug-iphoneos/Garten_Simulation-49394399678d88b76108bd64d45cffb0-VFS-iphoneos/all-product-headers.yaml -Xcc -iquote -Xcc /Users/jannikschill/Library/Developer/Xcode/DerivedData/Garten_Simulation-eroxfyrnurmsaraojtkexlvtomxb/Build/Intermediates.noindex/Garten_Simulation.build/Debug-iphoneos/GrovyDNSFilter.build/GrovyDNSFilter-project-headers.hmap -Xcc -I/Users/jannikschill/Library/Developer/Xcode/DerivedData/Garten_Simulation-eroxfyrnurmsaraojtkexlvtomxb/Build/Products/Debug-iphoneos/include -Xcc -I/Users/jannikschill/Library/Developer/Xcode/DerivedData/Garten_Simulation-eroxfyrnurmsaraojtkexlvtomxb/Build/Intermediates.noindex/Garten_Simulation.build/Debug-iphoneos/GrovyDNSFilter.build/DerivedSources-normal/arm64 -Xcc -I/Users/jannikschill/Library/Developer/Xcode/DerivedData/Garten_Simulation-eroxfyrnurmsaraojtkexlvtomxb/Build/Intermediates.noindex/Garten_Simulation.build/Debug-iphoneos/GrovyDNSFilter.build/DerivedSources/arm64 -Xcc -I/Users/jannikschill/Library/Developer/Xcode/DerivedData/Garten_Simulation-eroxfyrnurmsaraojtkexlvtomxb/Build/Intermediates.noindex/Garten_Simulation.build/Debug-iphoneos/GrovyDNSFilter.build/DerivedSources -Xcc -DDEBUG\=1 -emit-objc-header -emit-objc-header-path /Users/jannikschill/Library/Developer/Xcode/DerivedData/Garten_Simulation-eroxfyrnurmsaraojtkexlvtomxb/Build/Intermediates.noindex/Garten_Simulation.build/Debug-iphoneos/GrovyDNSFilter.build/Objects-normal/arm64/GrovyDNSFilter-Swift.h -working-directory /Users/jannikschill/Documents/Garten-Simulation -experimental-emit-module-separately -disable-cmo

SwiftExplicitDependencyGeneratePcm arm64 /Users/jannikschill/Library/Developer/Xcode/DerivedData/Garten_Simulation-eroxfyrnurmsaraojtkexlvtomxb/Build/Intermediates.noindex/SwiftExplicitPrecompiledModules/DotLottiePlayer-2DV1GQLI3H96F4EA20ZMFXI32.pcm

Ld /Users/jannikschill/Library/Developer/Xcode/DerivedData/Garten_Simulation-eroxfyrnurmsaraojtkexlvtomxb/Build/Products/Debug-iphoneos/GrovyDNSFilter.appex/GrovyDNSFilter.debug.dylib normal (in target 'GrovyDNSFilter' from project 'Garten_Simulation')
    cd /Users/jannikschill/Documents/Garten-Simulation
    /Applications/Xcode.app/Contents/Developer/Toolchains/XcodeDefault.xctoolchain/usr/bin/clang -Xlinker -reproducible -target arm64-apple-ios17.0 -dynamiclib -isysroot /Applications/Xcode.app/Contents/Developer/Platforms/iPhoneOS.platform/Developer/SDKs/iPhoneOS26.5.sdk -O0 -L/Users/jannikschill/Library/Developer/Xcode/DerivedData/Garten_Simulation-eroxfyrnurmsaraojtkexlvtomxb/Build/Intermediates.noindex/EagerLinkingTBDs/Debug-iphoneos -L/Users/jannikschill/Library/Developer/Xcode/DerivedData/Garten_Simulation-eroxfyrnurmsaraojtkexlvtomxb/Build/Products/Debug-iphoneos -F/Users/jannikschill/Library/Developer/Xcode/DerivedData/Garten_Simulation-eroxfyrnurmsaraojtkexlvtomxb/Build/Intermediates.noindex/EagerLinkingTBDs/Debug-iphoneos -F/Users/jannikschill/Library/Developer/Xcode/DerivedData/Garten_Simulation-eroxfyrnurmsaraojtkexlvtomxb/Build/Products/Debug-iphoneos -filelist /Users/jannikschill/Library/Developer/Xcode/DerivedData/Garten_Simulation-eroxfyrnurmsaraojtkexlvtomxb/Build/Intermediates.noindex/Garten_Simulation.build/Debug-iphoneos/GrovyDNSFilter.build/Objects-normal/arm64/GrovyDNSFilter.LinkFileList -install_name @rpath/GrovyDNSFilter.debug.dylib -Xlinker -rpath -Xlinker /usr/lib/swift -Xlinker -rpath -Xlinker @executable_path/Frameworks -Xlinker -rpath -Xlinker @executable_path/../../Frameworks -Xlinker -dead_strip -Xlinker -object_path_lto -Xlinker /Users/jannikschill/Library/Developer/Xcode/DerivedData/Garten_Simulation-eroxfyrnurmsaraojtkexlvtomxb/Build/Intermediates.noindex/Garten_Simulation.build/Debug-iphoneos/GrovyDNSFilter.build/Objects-normal/arm64/GrovyDNSFilter_lto.o -rdynamic -Xlinker -no_deduplicate -Xlinker -dependency_info -Xlinker /Users/jannikschill/Library/Developer/Xcode/DerivedData/Garten_Simulation-eroxfyrnurmsaraojtkexlvtomxb/Build/Intermediates.noindex/Garten_Simulation.build/Debug-iphoneos/GrovyDNSFilter.build/Objects-normal/arm64/GrovyDNSFilter_dependency_info.dat -fapplication-extension -fobjc-link-runtime -L/Applications/Xcode.app/Contents/Developer/Toolchains/XcodeDefault.xctoolchain/usr/lib/swift/iphoneos -L/usr/lib/swift -Xlinker -add_ast_path -Xlinker /Users/jannikschill/Library/Developer/Xcode/DerivedData/Garten_Simulation-eroxfyrnurmsaraojtkexlvtomxb/Build/Intermediates.noindex/Garten_Simulation.build/Debug-iphoneos/GrovyDNSFilter.build/Objects-normal/arm64/GrovyDNSFilter.swiftmodule @/Users/jannikschill/Library/Developer/Xcode/DerivedData/Garten_Simulation-eroxfyrnurmsaraojtkexlvtomxb/Build/Intermediates.noindex/Garten_Simulation.build/Debug-iphoneos/GrovyDNSFilter.build/Objects-normal/arm64/GrovyDNSFilter-linker-args.resp -Xlinker -alias -Xlinker _NSExtensionMain -Xlinker ___debug_main_executable_dylib_entry_point -framework NetworkExtension -Xlinker -no_adhoc_codesign -o /Users/jannikschill/Library/Developer/Xcode/DerivedData/Garten_Simulation-eroxfyrnurmsaraojtkexlvtomxb/Build/Products/Debug-iphoneos/GrovyDNSFilter.appex/GrovyDNSFilter.debug.dylib

SwiftEmitModule normal arm64 Emitting\ module\ for\ DotLottie (in target 'DotLottie' from project 'DotLottie')

EmitSwiftModule normal arm64 (in target 'DotLottie' from project 'DotLottie')
    cd /Users/jannikschill/Documents/Garten-Simulation/Garten_Simulation.xcodeproj
    

SwiftCompile normal arm64 Compiling\ AnimationModel.swift /Users/jannikschill/Library/Developer/Xcode/DerivedData/Garten_Simulation-eroxfyrnurmsaraojtkexlvtomxb/SourcePackages/checkouts/dotlottie-ios/Sources/DotLottie/Public/Models/AnimationModel.swift (in target 'DotLottie' from project 'DotLottie')

SwiftCompile normal arm64 /Users/jannikschill/Library/Developer/Xcode/DerivedData/Garten_Simulation-eroxfyrnurmsaraojtkexlvtomxb/SourcePackages/checkouts/dotlottie-ios/Sources/DotLottie/Public/Models/AnimationModel.swift (in target 'DotLottie' from project 'DotLottie')
    cd /Users/jannikschill/Documents/Garten-Simulation/Garten_Simulation.xcodeproj
    

SwiftCompile normal arm64 Compiling\ Utils.swift /Users/jannikschill/Library/Developer/Xcode/DerivedData/Garten_Simulation-eroxfyrnurmsaraojtkexlvtomxb/SourcePackages/checkouts/dotlottie-ios/Sources/DotLottie/Public/Utils/Utils.swift (in target 'DotLottie' from project 'DotLottie')

SwiftCompile normal arm64 /Users/jannikschill/Library/Developer/Xcode/DerivedData/Garten_Simulation-eroxfyrnurmsaraojtkexlvtomxb/SourcePackages/checkouts/dotlottie-ios/Sources/DotLottie/Public/Utils/Utils.swift (in target 'DotLottie' from project 'DotLottie')
    cd /Users/jannikschill/Documents/Garten-Simulation/Garten_Simulation.xcodeproj
    

SwiftCompile normal arm64 Compiling\ DotLottieObserver.swift,\ DotLottiePlayerBridge.swift /Users/jannikschill/Library/Developer/Xcode/DerivedData/Garten_Simulation-eroxfyrnurmsaraojtkexlvtomxb/SourcePackages/checkouts/dotlottie-ios/Sources/DotLottie/Public/DotLottieObserver.swift /Users/jannikschill/Library/Developer/Xcode/DerivedData/Garten_Simulation-eroxfyrnurmsaraojtkexlvtomxb/SourcePackages/checkouts/dotlottie-ios/Sources/DotLottie/Public/DotLottiePlayerBridge.swift (in target 'DotLottie' from project 'DotLottie')

SwiftCompile normal arm64 /Users/jannikschill/Library/Developer/Xcode/DerivedData/Garten_Simulation-eroxfyrnurmsaraojtkexlvtomxb/SourcePackages/checkouts/dotlottie-ios/Sources/DotLottie/Public/DotLottieObserver.swift (in target 'DotLottie' from project 'DotLottie')
    cd /Users/jannikschill/Documents/Garten-Simulation/Garten_Simulation.xcodeproj
    

SwiftCompile normal arm64 /Users/jannikschill/Library/Developer/Xcode/DerivedData/Garten_Simulation-eroxfyrnurmsaraojtkexlvtomxb/SourcePackages/checkouts/dotlottie-ios/Sources/DotLottie/Public/DotLottiePlayerBridge.swift (in target 'DotLottie' from project 'DotLottie')
    cd /Users/jannikschill/Documents/Garten-Simulation/Garten_Simulation.xcodeproj
    

SwiftCompile normal arm64 Compiling\ LottiePlayerView.swift /Users/jannikschill/Library/Developer/Xcode/DerivedData/Garten_Simulation-eroxfyrnurmsaraojtkexlvtomxb/SourcePackages/checkouts/dotlottie-ios/Sources/DotLottie/Public/LottiePlayerView.swift (in target 'DotLottie' from project 'DotLottie')

SwiftCompile normal arm64 /Users/jannikschill/Library/Developer/Xcode/DerivedData/Garten_Simulation-eroxfyrnurmsaraojtkexlvtomxb/SourcePackages/checkouts/dotlottie-ios/Sources/DotLottie/Public/LottiePlayerView.swift (in target 'DotLottie' from project 'DotLottie')
    cd /Users/jannikschill/Documents/Garten-Simulation/Garten_Simulation.xcodeproj
    

SwiftCompile normal arm64 Compiling\ GestureManager.swift /Users/jannikschill/Library/Developer/Xcode/DerivedData/Garten_Simulation-eroxfyrnurmsaraojtkexlvtomxb/SourcePackages/checkouts/dotlottie-ios/Sources/DotLottie/Public/GestureManager.swift (in target 'DotLottie' from project 'DotLottie')

SwiftCompile normal arm64 /Users/jannikschill/Library/Developer/Xcode/DerivedData/Garten_Simulation-eroxfyrnurmsaraojtkexlvtomxb/SourcePackages/checkouts/dotlottie-ios/Sources/DotLottie/Public/GestureManager.swift (in target 'DotLottie' from project 'DotLottie')
    cd /Users/jannikschill/Documents/Garten-Simulation/Garten_Simulation.xcodeproj
    

SwiftCompile normal arm64 Compiling\ Player.swift /Users/jannikschill/Library/Developer/Xcode/DerivedData/Garten_Simulation-eroxfyrnurmsaraojtkexlvtomxb/SourcePackages/checkouts/dotlottie-ios/Sources/DotLottie/Public/Player.swift (in target 'DotLottie' from project 'DotLottie')

SwiftCompile normal arm64 /Users/jannikschill/Library/Developer/Xcode/DerivedData/Garten_Simulation-eroxfyrnurmsaraojtkexlvtomxb/SourcePackages/checkouts/dotlottie-ios/Sources/DotLottie/Public/Player.swift (in target 'DotLottie' from project 'DotLottie')
    cd /Users/jannikschill/Documents/Garten-Simulation/Garten_Simulation.xcodeproj
    

SwiftCompile normal arm64 Compiling\ ViewRepresentable.swift /Users/jannikschill/Library/Developer/Xcode/DerivedData/Garten_Simulation-eroxfyrnurmsaraojtkexlvtomxb/SourcePackages/checkouts/dotlottie-ios/Sources/DotLottie/Public/ViewRepresentable.swift (in target 'DotLottie' from project 'DotLottie')

SwiftCompile normal arm64 /Users/jannikschill/Library/Developer/Xcode/DerivedData/Garten_Simulation-eroxfyrnurmsaraojtkexlvtomxb/SourcePackages/checkouts/dotlottie-ios/Sources/DotLottie/Public/ViewRepresentable.swift (in target 'DotLottie' from project 'DotLottie')
    cd /Users/jannikschill/Documents/Garten-Simulation/Garten_Simulation.xcodeproj
    

SwiftDriverJobDiscovery normal arm64 Emitting module for ScreenTimeMonitor (in target 'ScreenTimeMonitor' from project 'Garten_Simulation')

SwiftDriver\ Compilation\ Requirements ScreenTimeMonitor normal arm64 com.apple.xcode.tools.swift.compiler (in target 'ScreenTimeMonitor' from project 'Garten_Simulation')
    cd /Users/jannikschill/Documents/Garten-Simulation
    builtin-Swift-Compilation-Requirements -- /Applications/Xcode.app/Contents/Developer/Toolchains/XcodeDefault.xctoolchain/usr/bin/swiftc -module-name ScreenTimeMonitor -Onone @/Users/jannikschill/Library/Developer/Xcode/DerivedData/Garten_Simulation-eroxfyrnurmsaraojtkexlvtomxb/Build/Intermediates.noindex/Garten_Simulation.build/Debug-iphoneos/ScreenTimeMonitor.build/Objects-normal/arm64/ScreenTimeMonitor.SwiftFileList -DDEBUG -enable-bare-slash-regex -enable-upcoming-feature DisableOutwardActorInference -enable-upcoming-feature InferSendableFromCaptures -enable-upcoming-feature GlobalActorIsolatedTypesUsability -enable-upcoming-feature MemberImportVisibility -enable-upcoming-feature InferIsolatedConformances -enable-upcoming-feature NonisolatedNonsendingByDefault -enable-experimental-feature DebugDescriptionMacro -sdk /Applications/Xcode.app/Contents/Developer/Platforms/iPhoneOS.platform/Developer/SDKs/iPhoneOS26.5.sdk -target arm64-apple-ios17.0 -g -module-cache-path /Users/jannikschill/Library/Developer/Xcode/DerivedData/ModuleCache.noindex -Xfrontend -serialize-debugging-options -application-extension -enable-testing -index-store-path /Users/jannikschill/Library/Developer/Xcode/DerivedData/Garten_Simulation-eroxfyrnurmsaraojtkexlvtomxb/Index.noindex/DataStore -Xcc -D_LIBCPP_HARDENING_MODE\=_LIBCPP_HARDENING_MODE_DEBUG -swift-version 5 -I /Users/jannikschill/Library/Developer/Xcode/DerivedData/Garten_Simulation-eroxfyrnurmsaraojtkexlvtomxb/Build/Products/Debug-iphoneos -F /Users/jannikschill/Library/Developer/Xcode/DerivedData/Garten_Simulation-eroxfyrnurmsaraojtkexlvtomxb/Build/Products/Debug-iphoneos -parse-as-library -emit-localized-strings -emit-localized-strings-path /Users/jannikschill/Library/Developer/Xcode/DerivedData/Garten_Simulation-eroxfyrnurmsaraojtkexlvtomxb/Build/Intermediates.noindex/Garten_Simulation.build/Debug-iphoneos/ScreenTimeMonitor.build/Objects-normal/arm64 -c -j12 -enable-batch-mode -incremental -Xcc -ivfsstatcache -Xcc /Users/jannikschill/Library/Developer/Xcode/DerivedData/SDKStatCaches.noindex/iphoneos26.5-23F81a-688ef53f1462e2c8f657fdc38a81448f32daed1954a7d5dd0789fcaf2a9bb78b.sdkstatcache -output-file-map /Users/jannikschill/Library/Developer/Xcode/DerivedData/Garten_Simulation-eroxfyrnurmsaraojtkexlvtomxb/Build/Intermediates.noindex/Garten_Simulation.build/Debug-iphoneos/ScreenTimeMonitor.build/Objects-normal/arm64/ScreenTimeMonitor-OutputFileMap.json -use-frontend-parseable-output -save-temps -no-color-diagnostics -explicit-module-build -module-cache-path /Users/jannikschill/Library/Developer/Xcode/DerivedData/Garten_Simulation-eroxfyrnurmsaraojtkexlvtomxb/Build/Intermediates.noindex/SwiftExplicitPrecompiledModules -clang-scanner-module-cache-path /Users/jannikschill/Library/Developer/Xcode/DerivedData/ModuleCache.noindex -sdk-module-cache-path /Users/jannikschill/Library/Developer/Xcode/DerivedData/ModuleCache.noindex -serialize-diagnostics -emit-dependencies -emit-module -emit-module-path /Users/jannikschill/Library/Developer/Xcode/DerivedData/Garten_Simulation-eroxfyrnurmsaraojtkexlvtomxb/Build/Intermediates.noindex/Garten_Simulation.build/Debug-iphoneos/ScreenTimeMonitor.build/Objects-normal/arm64/ScreenTimeMonitor.swiftmodule -validate-clang-modules-once -clang-build-session-file /Users/jannikschill/Library/Developer/Xcode/DerivedData/ModuleCache.noindex/Session.modulevalidation -Xcc -I/Users/jannikschill/Library/Developer/Xcode/DerivedData/Garten_Simulation-eroxfyrnurmsaraojtkexlvtomxb/Build/Intermediates.noindex/Garten_Simulation.build/Debug-iphoneos/ScreenTimeMonitor.build/swift-overrides.hmap -emit-const-values -Xfrontend -const-gather-protocols-file -Xfrontend /Users/jannikschill/Library/Developer/Xcode/DerivedData/Garten_Simulation-eroxfyrnurmsaraojtkexlvtomxb/Build/Intermediates.noindex/Garten_Simulation.build/Debug-iphoneos/ScreenTimeMonitor.build/Objects-normal/arm64/ScreenTimeMonitor_const_extract_protocols.json -Xcc -iquote -Xcc /Users/jannikschill/Library/Developer/Xcode/DerivedData/Garten_Simulation-eroxfyrnurmsaraojtkexlvtomxb/Build/Intermediates.noindex/Garten_Simulation.build/Debug-iphoneos/ScreenTimeMonitor.build/ScreenTimeMonitor-generated-files.hmap -Xcc -I/Users/jannikschill/Library/Developer/Xcode/DerivedData/Garten_Simulation-eroxfyrnurmsaraojtkexlvtomxb/Build/Intermediates.noindex/Garten_Simulation.build/Debug-iphoneos/ScreenTimeMonitor.build/ScreenTimeMonitor-own-target-headers.hmap -Xcc -I/Users/jannikschill/Library/Developer/Xcode/DerivedData/Garten_Simulation-eroxfyrnurmsaraojtkexlvtomxb/Build/Intermediates.noindex/Garten_Simulation.build/Debug-iphoneos/ScreenTimeMonitor.build/ScreenTimeMonitor-all-non-framework-target-headers.hmap -Xcc -ivfsoverlay -Xcc /Users/jannikschill/Library/Developer/Xcode/DerivedData/Garten_Simulation-eroxfyrnurmsaraojtkexlvtomxb/Build/Intermediates.noindex/Garten_Simulation.build/Debug-iphoneos/Garten_Simulation-49394399678d88b76108bd64d45cffb0-VFS-iphoneos/all-product-headers.yaml -Xcc -iquote -Xcc /Users/jannikschill/Library/Developer/Xcode/DerivedData/Garten_Simulation-eroxfyrnurmsaraojtkexlvtomxb/Build/Intermediates.noindex/Garten_Simulation.build/Debug-iphoneos/ScreenTimeMonitor.build/ScreenTimeMonitor-project-headers.hmap -Xcc -I/Users/jannikschill/Library/Developer/Xcode/DerivedData/Garten_Simulation-eroxfyrnurmsaraojtkexlvtomxb/Build/Products/Debug-iphoneos/include -Xcc -I/Users/jannikschill/Library/Developer/Xcode/DerivedData/Garten_Simulation-eroxfyrnurmsaraojtkexlvtomxb/Build/Intermediates.noindex/Garten_Simulation.build/Debug-iphoneos/ScreenTimeMonitor.build/DerivedSources-normal/arm64 -Xcc -I/Users/jannikschill/Library/Developer/Xcode/DerivedData/Garten_Simulation-eroxfyrnurmsaraojtkexlvtomxb/Build/Intermediates.noindex/Garten_Simulation.build/Debug-iphoneos/ScreenTimeMonitor.build/DerivedSources/arm64 -Xcc -I/Users/jannikschill/Library/Developer/Xcode/DerivedData/Garten_Simulation-eroxfyrnurmsaraojtkexlvtomxb/Build/Intermediates.noindex/Garten_Simulation.build/Debug-iphoneos/ScreenTimeMonitor.build/DerivedSources -Xcc -DDEBUG\=1 -emit-objc-header -emit-objc-header-path /Users/jannikschill/Library/Developer/Xcode/DerivedData/Garten_Simulation-eroxfyrnurmsaraojtkexlvtomxb/Build/Intermediates.noindex/Garten_Simulation.build/Debug-iphoneos/ScreenTimeMonitor.build/Objects-normal/arm64/ScreenTimeMonitor-Swift.h -working-directory /Users/jannikschill/Documents/Garten-Simulation -experimental-emit-module-separately -disable-cmo

ConstructStubExecutorLinkFileList /Users/jannikschill/Library/Developer/Xcode/DerivedData/Garten_Simulation-eroxfyrnurmsaraojtkexlvtomxb/Build/Intermediates.noindex/Garten_Simulation.build/Debug-iphoneos/GrovyDNSFilter.build/GrovyDNSFilter-ExecutorLinkFileList-normal-arm64.txt (in target 'GrovyDNSFilter' from project 'Garten_Simulation')
    cd /Users/jannikschill/Documents/Garten-Simulation
    construct-stub-executor-link-file-list /Users/jannikschill/Library/Developer/Xcode/DerivedData/Garten_Simulation-eroxfyrnurmsaraojtkexlvtomxb/Build/Products/Debug-iphoneos/GrovyDNSFilter.appex/GrovyDNSFilter.debug.dylib /Applications/Xcode.app/Contents/Developer/Platforms/iPhoneOS.platform/Developer/usr/lib/libPreviewsJITStubExecutor_no_swift_entry_point.a /Applications/Xcode.app/Contents/Developer/Platforms/iPhoneOS.platform/Developer/usr/lib/libPreviewsJITStubExecutor.a --output /Users/jannikschill/Library/Developer/Xcode/DerivedData/Garten_Simulation-eroxfyrnurmsaraojtkexlvtomxb/Build/Intermediates.noindex/Garten_Simulation.build/Debug-iphoneos/GrovyDNSFilter.build/GrovyDNSFilter-ExecutorLinkFileList-normal-arm64.txt
note: Using stub executor library without Swift entry point. (in target 'GrovyDNSFilter' from project 'Garten_Simulation')

SwiftCompile normal arm64 Compiling\ LottiePlayer.swift /Users/jannikschill/Library/Developer/Xcode/DerivedData/Garten_Simulation-eroxfyrnurmsaraojtkexlvtomxb/SourcePackages/checkouts/dotlottie-ios/Sources/DotLottie/Public/LottiePlayer.swift (in target 'DotLottie' from project 'DotLottie')

SwiftCompile normal arm64 /Users/jannikschill/Library/Developer/Xcode/DerivedData/Garten_Simulation-eroxfyrnurmsaraojtkexlvtomxb/SourcePackages/checkouts/dotlottie-ios/Sources/DotLottie/Public/LottiePlayer.swift (in target 'DotLottie' from project 'DotLottie')
    cd /Users/jannikschill/Documents/Garten-Simulation/Garten_Simulation.xcodeproj
    

SwiftMergeGeneratedHeaders /Users/jannikschill/Library/Developer/Xcode/DerivedData/Garten_Simulation-eroxfyrnurmsaraojtkexlvtomxb/Build/Intermediates.noindex/Garten_Simulation.build/Debug-iphoneos/ScreenTimeMonitor.build/DerivedSources/ScreenTimeMonitor-Swift.h /Users/jannikschill/Library/Developer/Xcode/DerivedData/Garten_Simulation-eroxfyrnurmsaraojtkexlvtomxb/Build/Intermediates.noindex/Garten_Simulation.build/Debug-iphoneos/ScreenTimeMonitor.build/Objects-normal/arm64/ScreenTimeMonitor-Swift.h (in target 'ScreenTimeMonitor' from project 'Garten_Simulation')
    cd /Users/jannikschill/Documents/Garten-Simulation
    builtin-swiftHeaderTool -arch arm64 /Users/jannikschill/Library/Developer/Xcode/DerivedData/Garten_Simulation-eroxfyrnurmsaraojtkexlvtomxb/Build/Intermediates.noindex/Garten_Simulation.build/Debug-iphoneos/ScreenTimeMonitor.build/Objects-normal/arm64/ScreenTimeMonitor-Swift.h -o /Users/jannikschill/Library/Developer/Xcode/DerivedData/Garten_Simulation-eroxfyrnurmsaraojtkexlvtomxb/Build/Intermediates.noindex/Garten_Simulation.build/Debug-iphoneos/ScreenTimeMonitor.build/DerivedSources/ScreenTimeMonitor-Swift.h

SwiftDriverJobDiscovery normal arm64 Compiling DeviceActivityMonitorExtension.swift (in target 'ScreenTimeMonitor' from project 'Garten_Simulation')

Copy /Users/jannikschill/Library/Developer/Xcode/DerivedData/Garten_Simulation-eroxfyrnurmsaraojtkexlvtomxb/Build/Products/Debug-iphoneos/ScreenTimeMonitor.swiftmodule/arm64-apple-ios.swiftmodule /Users/jannikschill/Library/Developer/Xcode/DerivedData/Garten_Simulation-eroxfyrnurmsaraojtkexlvtomxb/Build/Intermediates.noindex/Garten_Simulation.build/Debug-iphoneos/ScreenTimeMonitor.build/Objects-normal/arm64/ScreenTimeMonitor.swiftmodule (in target 'ScreenTimeMonitor' from project 'Garten_Simulation')
    cd /Users/jannikschill/Documents/Garten-Simulation
    builtin-copy -exclude .DS_Store -exclude CVS -exclude .svn -exclude .git -exclude .hg -resolve-src-symlinks -rename /Users/jannikschill/Library/Developer/Xcode/DerivedData/Garten_Simulation-eroxfyrnurmsaraojtkexlvtomxb/Build/Intermediates.noindex/Garten_Simulation.build/Debug-iphoneos/ScreenTimeMonitor.build/Objects-normal/arm64/ScreenTimeMonitor.swiftmodule /Users/jannikschill/Library/Developer/Xcode/DerivedData/Garten_Simulation-eroxfyrnurmsaraojtkexlvtomxb/Build/Products/Debug-iphoneos/ScreenTimeMonitor.swiftmodule/arm64-apple-ios.swiftmodule

Copy /Users/jannikschill/Library/Developer/Xcode/DerivedData/Garten_Simulation-eroxfyrnurmsaraojtkexlvtomxb/Build/Products/Debug-iphoneos/ScreenTimeMonitor.swiftmodule/arm64-apple-ios.swiftdoc /Users/jannikschill/Library/Developer/Xcode/DerivedData/Garten_Simulation-eroxfyrnurmsaraojtkexlvtomxb/Build/Intermediates.noindex/Garten_Simulation.build/Debug-iphoneos/ScreenTimeMonitor.build/Objects-normal/arm64/ScreenTimeMonitor.swiftdoc (in target 'ScreenTimeMonitor' from project 'Garten_Simulation')
    cd /Users/jannikschill/Documents/Garten-Simulation
    builtin-copy -exclude .DS_Store -exclude CVS -exclude .svn -exclude .git -exclude .hg -resolve-src-symlinks -rename /Users/jannikschill/Library/Developer/Xcode/DerivedData/Garten_Simulation-eroxfyrnurmsaraojtkexlvtomxb/Build/Intermediates.noindex/Garten_Simulation.build/Debug-iphoneos/ScreenTimeMonitor.build/Objects-normal/arm64/ScreenTimeMonitor.swiftdoc /Users/jannikschill/Library/Developer/Xcode/DerivedData/Garten_Simulation-eroxfyrnurmsaraojtkexlvtomxb/Build/Products/Debug-iphoneos/ScreenTimeMonitor.swiftmodule/arm64-apple-ios.swiftdoc

Copy /Users/jannikschill/Library/Developer/Xcode/DerivedData/Garten_Simulation-eroxfyrnurmsaraojtkexlvtomxb/Build/Products/Debug-iphoneos/ScreenTimeMonitor.swiftmodule/arm64-apple-ios.abi.json /Users/jannikschill/Library/Developer/Xcode/DerivedData/Garten_Simulation-eroxfyrnurmsaraojtkexlvtomxb/Build/Intermediates.noindex/Garten_Simulation.build/Debug-iphoneos/ScreenTimeMonitor.build/Objects-normal/arm64/ScreenTimeMonitor.abi.json (in target 'ScreenTimeMonitor' from project 'Garten_Simulation')
    cd /Users/jannikschill/Documents/Garten-Simulation
    builtin-copy -exclude .DS_Store -exclude CVS -exclude .svn -exclude .git -exclude .hg -resolve-src-symlinks -rename /Users/jannikschill/Library/Developer/Xcode/DerivedData/Garten_Simulation-eroxfyrnurmsaraojtkexlvtomxb/Build/Intermediates.noindex/Garten_Simulation.build/Debug-iphoneos/ScreenTimeMonitor.build/Objects-normal/arm64/ScreenTimeMonitor.abi.json /Users/jannikschill/Library/Developer/Xcode/DerivedData/Garten_Simulation-eroxfyrnurmsaraojtkexlvtomxb/Build/Products/Debug-iphoneos/ScreenTimeMonitor.swiftmodule/arm64-apple-ios.abi.json

Copy /Users/jannikschill/Library/Developer/Xcode/DerivedData/Garten_Simulation-eroxfyrnurmsaraojtkexlvtomxb/Build/Products/Debug-iphoneos/ScreenTimeMonitor.swiftmodule/Project/arm64-apple-ios.swiftsourceinfo /Users/jannikschill/Library/Developer/Xcode/DerivedData/Garten_Simulation-eroxfyrnurmsaraojtkexlvtomxb/Build/Intermediates.noindex/Garten_Simulation.build/Debug-iphoneos/ScreenTimeMonitor.build/Objects-normal/arm64/ScreenTimeMonitor.swiftsourceinfo (in target 'ScreenTimeMonitor' from project 'Garten_Simulation')
    cd /Users/jannikschill/Documents/Garten-Simulation
    builtin-copy -exclude .DS_Store -exclude CVS -exclude .svn -exclude .git -exclude .hg -resolve-src-symlinks -rename /Users/jannikschill/Library/Developer/Xcode/DerivedData/Garten_Simulation-eroxfyrnurmsaraojtkexlvtomxb/Build/Intermediates.noindex/Garten_Simulation.build/Debug-iphoneos/ScreenTimeMonitor.build/Objects-normal/arm64/ScreenTimeMonitor.swiftsourceinfo /Users/jannikschill/Library/Developer/Xcode/DerivedData/Garten_Simulation-eroxfyrnurmsaraojtkexlvtomxb/Build/Products/Debug-iphoneos/ScreenTimeMonitor.swiftmodule/Project/arm64-apple-ios.swiftsourceinfo

Ld /Users/jannikschill/Library/Developer/Xcode/DerivedData/Garten_Simulation-eroxfyrnurmsaraojtkexlvtomxb/Build/Products/Debug-iphoneos/GrovyDNSFilter.appex/GrovyDNSFilter normal (in target 'GrovyDNSFilter' from project 'Garten_Simulation')
    cd /Users/jannikschill/Documents/Garten-Simulation
    /Applications/Xcode.app/Contents/Developer/Toolchains/XcodeDefault.xctoolchain/usr/bin/clang -Xlinker -reproducible -target arm64-apple-ios17.0 -isysroot /Applications/Xcode.app/Contents/Developer/Platforms/iPhoneOS.platform/Developer/SDKs/iPhoneOS26.5.sdk -O0 -L/Users/jannikschill/Library/Developer/Xcode/DerivedData/Garten_Simulation-eroxfyrnurmsaraojtkexlvtomxb/Build/Products/Debug-iphoneos -F/Users/jannikschill/Library/Developer/Xcode/DerivedData/Garten_Simulation-eroxfyrnurmsaraojtkexlvtomxb/Build/Products/Debug-iphoneos -Xlinker -rpath -Xlinker @executable_path -Xlinker -rpath -Xlinker @executable_path/Frameworks -Xlinker -rpath -Xlinker @executable_path/../../Frameworks -rdynamic -Xlinker -no_deduplicate -e ___debug_blank_executor_main -Xlinker -sectcreate -Xlinker __TEXT -Xlinker __debug_dylib -Xlinker /Users/jannikschill/Library/Developer/Xcode/DerivedData/Garten_Simulation-eroxfyrnurmsaraojtkexlvtomxb/Build/Intermediates.noindex/Garten_Simulation.build/Debug-iphoneos/GrovyDNSFilter.build/GrovyDNSFilter-DebugDylibPath-normal-arm64.txt -Xlinker -sectcreate -Xlinker __TEXT -Xlinker __debug_entry -Xlinker /Users/jannikschill/Library/Developer/Xcode/DerivedData/Garten_Simulation-eroxfyrnurmsaraojtkexlvtomxb/Build/Intermediates.noindex/Garten_Simulation.build/Debug-iphoneos/GrovyDNSFilter.build/GrovyDNSFilter-DebugEntryPoint-normal-arm64.txt -Xlinker -sectcreate -Xlinker __TEXT -Xlinker __debug_instlnm -Xlinker /Users/jannikschill/Library/Developer/Xcode/DerivedData/Garten_Simulation-eroxfyrnurmsaraojtkexlvtomxb/Build/Intermediates.noindex/Garten_Simulation.build/Debug-iphoneos/GrovyDNSFilter.build/GrovyDNSFilter-DebugDylibInstallName-normal-arm64.txt -Xlinker -filelist -Xlinker /Users/jannikschill/Library/Developer/Xcode/DerivedData/Garten_Simulation-eroxfyrnurmsaraojtkexlvtomxb/Build/Intermediates.noindex/Garten_Simulation.build/Debug-iphoneos/GrovyDNSFilter.build/GrovyDNSFilter-ExecutorLinkFileList-normal-arm64.txt /Users/jannikschill/Library/Developer/Xcode/DerivedData/Garten_Simulation-eroxfyrnurmsaraojtkexlvtomxb/Build/Products/Debug-iphoneos/GrovyDNSFilter.appex/GrovyDNSFilter.debug.dylib -Xlinker -no_adhoc_codesign -o /Users/jannikschill/Library/Developer/Xcode/DerivedData/Garten_Simulation-eroxfyrnurmsaraojtkexlvtomxb/Build/Products/Debug-iphoneos/GrovyDNSFilter.appex/GrovyDNSFilter

SwiftDriver\ Compilation ScreenTimeMonitor normal arm64 com.apple.xcode.tools.swift.compiler (in target 'ScreenTimeMonitor' from project 'Garten_Simulation')
    cd /Users/jannikschill/Documents/Garten-Simulation
    builtin-Swift-Compilation -- /Applications/Xcode.app/Contents/Developer/Toolchains/XcodeDefault.xctoolchain/usr/bin/swiftc -module-name ScreenTimeMonitor -Onone @/Users/jannikschill/Library/Developer/Xcode/DerivedData/Garten_Simulation-eroxfyrnurmsaraojtkexlvtomxb/Build/Intermediates.noindex/Garten_Simulation.build/Debug-iphoneos/ScreenTimeMonitor.build/Objects-normal/arm64/ScreenTimeMonitor.SwiftFileList -DDEBUG -enable-bare-slash-regex -enable-upcoming-feature DisableOutwardActorInference -enable-upcoming-feature InferSendableFromCaptures -enable-upcoming-feature GlobalActorIsolatedTypesUsability -enable-upcoming-feature MemberImportVisibility -enable-upcoming-feature InferIsolatedConformances -enable-upcoming-feature NonisolatedNonsendingByDefault -enable-experimental-feature DebugDescriptionMacro -sdk /Applications/Xcode.app/Contents/Developer/Platforms/iPhoneOS.platform/Developer/SDKs/iPhoneOS26.5.sdk -target arm64-apple-ios17.0 -g -module-cache-path /Users/jannikschill/Library/Developer/Xcode/DerivedData/ModuleCache.noindex -Xfrontend -serialize-debugging-options -application-extension -enable-testing -index-store-path /Users/jannikschill/Library/Developer/Xcode/DerivedData/Garten_Simulation-eroxfyrnurmsaraojtkexlvtomxb/Index.noindex/DataStore -Xcc -D_LIBCPP_HARDENING_MODE\=_LIBCPP_HARDENING_MODE_DEBUG -swift-version 5 -I /Users/jannikschill/Library/Developer/Xcode/DerivedData/Garten_Simulation-eroxfyrnurmsaraojtkexlvtomxb/Build/Products/Debug-iphoneos -F /Users/jannikschill/Library/Developer/Xcode/DerivedData/Garten_Simulation-eroxfyrnurmsaraojtkexlvtomxb/Build/Products/Debug-iphoneos -parse-as-library -emit-localized-strings -emit-localized-strings-path /Users/jannikschill/Library/Developer/Xcode/DerivedData/Garten_Simulation-eroxfyrnurmsaraojtkexlvtomxb/Build/Intermediates.noindex/Garten_Simulation.build/Debug-iphoneos/ScreenTimeMonitor.build/Objects-normal/arm64 -c -j12 -enable-batch-mode -incremental -Xcc -ivfsstatcache -Xcc /Users/jannikschill/Library/Developer/Xcode/DerivedData/SDKStatCaches.noindex/iphoneos26.5-23F81a-688ef53f1462e2c8f657fdc38a81448f32daed1954a7d5dd0789fcaf2a9bb78b.sdkstatcache -output-file-map /Users/jannikschill/Library/Developer/Xcode/DerivedData/Garten_Simulation-eroxfyrnurmsaraojtkexlvtomxb/Build/Intermediates.noindex/Garten_Simulation.build/Debug-iphoneos/ScreenTimeMonitor.build/Objects-normal/arm64/ScreenTimeMonitor-OutputFileMap.json -use-frontend-parseable-output -save-temps -no-color-diagnostics -explicit-module-build -module-cache-path /Users/jannikschill/Library/Developer/Xcode/DerivedData/Garten_Simulation-eroxfyrnurmsaraojtkexlvtomxb/Build/Intermediates.noindex/SwiftExplicitPrecompiledModules -clang-scanner-module-cache-path /Users/jannikschill/Library/Developer/Xcode/DerivedData/ModuleCache.noindex -sdk-module-cache-path /Users/jannikschill/Library/Developer/Xcode/DerivedData/ModuleCache.noindex -serialize-diagnostics -emit-dependencies -emit-module -emit-module-path /Users/jannikschill/Library/Developer/Xcode/DerivedData/Garten_Simulation-eroxfyrnurmsaraojtkexlvtomxb/Build/Intermediates.noindex/Garten_Simulation.build/Debug-iphoneos/ScreenTimeMonitor.build/Objects-normal/arm64/ScreenTimeMonitor.swiftmodule -validate-clang-modules-once -clang-build-session-file /Users/jannikschill/Library/Developer/Xcode/DerivedData/ModuleCache.noindex/Session.modulevalidation -Xcc -I/Users/jannikschill/Library/Developer/Xcode/DerivedData/Garten_Simulation-eroxfyrnurmsaraojtkexlvtomxb/Build/Intermediates.noindex/Garten_Simulation.build/Debug-iphoneos/ScreenTimeMonitor.build/swift-overrides.hmap -emit-const-values -Xfrontend -const-gather-protocols-file -Xfrontend /Users/jannikschill/Library/Developer/Xcode/DerivedData/Garten_Simulation-eroxfyrnurmsaraojtkexlvtomxb/Build/Intermediates.noindex/Garten_Simulation.build/Debug-iphoneos/ScreenTimeMonitor.build/Objects-normal/arm64/ScreenTimeMonitor_const_extract_protocols.json -Xcc -iquote -Xcc /Users/jannikschill/Library/Developer/Xcode/DerivedData/Garten_Simulation-eroxfyrnurmsaraojtkexlvtomxb/Build/Intermediates.noindex/Garten_Simulation.build/Debug-iphoneos/ScreenTimeMonitor.build/ScreenTimeMonitor-generated-files.hmap -Xcc -I/Users/jannikschill/Library/Developer/Xcode/DerivedData/Garten_Simulation-eroxfyrnurmsaraojtkexlvtomxb/Build/Intermediates.noindex/Garten_Simulation.build/Debug-iphoneos/ScreenTimeMonitor.build/ScreenTimeMonitor-own-target-headers.hmap -Xcc -I/Users/jannikschill/Library/Developer/Xcode/DerivedData/Garten_Simulation-eroxfyrnurmsaraojtkexlvtomxb/Build/Intermediates.noindex/Garten_Simulation.build/Debug-iphoneos/ScreenTimeMonitor.build/ScreenTimeMonitor-all-non-framework-target-headers.hmap -Xcc -ivfsoverlay -Xcc /Users/jannikschill/Library/Developer/Xcode/DerivedData/Garten_Simulation-eroxfyrnurmsaraojtkexlvtomxb/Build/Intermediates.noindex/Garten_Simulation.build/Debug-iphoneos/Garten_Simulation-49394399678d88b76108bd64d45cffb0-VFS-iphoneos/all-product-headers.yaml -Xcc -iquote -Xcc /Users/jannikschill/Library/Developer/Xcode/DerivedData/Garten_Simulation-eroxfyrnurmsaraojtkexlvtomxb/Build/Intermediates.noindex/Garten_Simulation.build/Debug-iphoneos/ScreenTimeMonitor.build/ScreenTimeMonitor-project-headers.hmap -Xcc -I/Users/jannikschill/Library/Developer/Xcode/DerivedData/Garten_Simulation-eroxfyrnurmsaraojtkexlvtomxb/Build/Products/Debug-iphoneos/include -Xcc -I/Users/jannikschill/Library/Developer/Xcode/DerivedData/Garten_Simulation-eroxfyrnurmsaraojtkexlvtomxb/Build/Intermediates.noindex/Garten_Simulation.build/Debug-iphoneos/ScreenTimeMonitor.build/DerivedSources-normal/arm64 -Xcc -I/Users/jannikschill/Library/Developer/Xcode/DerivedData/Garten_Simulation-eroxfyrnurmsaraojtkexlvtomxb/Build/Intermediates.noindex/Garten_Simulation.build/Debug-iphoneos/ScreenTimeMonitor.build/DerivedSources/arm64 -Xcc -I/Users/jannikschill/Library/Developer/Xcode/DerivedData/Garten_Simulation-eroxfyrnurmsaraojtkexlvtomxb/Build/Intermediates.noindex/Garten_Simulation.build/Debug-iphoneos/ScreenTimeMonitor.build/DerivedSources -Xcc -DDEBUG\=1 -emit-objc-header -emit-objc-header-path /Users/jannikschill/Library/Developer/Xcode/DerivedData/Garten_Simulation-eroxfyrnurmsaraojtkexlvtomxb/Build/Intermediates.noindex/Garten_Simulation.build/Debug-iphoneos/ScreenTimeMonitor.build/Objects-normal/arm64/ScreenTimeMonitor-Swift.h -working-directory /Users/jannikschill/Documents/Garten-Simulation -experimental-emit-module-separately -disable-cmo

SwiftCompile normal arm64 Compiling\ DotLottieAnimation.swift,\ DotLottieAnimationView.swift /Users/jannikschill/Library/Developer/Xcode/DerivedData/Garten_Simulation-eroxfyrnurmsaraojtkexlvtomxb/SourcePackages/checkouts/dotlottie-ios/Sources/DotLottie/Public/DotLottieAnimation.swift /Users/jannikschill/Library/Developer/Xcode/DerivedData/Garten_Simulation-eroxfyrnurmsaraojtkexlvtomxb/SourcePackages/checkouts/dotlottie-ios/Sources/DotLottie/Public/DotLottieAnimationView.swift (in target 'DotLottie' from project 'DotLottie')

SwiftCompile normal arm64 /Users/jannikschill/Library/Developer/Xcode/DerivedData/Garten_Simulation-eroxfyrnurmsaraojtkexlvtomxb/SourcePackages/checkouts/dotlottie-ios/Sources/DotLottie/Public/DotLottieAnimation.swift (in target 'DotLottie' from project 'DotLottie')
    cd /Users/jannikschill/Documents/Garten-Simulation/Garten_Simulation.xcodeproj
    

SwiftCompile normal arm64 /Users/jannikschill/Library/Developer/Xcode/DerivedData/Garten_Simulation-eroxfyrnurmsaraojtkexlvtomxb/SourcePackages/checkouts/dotlottie-ios/Sources/DotLottie/Public/DotLottieAnimationView.swift (in target 'DotLottie' from project 'DotLottie')
    cd /Users/jannikschill/Documents/Garten-Simulation/Garten_Simulation.xcodeproj
    

SwiftCompile normal arm64 Compiling\ AnimationConfig.swift /Users/jannikschill/Library/Developer/Xcode/DerivedData/Garten_Simulation-eroxfyrnurmsaraojtkexlvtomxb/SourcePackages/checkouts/dotlottie-ios/Sources/DotLottie/Public/Models/AnimationConfig.swift (in target 'DotLottie' from project 'DotLottie')

SwiftCompile normal arm64 /Users/jannikschill/Library/Developer/Xcode/DerivedData/Garten_Simulation-eroxfyrnurmsaraojtkexlvtomxb/SourcePackages/checkouts/dotlottie-ios/Sources/DotLottie/Public/Models/AnimationConfig.swift (in target 'DotLottie' from project 'DotLottie')
    cd /Users/jannikschill/Documents/Garten-Simulation/Garten_Simulation.xcodeproj
    

SwiftDriverJobDiscovery normal arm64 Compiling ViewRepresentable.swift (in target 'DotLottie' from project 'DotLottie')

SwiftCompile normal arm64 Compiling\ Coordinator.swift,\ DotLottie.swift /Users/jannikschill/Library/Developer/Xcode/DerivedData/Garten_Simulation-eroxfyrnurmsaraojtkexlvtomxb/SourcePackages/checkouts/dotlottie-ios/Sources/DotLottie/Public/Coordinator.swift /Users/jannikschill/Library/Developer/Xcode/DerivedData/Garten_Simulation-eroxfyrnurmsaraojtkexlvtomxb/SourcePackages/checkouts/dotlottie-ios/Sources/DotLottie/Public/DotLottie.swift (in target 'DotLottie' from project 'DotLottie')

SwiftCompile normal arm64 /Users/jannikschill/Library/Developer/Xcode/DerivedData/Garten_Simulation-eroxfyrnurmsaraojtkexlvtomxb/SourcePackages/checkouts/dotlottie-ios/Sources/DotLottie/Public/Coordinator.swift (in target 'DotLottie' from project 'DotLottie')
    cd /Users/jannikschill/Documents/Garten-Simulation/Garten_Simulation.xcodeproj
    

SwiftCompile normal arm64 /Users/jannikschill/Library/Developer/Xcode/DerivedData/Garten_Simulation-eroxfyrnurmsaraojtkexlvtomxb/SourcePackages/checkouts/dotlottie-ios/Sources/DotLottie/Public/DotLottie.swift (in target 'DotLottie' from project 'DotLottie')
    cd /Users/jannikschill/Documents/Garten-Simulation/Garten_Simulation.xcodeproj
    

SwiftDriverJobDiscovery normal arm64 Compiling AnimationModel.swift (in target 'DotLottie' from project 'DotLottie')

SwiftCompile normal arm64 Compiling\ DotLottieView.swift,\ Errors.swift /Users/jannikschill/Library/Developer/Xcode/DerivedData/Garten_Simulation-eroxfyrnurmsaraojtkexlvtomxb/SourcePackages/checkouts/dotlottie-ios/Sources/DotLottie/Public/DotLottieView.swift /Users/jannikschill/Library/Developer/Xcode/DerivedData/Garten_Simulation-eroxfyrnurmsaraojtkexlvtomxb/SourcePackages/checkouts/dotlottie-ios/Sources/DotLottie/Public/Errors.swift (in target 'DotLottie' from project 'DotLottie')

SwiftCompile normal arm64 /Users/jannikschill/Library/Developer/Xcode/DerivedData/Garten_Simulation-eroxfyrnurmsaraojtkexlvtomxb/SourcePackages/checkouts/dotlottie-ios/Sources/DotLottie/Public/DotLottieView.swift (in target 'DotLottie' from project 'DotLottie')
    cd /Users/jannikschill/Documents/Garten-Simulation/Garten_Simulation.xcodeproj
    

SwiftCompile normal arm64 /Users/jannikschill/Library/Developer/Xcode/DerivedData/Garten_Simulation-eroxfyrnurmsaraojtkexlvtomxb/SourcePackages/checkouts/dotlottie-ios/Sources/DotLottie/Public/Errors.swift (in target 'DotLottie' from project 'DotLottie')
    cd /Users/jannikschill/Documents/Garten-Simulation/Garten_Simulation.xcodeproj
    

SwiftDriverJobDiscovery normal arm64 Compiling GestureManager.swift (in target 'DotLottie' from project 'DotLottie')

SwiftDriverJobDiscovery normal arm64 Compiling AnimationConfig.swift (in target 'DotLottie' from project 'DotLottie')

Ld /Users/jannikschill/Library/Developer/Xcode/DerivedData/Garten_Simulation-eroxfyrnurmsaraojtkexlvtomxb/Build/Products/Debug-iphoneos/ScreenTimeMonitor.appex/ScreenTimeMonitor.debug.dylib normal (in target 'ScreenTimeMonitor' from project 'Garten_Simulation')
    cd /Users/jannikschill/Documents/Garten-Simulation
    /Applications/Xcode.app/Contents/Developer/Toolchains/XcodeDefault.xctoolchain/usr/bin/clang -Xlinker -reproducible -target arm64-apple-ios17.0 -dynamiclib -isysroot /Applications/Xcode.app/Contents/Developer/Platforms/iPhoneOS.platform/Developer/SDKs/iPhoneOS26.5.sdk -O0 -L/Users/jannikschill/Library/Developer/Xcode/DerivedData/Garten_Simulation-eroxfyrnurmsaraojtkexlvtomxb/Build/Intermediates.noindex/EagerLinkingTBDs/Debug-iphoneos -L/Users/jannikschill/Library/Developer/Xcode/DerivedData/Garten_Simulation-eroxfyrnurmsaraojtkexlvtomxb/Build/Products/Debug-iphoneos -F/Users/jannikschill/Library/Developer/Xcode/DerivedData/Garten_Simulation-eroxfyrnurmsaraojtkexlvtomxb/Build/Intermediates.noindex/EagerLinkingTBDs/Debug-iphoneos -F/Users/jannikschill/Library/Developer/Xcode/DerivedData/Garten_Simulation-eroxfyrnurmsaraojtkexlvtomxb/Build/Products/Debug-iphoneos -filelist /Users/jannikschill/Library/Developer/Xcode/DerivedData/Garten_Simulation-eroxfyrnurmsaraojtkexlvtomxb/Build/Intermediates.noindex/Garten_Simulation.build/Debug-iphoneos/ScreenTimeMonitor.build/Objects-normal/arm64/ScreenTimeMonitor.LinkFileList -install_name @rpath/ScreenTimeMonitor.debug.dylib -Xlinker -rpath -Xlinker /usr/lib/swift -Xlinker -rpath -Xlinker @executable_path/Frameworks -Xlinker -rpath -Xlinker @executable_path/../../Frameworks -Xlinker -dead_strip -Xlinker -object_path_lto -Xlinker /Users/jannikschill/Library/Developer/Xcode/DerivedData/Garten_Simulation-eroxfyrnurmsaraojtkexlvtomxb/Build/Intermediates.noindex/Garten_Simulation.build/Debug-iphoneos/ScreenTimeMonitor.build/Objects-normal/arm64/ScreenTimeMonitor_lto.o -rdynamic -Xlinker -no_deduplicate -Xlinker -dependency_info -Xlinker /Users/jannikschill/Library/Developer/Xcode/DerivedData/Garten_Simulation-eroxfyrnurmsaraojtkexlvtomxb/Build/Intermediates.noindex/Garten_Simulation.build/Debug-iphoneos/ScreenTimeMonitor.build/Objects-normal/arm64/ScreenTimeMonitor_dependency_info.dat -fapplication-extension -fobjc-link-runtime -L/Applications/Xcode.app/Contents/Developer/Toolchains/XcodeDefault.xctoolchain/usr/lib/swift/iphoneos -L/usr/lib/swift -Xlinker -add_ast_path -Xlinker /Users/jannikschill/Library/Developer/Xcode/DerivedData/Garten_Simulation-eroxfyrnurmsaraojtkexlvtomxb/Build/Intermediates.noindex/Garten_Simulation.build/Debug-iphoneos/ScreenTimeMonitor.build/Objects-normal/arm64/ScreenTimeMonitor.swiftmodule @/Users/jannikschill/Library/Developer/Xcode/DerivedData/Garten_Simulation-eroxfyrnurmsaraojtkexlvtomxb/Build/Intermediates.noindex/Garten_Simulation.build/Debug-iphoneos/ScreenTimeMonitor.build/Objects-normal/arm64/ScreenTimeMonitor-linker-args.resp -Xlinker -alias -Xlinker _NSExtensionMain -Xlinker ___debug_main_executable_dylib_entry_point -framework DeviceActivity -Xlinker -no_adhoc_codesign -o /Users/jannikschill/Library/Developer/Xcode/DerivedData/Garten_Simulation-eroxfyrnurmsaraojtkexlvtomxb/Build/Products/Debug-iphoneos/ScreenTimeMonitor.appex/ScreenTimeMonitor.debug.dylib

ExtractAppIntentsMetadata (in target 'GrovyDNSFilter' from project 'Garten_Simulation')
    cd /Users/jannikschill/Documents/Garten-Simulation
    /Applications/Xcode.app/Contents/Developer/Toolchains/XcodeDefault.xctoolchain/usr/bin/appintentsmetadataprocessor --toolchain-dir /var/run/com.apple.security.cryptexd/mnt/com.apple.MobileAsset.MetalToolchain-v17.6.109.0.6H7FzB/Metal.xctoolchain --module-name GrovyDNSFilter --sdk-root /Applications/Xcode.app/Contents/Developer/Platforms/iPhoneOS.platform/Developer/SDKs/iPhoneOS26.5.sdk --xcode-version 17F113 --platform-family iOS --deployment-target 17.0 --bundle-identifier com.jannik.grovy.GrovyDNSFilter --output /Users/jannikschill/Library/Developer/Xcode/DerivedData/Garten_Simulation-eroxfyrnurmsaraojtkexlvtomxb/Build/Products/Debug-iphoneos/GrovyDNSFilter.appex --target-triple arm64-apple-ios17.0 --binary-file /Users/jannikschill/Library/Developer/Xcode/DerivedData/Garten_Simulation-eroxfyrnurmsaraojtkexlvtomxb/Build/Products/Debug-iphoneos/GrovyDNSFilter.appex/GrovyDNSFilter --dependency-file /Users/jannikschill/Library/Developer/Xcode/DerivedData/Garten_Simulation-eroxfyrnurmsaraojtkexlvtomxb/Build/Intermediates.noindex/Garten_Simulation.build/Debug-iphoneos/GrovyDNSFilter.build/Objects-normal/arm64/GrovyDNSFilter_dependency_info.dat --stringsdata-file /Users/jannikschill/Library/Developer/Xcode/DerivedData/Garten_Simulation-eroxfyrnurmsaraojtkexlvtomxb/Build/Intermediates.noindex/Garten_Simulation.build/Debug-iphoneos/GrovyDNSFilter.build/Objects-normal/arm64/ExtractedAppShortcutsMetadata.stringsdata --source-file-list /Users/jannikschill/Library/Developer/Xcode/DerivedData/Garten_Simulation-eroxfyrnurmsaraojtkexlvtomxb/Build/Intermediates.noindex/Garten_Simulation.build/Debug-iphoneos/GrovyDNSFilter.build/Objects-normal/arm64/GrovyDNSFilter.SwiftFileList --metadata-file-list /Users/jannikschill/Library/Developer/Xcode/DerivedData/Garten_Simulation-eroxfyrnurmsaraojtkexlvtomxb/Build/Intermediates.noindex/Garten_Simulation.build/Debug-iphoneos/GrovyDNSFilter.build/GrovyDNSFilter.DependencyMetadataFileList --static-metadata-file-list /Users/jannikschill/Library/Developer/Xcode/DerivedData/Garten_Simulation-eroxfyrnurmsaraojtkexlvtomxb/Build/Intermediates.noindex/Garten_Simulation.build/Debug-iphoneos/GrovyDNSFilter.build/GrovyDNSFilter.DependencyStaticMetadataFileList --swift-const-vals-list /Users/jannikschill/Library/Developer/Xcode/DerivedData/Garten_Simulation-eroxfyrnurmsaraojtkexlvtomxb/Build/Intermediates.noindex/Garten_Simulation.build/Debug-iphoneos/GrovyDNSFilter.build/Objects-normal/arm64/GrovyDNSFilter.SwiftConstValuesFileList --compile-time-extraction --deployment-aware-processing --validate-assistant-intents --no-app-shortcuts-localization
2026-09-10 16:02:36.034 appintentsmetadataprocessor[17394:436596] Starting appintentsmetadataprocessor export
2026-09-10 16:02:36.037 appintentsmetadataprocessor[17394:436596] warning: Metadata extraction skipped. No AppIntents.framework dependency found.

SwiftDriverJobDiscovery normal arm64 Compiling Utils.swift (in target 'DotLottie' from project 'DotLottie')

AppIntentsSSUTraining (in target 'GrovyDNSFilter' from project 'Garten_Simulation')
    cd /Users/jannikschill/Documents/Garten-Simulation
    /Applications/Xcode.app/Contents/Developer/Toolchains/XcodeDefault.xctoolchain/usr/bin/appintentsnltrainingprocessor --infoplist-path /Users/jannikschill/Library/Developer/Xcode/DerivedData/Garten_Simulation-eroxfyrnurmsaraojtkexlvtomxb/Build/Products/Debug-iphoneos/GrovyDNSFilter.appex/Info.plist --temp-dir-path /Users/jannikschill/Library/Developer/Xcode/DerivedData/Garten_Simulation-eroxfyrnurmsaraojtkexlvtomxb/Build/Intermediates.noindex/Garten_Simulation.build/Debug-iphoneos/GrovyDNSFilter.build/ssu --bundle-id com.jannik.grovy.GrovyDNSFilter --product-path /Users/jannikschill/Library/Developer/Xcode/DerivedData/Garten_Simulation-eroxfyrnurmsaraojtkexlvtomxb/Build/Products/Debug-iphoneos/GrovyDNSFilter.appex --extracted-metadata-path /Users/jannikschill/Library/Developer/Xcode/DerivedData/Garten_Simulation-eroxfyrnurmsaraojtkexlvtomxb/Build/Products/Debug-iphoneos/GrovyDNSFilter.appex/Metadata.appintents --metadata-file-list /Users/jannikschill/Library/Developer/Xcode/DerivedData/Garten_Simulation-eroxfyrnurmsaraojtkexlvtomxb/Build/Intermediates.noindex/Garten_Simulation.build/Debug-iphoneos/GrovyDNSFilter.build/GrovyDNSFilter.DependencyMetadataFileList --source-file /Users/jannikschill/Library/Developer/Xcode/DerivedData/Garten_Simulation-eroxfyrnurmsaraojtkexlvtomxb/Build/Products/Debug-iphoneos/GrovyDNSFilter.appex/Info.plist --archive-ssu-assets
2026-09-10 16:02:36.054 appintentsnltrainingprocessor[17396:436605] Parsing options for appintentsnltrainingprocessor
2026-09-10 16:02:36.054 appintentsnltrainingprocessor[17396:436605] Starting AppIntents SSU YAML Generation
2026-09-10 16:02:36.054 appintentsnltrainingprocessor[17396:436605] No AppShortcuts found - Skipping.

CodeSign /Users/jannikschill/Library/Developer/Xcode/DerivedData/Garten_Simulation-eroxfyrnurmsaraojtkexlvtomxb/Build/Products/Debug-iphoneos/GrovyDNSFilter.appex/GrovyDNSFilter.debug.dylib (in target 'GrovyDNSFilter' from project 'Garten_Simulation')
    cd /Users/jannikschill/Documents/Garten-Simulation
    
    Signing Identity:     "Apple Development: jannik.schill.2010@gmail.com (Y3TPBQ8BW8)"
    Provisioning Profile: "iOS Team Provisioning Profile: com.jannik.grovy.GrovyDNSFilter"
                          (d694ea78-4a1b-4320-afaf-c483373b3c39)
    
    /usr/bin/codesign --force --sign 8102FDB7D060355F2112EF227766019935B0F9B4 --timestamp\=none --generate-entitlement-der /Users/jannikschill/Library/Developer/Xcode/DerivedData/Garten_Simulation-eroxfyrnurmsaraojtkexlvtomxb/Build/Products/Debug-iphoneos/GrovyDNSFilter.appex/GrovyDNSFilter.debug.dylib

SwiftDriverJobDiscovery normal arm64 Emitting module for DotLottie (in target 'DotLottie' from project 'DotLottie')

SwiftDriver\ Compilation\ Requirements DotLottie normal arm64 com.apple.xcode.tools.swift.compiler (in target 'DotLottie' from project 'DotLottie')
    cd /Users/jannikschill/Documents/Garten-Simulation/Garten_Simulation.xcodeproj
    builtin-Swift-Compilation-Requirements -- /Applications/Xcode.app/Contents/Developer/Toolchains/XcodeDefault.xctoolchain/usr/bin/swiftc -module-name DotLottie -Onone @/Users/jannikschill/Library/Developer/Xcode/DerivedData/Garten_Simulation-eroxfyrnurmsaraojtkexlvtomxb/Build/Intermediates.noindex/DotLottie.build/Debug-iphoneos/DotLottie.build/Objects-normal/arm64/DotLottie.SwiftFileList -DSWIFT_PACKAGE -DDEBUG -DSWIFT_MODULE_RESOURCE_BUNDLE_UNAVAILABLE -DXcode -plugin-path /Applications/Xcode.app/Contents/Developer/Toolchains/XcodeDefault.xctoolchain/usr/lib/swift/host/plugins/testing -enable-experimental-feature DebugDescriptionMacro -sdk /Applications/Xcode.app/Contents/Developer/Platforms/iPhoneOS.platform/Developer/SDKs/iPhoneOS26.5.sdk -target arm64-apple-ios13.0 -g -module-cache-path /Users/jannikschill/Library/Developer/Xcode/DerivedData/ModuleCache.noindex -Xfrontend -serialize-debugging-options -enable-testing -suppress-warnings -index-store-path /Users/jannikschill/Library/Developer/Xcode/DerivedData/Garten_Simulation-eroxfyrnurmsaraojtkexlvtomxb/Index.noindex/DataStore -Xcc -D_LIBCPP_HARDENING_MODE\=_LIBCPP_HARDENING_MODE_DEBUG -swift-version 5 -I /Users/jannikschill/Library/Developer/Xcode/DerivedData/Garten_Simulation-eroxfyrnurmsaraojtkexlvtomxb/Build/Products/Debug-iphoneos -Isystem /Applications/Xcode.app/Contents/Developer/Platforms/iPhoneOS.platform/Developer/usr/lib -F /Users/jannikschill/Library/Developer/Xcode/DerivedData/Garten_Simulation-eroxfyrnurmsaraojtkexlvtomxb/Build/Products/Debug-iphoneos -F /Applications/Xcode.app/Contents/Developer/Platforms/iPhoneOS.platform/Developer/Library/Frameworks -F /Applications/Xcode.app/Contents/Developer/Platforms/iPhoneOS.platform/Developer/SDKs/iPhoneOS26.5.sdk/Developer/Library/Frameworks -c -j12 -enable-batch-mode -incremental -Xcc -ivfsstatcache -Xcc /Users/jannikschill/Library/Developer/Xcode/DerivedData/SDKStatCaches.noindex/iphoneos26.5-23F81a-688ef53f1462e2c8f657fdc38a81448f32daed1954a7d5dd0789fcaf2a9bb78b.sdkstatcache -output-file-map /Users/jannikschill/Library/Developer/Xcode/DerivedData/Garten_Simulation-eroxfyrnurmsaraojtkexlvtomxb/Build/Intermediates.noindex/DotLottie.build/Debug-iphoneos/DotLottie.build/Objects-normal/arm64/DotLottie-OutputFileMap.json -use-frontend-parseable-output -save-temps -no-color-diagnostics -explicit-module-build -module-cache-path /Users/jannikschill/Library/Developer/Xcode/DerivedData/Garten_Simulation-eroxfyrnurmsaraojtkexlvtomxb/Build/Intermediates.noindex/SwiftExplicitPrecompiledModules -clang-scanner-module-cache-path /Users/jannikschill/Library/Developer/Xcode/DerivedData/ModuleCache.noindex -sdk-module-cache-path /Users/jannikschill/Library/Developer/Xcode/DerivedData/ModuleCache.noindex -serialize-diagnostics -emit-dependencies -emit-module -emit-module-path /Users/jannikschill/Library/Developer/Xcode/DerivedData/Garten_Simulation-eroxfyrnurmsaraojtkexlvtomxb/Build/Intermediates.noindex/DotLottie.build/Debug-iphoneos/DotLottie.build/Objects-normal/arm64/DotLottie.swiftmodule -validate-clang-modules-once -clang-build-session-file /Users/jannikschill/Library/Developer/Xcode/DerivedData/ModuleCache.noindex/Session.modulevalidation -Xcc -I/Users/jannikschill/Library/Developer/Xcode/DerivedData/Garten_Simulation-eroxfyrnurmsaraojtkexlvtomxb/Build/Intermediates.noindex/DotLottie.build/Debug-iphoneos/DotLottie.build/swift-overrides.hmap -emit-const-values -Xfrontend -const-gather-protocols-file -Xfrontend /Users/jannikschill/Library/Developer/Xcode/DerivedData/Garten_Simulation-eroxfyrnurmsaraojtkexlvtomxb/Build/Intermediates.noindex/DotLottie.build/Debug-iphoneos/DotLottie.build/Objects-normal/arm64/DotLottie_const_extract_protocols.json -Xcc -I/Users/jannikschill/Library/Developer/Xcode/DerivedData/Garten_Simulation-eroxfyrnurmsaraojtkexlvtomxb/Build/Products/Debug-iphoneos/include -Xcc -I/Users/jannikschill/Library/Developer/Xcode/DerivedData/Garten_Simulation-eroxfyrnurmsaraojtkexlvtomxb/Build/Intermediates.noindex/DotLottie.build/Debug-iphoneos/DotLottie.build/DerivedSources-normal/arm64 -Xcc -I/Users/jannikschill/Library/Developer/Xcode/DerivedData/Garten_Simulation-eroxfyrnurmsaraojtkexlvtomxb/Build/Intermediates.noindex/DotLottie.build/Debug-iphoneos/DotLottie.build/DerivedSources/arm64 -Xcc -I/Users/jannikschill/Library/Developer/Xcode/DerivedData/Garten_Simulation-eroxfyrnurmsaraojtkexlvtomxb/Build/Intermediates.noindex/DotLottie.build/Debug-iphoneos/DotLottie.build/DerivedSources -Xcc -DSWIFT_PACKAGE -Xcc -DDEBUG\=1 -emit-objc-header -emit-objc-header-path /Users/jannikschill/Library/Developer/Xcode/DerivedData/Garten_Simulation-eroxfyrnurmsaraojtkexlvtomxb/Build/Intermediates.noindex/DotLottie.build/Debug-iphoneos/DotLottie.build/Objects-normal/arm64/DotLottie-Swift.h -working-directory /Users/jannikschill/Documents/Garten-Simulation/Garten_Simulation.xcodeproj -experimental-emit-module-separately -disable-cmo

SwiftMergeGeneratedHeaders /Users/jannikschill/Library/Developer/Xcode/DerivedData/Garten_Simulation-eroxfyrnurmsaraojtkexlvtomxb/Build/Intermediates.noindex/GeneratedModuleMaps-iphoneos/DotLottie-Swift.h /Users/jannikschill/Library/Developer/Xcode/DerivedData/Garten_Simulation-eroxfyrnurmsaraojtkexlvtomxb/Build/Intermediates.noindex/DotLottie.build/Debug-iphoneos/DotLottie.build/Objects-normal/arm64/DotLottie-Swift.h (in target 'DotLottie' from project 'DotLottie')
    cd /Users/jannikschill/Library/Developer/Xcode/DerivedData/Garten_Simulation-eroxfyrnurmsaraojtkexlvtomxb/SourcePackages/checkouts/dotlottie-ios
    builtin-swiftHeaderTool -arch arm64 /Users/jannikschill/Library/Developer/Xcode/DerivedData/Garten_Simulation-eroxfyrnurmsaraojtkexlvtomxb/Build/Intermediates.noindex/DotLottie.build/Debug-iphoneos/DotLottie.build/Objects-normal/arm64/DotLottie-Swift.h -o /Users/jannikschill/Library/Developer/Xcode/DerivedData/Garten_Simulation-eroxfyrnurmsaraojtkexlvtomxb/Build/Intermediates.noindex/GeneratedModuleMaps-iphoneos/DotLottie-Swift.h

Copy /Users/jannikschill/Library/Developer/Xcode/DerivedData/Garten_Simulation-eroxfyrnurmsaraojtkexlvtomxb/Build/Products/Debug-iphoneos/DotLottie.swiftmodule/arm64-apple-ios.swiftmodule /Users/jannikschill/Library/Developer/Xcode/DerivedData/Garten_Simulation-eroxfyrnurmsaraojtkexlvtomxb/Build/Intermediates.noindex/DotLottie.build/Debug-iphoneos/DotLottie.build/Objects-normal/arm64/DotLottie.swiftmodule (in target 'DotLottie' from project 'DotLottie')
    cd /Users/jannikschill/Library/Developer/Xcode/DerivedData/Garten_Simulation-eroxfyrnurmsaraojtkexlvtomxb/SourcePackages/checkouts/dotlottie-ios
    builtin-copy -exclude .DS_Store -exclude CVS -exclude .svn -exclude .git -exclude .hg -resolve-src-symlinks -rename /Users/jannikschill/Library/Developer/Xcode/DerivedData/Garten_Simulation-eroxfyrnurmsaraojtkexlvtomxb/Build/Intermediates.noindex/DotLottie.build/Debug-iphoneos/DotLottie.build/Objects-normal/arm64/DotLottie.swiftmodule /Users/jannikschill/Library/Developer/Xcode/DerivedData/Garten_Simulation-eroxfyrnurmsaraojtkexlvtomxb/Build/Products/Debug-iphoneos/DotLottie.swiftmodule/arm64-apple-ios.swiftmodule

Copy /Users/jannikschill/Library/Developer/Xcode/DerivedData/Garten_Simulation-eroxfyrnurmsaraojtkexlvtomxb/Build/Products/Debug-iphoneos/DotLottie.swiftmodule/arm64-apple-ios.swiftdoc /Users/jannikschill/Library/Developer/Xcode/DerivedData/Garten_Simulation-eroxfyrnurmsaraojtkexlvtomxb/Build/Intermediates.noindex/DotLottie.build/Debug-iphoneos/DotLottie.build/Objects-normal/arm64/DotLottie.swiftdoc (in target 'DotLottie' from project 'DotLottie')
    cd /Users/jannikschill/Library/Developer/Xcode/DerivedData/Garten_Simulation-eroxfyrnurmsaraojtkexlvtomxb/SourcePackages/checkouts/dotlottie-ios
    builtin-copy -exclude .DS_Store -exclude CVS -exclude .svn -exclude .git -exclude .hg -resolve-src-symlinks -rename /Users/jannikschill/Library/Developer/Xcode/DerivedData/Garten_Simulation-eroxfyrnurmsaraojtkexlvtomxb/Build/Intermediates.noindex/DotLottie.build/Debug-iphoneos/DotLottie.build/Objects-normal/arm64/DotLottie.swiftdoc /Users/jannikschill/Library/Developer/Xcode/DerivedData/Garten_Simulation-eroxfyrnurmsaraojtkexlvtomxb/Build/Products/Debug-iphoneos/DotLottie.swiftmodule/arm64-apple-ios.swiftdoc

Copy /Users/jannikschill/Library/Developer/Xcode/DerivedData/Garten_Simulation-eroxfyrnurmsaraojtkexlvtomxb/Build/Products/Debug-iphoneos/DotLottie.swiftmodule/arm64-apple-ios.abi.json /Users/jannikschill/Library/Developer/Xcode/DerivedData/Garten_Simulation-eroxfyrnurmsaraojtkexlvtomxb/Build/Intermediates.noindex/DotLottie.build/Debug-iphoneos/DotLottie.build/Objects-normal/arm64/DotLottie.abi.json (in target 'DotLottie' from project 'DotLottie')
    cd /Users/jannikschill/Library/Developer/Xcode/DerivedData/Garten_Simulation-eroxfyrnurmsaraojtkexlvtomxb/SourcePackages/checkouts/dotlottie-ios
    builtin-copy -exclude .DS_Store -exclude CVS -exclude .svn -exclude .git -exclude .hg -resolve-src-symlinks -rename /Users/jannikschill/Library/Developer/Xcode/DerivedData/Garten_Simulation-eroxfyrnurmsaraojtkexlvtomxb/Build/Intermediates.noindex/DotLottie.build/Debug-iphoneos/DotLottie.build/Objects-normal/arm64/DotLottie.abi.json /Users/jannikschill/Library/Developer/Xcode/DerivedData/Garten_Simulation-eroxfyrnurmsaraojtkexlvtomxb/Build/Products/Debug-iphoneos/DotLottie.swiftmodule/arm64-apple-ios.abi.json

Copy /Users/jannikschill/Library/Developer/Xcode/DerivedData/Garten_Simulation-eroxfyrnurmsaraojtkexlvtomxb/Build/Products/Debug-iphoneos/DotLottie.swiftmodule/Project/arm64-apple-ios.swiftsourceinfo /Users/jannikschill/Library/Developer/Xcode/DerivedData/Garten_Simulation-eroxfyrnurmsaraojtkexlvtomxb/Build/Intermediates.noindex/DotLottie.build/Debug-iphoneos/DotLottie.build/Objects-normal/arm64/DotLottie.swiftsourceinfo (in target 'DotLottie' from project 'DotLottie')
    cd /Users/jannikschill/Library/Developer/Xcode/DerivedData/Garten_Simulation-eroxfyrnurmsaraojtkexlvtomxb/SourcePackages/checkouts/dotlottie-ios
    builtin-copy -exclude .DS_Store -exclude CVS -exclude .svn -exclude .git -exclude .hg -resolve-src-symlinks -rename /Users/jannikschill/Library/Developer/Xcode/DerivedData/Garten_Simulation-eroxfyrnurmsaraojtkexlvtomxb/Build/Intermediates.noindex/DotLottie.build/Debug-iphoneos/DotLottie.build/Objects-normal/arm64/DotLottie.swiftsourceinfo /Users/jannikschill/Library/Developer/Xcode/DerivedData/Garten_Simulation-eroxfyrnurmsaraojtkexlvtomxb/Build/Products/Debug-iphoneos/DotLottie.swiftmodule/Project/arm64-apple-ios.swiftsourceinfo

SwiftDriverJobDiscovery normal arm64 Compiling Player.swift (in target 'DotLottie' from project 'DotLottie')

SwiftDriverJobDiscovery normal arm64 Compiling LottiePlayerView.swift (in target 'DotLottie' from project 'DotLottie')

CodeSign /Users/jannikschill/Library/Developer/Xcode/DerivedData/Garten_Simulation-eroxfyrnurmsaraojtkexlvtomxb/Build/Products/Debug-iphoneos/GrovyDNSFilter.appex/__preview.dylib (in target 'GrovyDNSFilter' from project 'Garten_Simulation')
    cd /Users/jannikschill/Documents/Garten-Simulation
    
    Signing Identity:     "Apple Development: jannik.schill.2010@gmail.com (Y3TPBQ8BW8)"
    Provisioning Profile: "iOS Team Provisioning Profile: com.jannik.grovy.GrovyDNSFilter"
                          (d694ea78-4a1b-4320-afaf-c483373b3c39)
    
    /usr/bin/codesign --force --sign 8102FDB7D060355F2112EF227766019935B0F9B4 --timestamp\=none --generate-entitlement-der /Users/jannikschill/Library/Developer/Xcode/DerivedData/Garten_Simulation-eroxfyrnurmsaraojtkexlvtomxb/Build/Products/Debug-iphoneos/GrovyDNSFilter.appex/__preview.dylib

CodeSign /Users/jannikschill/Library/Developer/Xcode/DerivedData/Garten_Simulation-eroxfyrnurmsaraojtkexlvtomxb/Build/Products/Debug-iphoneos/GrovyDNSFilter.appex (in target 'GrovyDNSFilter' from project 'Garten_Simulation')
    cd /Users/jannikschill/Documents/Garten-Simulation
    
    Signing Identity:     "Apple Development: jannik.schill.2010@gmail.com (Y3TPBQ8BW8)"
    Provisioning Profile: "iOS Team Provisioning Profile: com.jannik.grovy.GrovyDNSFilter"
                          (d694ea78-4a1b-4320-afaf-c483373b3c39)
    
    /usr/bin/codesign --force --sign 8102FDB7D060355F2112EF227766019935B0F9B4 --entitlements /Users/jannikschill/Library/Developer/Xcode/DerivedData/Garten_Simulation-eroxfyrnurmsaraojtkexlvtomxb/Build/Intermediates.noindex/Garten_Simulation.build/Debug-iphoneos/GrovyDNSFilter.build/GrovyDNSFilter.appex.xcent --timestamp\=none --generate-entitlement-der /Users/jannikschill/Library/Developer/Xcode/DerivedData/Garten_Simulation-eroxfyrnurmsaraojtkexlvtomxb/Build/Products/Debug-iphoneos/GrovyDNSFilter.appex

SwiftDriverJobDiscovery normal arm64 Compiling DotLottieView.swift, Errors.swift (in target 'DotLottie' from project 'DotLottie')

SwiftDriverJobDiscovery normal arm64 Compiling Coordinator.swift, DotLottie.swift (in target 'DotLottie' from project 'DotLottie')

ConstructStubExecutorLinkFileList /Users/jannikschill/Library/Developer/Xcode/DerivedData/Garten_Simulation-eroxfyrnurmsaraojtkexlvtomxb/Build/Intermediates.noindex/Garten_Simulation.build/Debug-iphoneos/ScreenTimeMonitor.build/ScreenTimeMonitor-ExecutorLinkFileList-normal-arm64.txt (in target 'ScreenTimeMonitor' from project 'Garten_Simulation')
    cd /Users/jannikschill/Documents/Garten-Simulation
    construct-stub-executor-link-file-list /Users/jannikschill/Library/Developer/Xcode/DerivedData/Garten_Simulation-eroxfyrnurmsaraojtkexlvtomxb/Build/Products/Debug-iphoneos/ScreenTimeMonitor.appex/ScreenTimeMonitor.debug.dylib /Applications/Xcode.app/Contents/Developer/Platforms/iPhoneOS.platform/Developer/usr/lib/libPreviewsJITStubExecutor_no_swift_entry_point.a /Applications/Xcode.app/Contents/Developer/Platforms/iPhoneOS.platform/Developer/usr/lib/libPreviewsJITStubExecutor.a --output /Users/jannikschill/Library/Developer/Xcode/DerivedData/Garten_Simulation-eroxfyrnurmsaraojtkexlvtomxb/Build/Intermediates.noindex/Garten_Simulation.build/Debug-iphoneos/ScreenTimeMonitor.build/ScreenTimeMonitor-ExecutorLinkFileList-normal-arm64.txt
note: Using stub executor library without Swift entry point. (in target 'ScreenTimeMonitor' from project 'Garten_Simulation')

Ld /Users/jannikschill/Library/Developer/Xcode/DerivedData/Garten_Simulation-eroxfyrnurmsaraojtkexlvtomxb/Build/Products/Debug-iphoneos/ScreenTimeMonitor.appex/ScreenTimeMonitor normal (in target 'ScreenTimeMonitor' from project 'Garten_Simulation')
    cd /Users/jannikschill/Documents/Garten-Simulation
    /Applications/Xcode.app/Contents/Developer/Toolchains/XcodeDefault.xctoolchain/usr/bin/clang -Xlinker -reproducible -target arm64-apple-ios17.0 -isysroot /Applications/Xcode.app/Contents/Developer/Platforms/iPhoneOS.platform/Developer/SDKs/iPhoneOS26.5.sdk -O0 -L/Users/jannikschill/Library/Developer/Xcode/DerivedData/Garten_Simulation-eroxfyrnurmsaraojtkexlvtomxb/Build/Products/Debug-iphoneos -F/Users/jannikschill/Library/Developer/Xcode/DerivedData/Garten_Simulation-eroxfyrnurmsaraojtkexlvtomxb/Build/Products/Debug-iphoneos -Xlinker -rpath -Xlinker @executable_path -Xlinker -rpath -Xlinker @executable_path/Frameworks -Xlinker -rpath -Xlinker @executable_path/../../Frameworks -rdynamic -Xlinker -no_deduplicate -e ___debug_blank_executor_main -Xlinker -sectcreate -Xlinker __TEXT -Xlinker __debug_dylib -Xlinker /Users/jannikschill/Library/Developer/Xcode/DerivedData/Garten_Simulation-eroxfyrnurmsaraojtkexlvtomxb/Build/Intermediates.noindex/Garten_Simulation.build/Debug-iphoneos/ScreenTimeMonitor.build/ScreenTimeMonitor-DebugDylibPath-normal-arm64.txt -Xlinker -sectcreate -Xlinker __TEXT -Xlinker __debug_entry -Xlinker /Users/jannikschill/Library/Developer/Xcode/DerivedData/Garten_Simulation-eroxfyrnurmsaraojtkexlvtomxb/Build/Intermediates.noindex/Garten_Simulation.build/Debug-iphoneos/ScreenTimeMonitor.build/ScreenTimeMonitor-DebugEntryPoint-normal-arm64.txt -Xlinker -sectcreate -Xlinker __TEXT -Xlinker __debug_instlnm -Xlinker /Users/jannikschill/Library/Developer/Xcode/DerivedData/Garten_Simulation-eroxfyrnurmsaraojtkexlvtomxb/Build/Intermediates.noindex/Garten_Simulation.build/Debug-iphoneos/ScreenTimeMonitor.build/ScreenTimeMonitor-DebugDylibInstallName-normal-arm64.txt -Xlinker -filelist -Xlinker /Users/jannikschill/Library/Developer/Xcode/DerivedData/Garten_Simulation-eroxfyrnurmsaraojtkexlvtomxb/Build/Intermediates.noindex/Garten_Simulation.build/Debug-iphoneos/ScreenTimeMonitor.build/ScreenTimeMonitor-ExecutorLinkFileList-normal-arm64.txt /Users/jannikschill/Library/Developer/Xcode/DerivedData/Garten_Simulation-eroxfyrnurmsaraojtkexlvtomxb/Build/Products/Debug-iphoneos/ScreenTimeMonitor.appex/ScreenTimeMonitor.debug.dylib -Xlinker -no_adhoc_codesign -o /Users/jannikschill/Library/Developer/Xcode/DerivedData/Garten_Simulation-eroxfyrnurmsaraojtkexlvtomxb/Build/Products/Debug-iphoneos/ScreenTimeMonitor.appex/ScreenTimeMonitor

RegisterExecutionPolicyException /Users/jannikschill/Library/Developer/Xcode/DerivedData/Garten_Simulation-eroxfyrnurmsaraojtkexlvtomxb/Build/Products/Debug-iphoneos/GrovyDNSFilter.appex (in target 'GrovyDNSFilter' from project 'Garten_Simulation')
    cd /Users/jannikschill/Documents/Garten-Simulation
    builtin-RegisterExecutionPolicyException /Users/jannikschill/Library/Developer/Xcode/DerivedData/Garten_Simulation-eroxfyrnurmsaraojtkexlvtomxb/Build/Products/Debug-iphoneos/GrovyDNSFilter.appex

Touch /Users/jannikschill/Library/Developer/Xcode/DerivedData/Garten_Simulation-eroxfyrnurmsaraojtkexlvtomxb/Build/Products/Debug-iphoneos/GrovyDNSFilter.appex (in target 'GrovyDNSFilter' from project 'Garten_Simulation')
    cd /Users/jannikschill/Documents/Garten-Simulation
    /usr/bin/touch -c /Users/jannikschill/Library/Developer/Xcode/DerivedData/Garten_Simulation-eroxfyrnurmsaraojtkexlvtomxb/Build/Products/Debug-iphoneos/GrovyDNSFilter.appex

ExtractAppIntentsMetadata (in target 'ScreenTimeMonitor' from project 'Garten_Simulation')
    cd /Users/jannikschill/Documents/Garten-Simulation
    /Applications/Xcode.app/Contents/Developer/Toolchains/XcodeDefault.xctoolchain/usr/bin/appintentsmetadataprocessor --toolchain-dir /var/run/com.apple.security.cryptexd/mnt/com.apple.MobileAsset.MetalToolchain-v17.6.109.0.6H7FzB/Metal.xctoolchain --module-name ScreenTimeMonitor --sdk-root /Applications/Xcode.app/Contents/Developer/Platforms/iPhoneOS.platform/Developer/SDKs/iPhoneOS26.5.sdk --xcode-version 17F113 --platform-family iOS --deployment-target 17.0 --bundle-identifier com.jannik.grovy.ScreenTimeMonitor --output /Users/jannikschill/Library/Developer/Xcode/DerivedData/Garten_Simulation-eroxfyrnurmsaraojtkexlvtomxb/Build/Products/Debug-iphoneos/ScreenTimeMonitor.appex --target-triple arm64-apple-ios17.0 --binary-file /Users/jannikschill/Library/Developer/Xcode/DerivedData/Garten_Simulation-eroxfyrnurmsaraojtkexlvtomxb/Build/Products/Debug-iphoneos/ScreenTimeMonitor.appex/ScreenTimeMonitor --dependency-file /Users/jannikschill/Library/Developer/Xcode/DerivedData/Garten_Simulation-eroxfyrnurmsaraojtkexlvtomxb/Build/Intermediates.noindex/Garten_Simulation.build/Debug-iphoneos/ScreenTimeMonitor.build/Objects-normal/arm64/ScreenTimeMonitor_dependency_info.dat --stringsdata-file /Users/jannikschill/Library/Developer/Xcode/DerivedData/Garten_Simulation-eroxfyrnurmsaraojtkexlvtomxb/Build/Intermediates.noindex/Garten_Simulation.build/Debug-iphoneos/ScreenTimeMonitor.build/Objects-normal/arm64/ExtractedAppShortcutsMetadata.stringsdata --source-file-list /Users/jannikschill/Library/Developer/Xcode/DerivedData/Garten_Simulation-eroxfyrnurmsaraojtkexlvtomxb/Build/Intermediates.noindex/Garten_Simulation.build/Debug-iphoneos/ScreenTimeMonitor.build/Objects-normal/arm64/ScreenTimeMonitor.SwiftFileList --metadata-file-list /Users/jannikschill/Library/Developer/Xcode/DerivedData/Garten_Simulation-eroxfyrnurmsaraojtkexlvtomxb/Build/Intermediates.noindex/Garten_Simulation.build/Debug-iphoneos/ScreenTimeMonitor.build/ScreenTimeMonitor.DependencyMetadataFileList --static-metadata-file-list /Users/jannikschill/Library/Developer/Xcode/DerivedData/Garten_Simulation-eroxfyrnurmsaraojtkexlvtomxb/Build/Intermediates.noindex/Garten_Simulation.build/Debug-iphoneos/ScreenTimeMonitor.build/ScreenTimeMonitor.DependencyStaticMetadataFileList --swift-const-vals-list /Users/jannikschill/Library/Developer/Xcode/DerivedData/Garten_Simulation-eroxfyrnurmsaraojtkexlvtomxb/Build/Intermediates.noindex/Garten_Simulation.build/Debug-iphoneos/ScreenTimeMonitor.build/Objects-normal/arm64/ScreenTimeMonitor.SwiftConstValuesFileList --compile-time-extraction --deployment-aware-processing --validate-assistant-intents --no-app-shortcuts-localization
2026-09-10 16:02:36.263 appintentsmetadataprocessor[17405:436678] Starting appintentsmetadataprocessor export
2026-09-10 16:02:36.264 appintentsmetadataprocessor[17405:436678] warning: Metadata extraction skipped. No AppIntents.framework dependency found.

AppIntentsSSUTraining (in target 'ScreenTimeMonitor' from project 'Garten_Simulation')
    cd /Users/jannikschill/Documents/Garten-Simulation
    /Applications/Xcode.app/Contents/Developer/Toolchains/XcodeDefault.xctoolchain/usr/bin/appintentsnltrainingprocessor --infoplist-path /Users/jannikschill/Library/Developer/Xcode/DerivedData/Garten_Simulation-eroxfyrnurmsaraojtkexlvtomxb/Build/Products/Debug-iphoneos/ScreenTimeMonitor.appex/Info.plist --temp-dir-path /Users/jannikschill/Library/Developer/Xcode/DerivedData/Garten_Simulation-eroxfyrnurmsaraojtkexlvtomxb/Build/Intermediates.noindex/Garten_Simulation.build/Debug-iphoneos/ScreenTimeMonitor.build/ssu --bundle-id com.jannik.grovy.ScreenTimeMonitor --product-path /Users/jannikschill/Library/Developer/Xcode/DerivedData/Garten_Simulation-eroxfyrnurmsaraojtkexlvtomxb/Build/Products/Debug-iphoneos/ScreenTimeMonitor.appex --extracted-metadata-path /Users/jannikschill/Library/Developer/Xcode/DerivedData/Garten_Simulation-eroxfyrnurmsaraojtkexlvtomxb/Build/Products/Debug-iphoneos/ScreenTimeMonitor.appex/Metadata.appintents --metadata-file-list /Users/jannikschill/Library/Developer/Xcode/DerivedData/Garten_Simulation-eroxfyrnurmsaraojtkexlvtomxb/Build/Intermediates.noindex/Garten_Simulation.build/Debug-iphoneos/ScreenTimeMonitor.build/ScreenTimeMonitor.DependencyMetadataFileList --source-file /Users/jannikschill/Library/Developer/Xcode/DerivedData/Garten_Simulation-eroxfyrnurmsaraojtkexlvtomxb/Build/Products/Debug-iphoneos/ScreenTimeMonitor.appex/Info.plist --archive-ssu-assets
2026-09-10 16:02:36.277 appintentsnltrainingprocessor[17406:436680] Parsing options for appintentsnltrainingprocessor
2026-09-10 16:02:36.278 appintentsnltrainingprocessor[17406:436680] Starting AppIntents SSU YAML Generation
2026-09-10 16:02:36.278 appintentsnltrainingprocessor[17406:436680] No AppShortcuts found - Skipping.

SwiftDriverJobDiscovery normal arm64 Compiling LottiePlayer.swift (in target 'DotLottie' from project 'DotLottie')

CodeSign /Users/jannikschill/Library/Developer/Xcode/DerivedData/Garten_Simulation-eroxfyrnurmsaraojtkexlvtomxb/Build/Products/Debug-iphoneos/ScreenTimeMonitor.appex/ScreenTimeMonitor.debug.dylib (in target 'ScreenTimeMonitor' from project 'Garten_Simulation')
    cd /Users/jannikschill/Documents/Garten-Simulation
    
    Signing Identity:     "Apple Development: jannik.schill.2010@gmail.com (Y3TPBQ8BW8)"
    Provisioning Profile: "iOS Team Provisioning Profile: com.jannik.grovy.ScreenTimeMonitor"
                          (1e8a1d2f-48fe-4ac1-8ed0-01c738b17098)
    
    /usr/bin/codesign --force --sign 8102FDB7D060355F2112EF227766019935B0F9B4 --timestamp\=none --generate-entitlement-der /Users/jannikschill/Library/Developer/Xcode/DerivedData/Garten_Simulation-eroxfyrnurmsaraojtkexlvtomxb/Build/Products/Debug-iphoneos/ScreenTimeMonitor.appex/ScreenTimeMonitor.debug.dylib

CodeSign /Users/jannikschill/Library/Developer/Xcode/DerivedData/Garten_Simulation-eroxfyrnurmsaraojtkexlvtomxb/Build/Products/Debug-iphoneos/ScreenTimeMonitor.appex/__preview.dylib (in target 'ScreenTimeMonitor' from project 'Garten_Simulation')
    cd /Users/jannikschill/Documents/Garten-Simulation
    
    Signing Identity:     "Apple Development: jannik.schill.2010@gmail.com (Y3TPBQ8BW8)"
    Provisioning Profile: "iOS Team Provisioning Profile: com.jannik.grovy.ScreenTimeMonitor"
                          (1e8a1d2f-48fe-4ac1-8ed0-01c738b17098)
    
    /usr/bin/codesign --force --sign 8102FDB7D060355F2112EF227766019935B0F9B4 --timestamp\=none --generate-entitlement-der /Users/jannikschill/Library/Developer/Xcode/DerivedData/Garten_Simulation-eroxfyrnurmsaraojtkexlvtomxb/Build/Products/Debug-iphoneos/ScreenTimeMonitor.appex/__preview.dylib

SwiftDriverJobDiscovery normal arm64 Compiling DotLottieObserver.swift, DotLottiePlayerBridge.swift (in target 'DotLottie' from project 'DotLottie')

CodeSign /Users/jannikschill/Library/Developer/Xcode/DerivedData/Garten_Simulation-eroxfyrnurmsaraojtkexlvtomxb/Build/Products/Debug-iphoneos/ScreenTimeMonitor.appex (in target 'ScreenTimeMonitor' from project 'Garten_Simulation')
    cd /Users/jannikschill/Documents/Garten-Simulation
    
    Signing Identity:     "Apple Development: jannik.schill.2010@gmail.com (Y3TPBQ8BW8)"
    Provisioning Profile: "iOS Team Provisioning Profile: com.jannik.grovy.ScreenTimeMonitor"
                          (1e8a1d2f-48fe-4ac1-8ed0-01c738b17098)
    
    /usr/bin/codesign --force --sign 8102FDB7D060355F2112EF227766019935B0F9B4 --entitlements /Users/jannikschill/Library/Developer/Xcode/DerivedData/Garten_Simulation-eroxfyrnurmsaraojtkexlvtomxb/Build/Intermediates.noindex/Garten_Simulation.build/Debug-iphoneos/ScreenTimeMonitor.build/ScreenTimeMonitor.appex.xcent --timestamp\=none --generate-entitlement-der /Users/jannikschill/Library/Developer/Xcode/DerivedData/Garten_Simulation-eroxfyrnurmsaraojtkexlvtomxb/Build/Products/Debug-iphoneos/ScreenTimeMonitor.appex

SwiftDriverJobDiscovery normal arm64 Compiling DotLottieAnimation.swift, DotLottieAnimationView.swift (in target 'DotLottie' from project 'DotLottie')

SwiftDriver\ Compilation DotLottie normal arm64 com.apple.xcode.tools.swift.compiler (in target 'DotLottie' from project 'DotLottie')
    cd /Users/jannikschill/Documents/Garten-Simulation/Garten_Simulation.xcodeproj
    builtin-Swift-Compilation -- /Applications/Xcode.app/Contents/Developer/Toolchains/XcodeDefault.xctoolchain/usr/bin/swiftc -module-name DotLottie -Onone @/Users/jannikschill/Library/Developer/Xcode/DerivedData/Garten_Simulation-eroxfyrnurmsaraojtkexlvtomxb/Build/Intermediates.noindex/DotLottie.build/Debug-iphoneos/DotLottie.build/Objects-normal/arm64/DotLottie.SwiftFileList -DSWIFT_PACKAGE -DDEBUG -DSWIFT_MODULE_RESOURCE_BUNDLE_UNAVAILABLE -DXcode -plugin-path /Applications/Xcode.app/Contents/Developer/Toolchains/XcodeDefault.xctoolchain/usr/lib/swift/host/plugins/testing -enable-experimental-feature DebugDescriptionMacro -sdk /Applications/Xcode.app/Contents/Developer/Platforms/iPhoneOS.platform/Developer/SDKs/iPhoneOS26.5.sdk -target arm64-apple-ios13.0 -g -module-cache-path /Users/jannikschill/Library/Developer/Xcode/DerivedData/ModuleCache.noindex -Xfrontend -serialize-debugging-options -enable-testing -suppress-warnings -index-store-path /Users/jannikschill/Library/Developer/Xcode/DerivedData/Garten_Simulation-eroxfyrnurmsaraojtkexlvtomxb/Index.noindex/DataStore -Xcc -D_LIBCPP_HARDENING_MODE\=_LIBCPP_HARDENING_MODE_DEBUG -swift-version 5 -I /Users/jannikschill/Library/Developer/Xcode/DerivedData/Garten_Simulation-eroxfyrnurmsaraojtkexlvtomxb/Build/Products/Debug-iphoneos -Isystem /Applications/Xcode.app/Contents/Developer/Platforms/iPhoneOS.platform/Developer/usr/lib -F /Users/jannikschill/Library/Developer/Xcode/DerivedData/Garten_Simulation-eroxfyrnurmsaraojtkexlvtomxb/Build/Products/Debug-iphoneos -F /Applications/Xcode.app/Contents/Developer/Platforms/iPhoneOS.platform/Developer/Library/Frameworks -F /Applications/Xcode.app/Contents/Developer/Platforms/iPhoneOS.platform/Developer/SDKs/iPhoneOS26.5.sdk/Developer/Library/Frameworks -c -j12 -enable-batch-mode -incremental -Xcc -ivfsstatcache -Xcc /Users/jannikschill/Library/Developer/Xcode/DerivedData/SDKStatCaches.noindex/iphoneos26.5-23F81a-688ef53f1462e2c8f657fdc38a81448f32daed1954a7d5dd0789fcaf2a9bb78b.sdkstatcache -output-file-map /Users/jannikschill/Library/Developer/Xcode/DerivedData/Garten_Simulation-eroxfyrnurmsaraojtkexlvtomxb/Build/Intermediates.noindex/DotLottie.build/Debug-iphoneos/DotLottie.build/Objects-normal/arm64/DotLottie-OutputFileMap.json -use-frontend-parseable-output -save-temps -no-color-diagnostics -explicit-module-build -module-cache-path /Users/jannikschill/Library/Developer/Xcode/DerivedData/Garten_Simulation-eroxfyrnurmsaraojtkexlvtomxb/Build/Intermediates.noindex/SwiftExplicitPrecompiledModules -clang-scanner-module-cache-path /Users/jannikschill/Library/Developer/Xcode/DerivedData/ModuleCache.noindex -sdk-module-cache-path /Users/jannikschill/Library/Developer/Xcode/DerivedData/ModuleCache.noindex -serialize-diagnostics -emit-dependencies -emit-module -emit-module-path /Users/jannikschill/Library/Developer/Xcode/DerivedData/Garten_Simulation-eroxfyrnurmsaraojtkexlvtomxb/Build/Intermediates.noindex/DotLottie.build/Debug-iphoneos/DotLottie.build/Objects-normal/arm64/DotLottie.swiftmodule -validate-clang-modules-once -clang-build-session-file /Users/jannikschill/Library/Developer/Xcode/DerivedData/ModuleCache.noindex/Session.modulevalidation -Xcc -I/Users/jannikschill/Library/Developer/Xcode/DerivedData/Garten_Simulation-eroxfyrnurmsaraojtkexlvtomxb/Build/Intermediates.noindex/DotLottie.build/Debug-iphoneos/DotLottie.build/swift-overrides.hmap -emit-const-values -Xfrontend -const-gather-protocols-file -Xfrontend /Users/jannikschill/Library/Developer/Xcode/DerivedData/Garten_Simulation-eroxfyrnurmsaraojtkexlvtomxb/Build/Intermediates.noindex/DotLottie.build/Debug-iphoneos/DotLottie.build/Objects-normal/arm64/DotLottie_const_extract_protocols.json -Xcc -I/Users/jannikschill/Library/Developer/Xcode/DerivedData/Garten_Simulation-eroxfyrnurmsaraojtkexlvtomxb/Build/Products/Debug-iphoneos/include -Xcc -I/Users/jannikschill/Library/Developer/Xcode/DerivedData/Garten_Simulation-eroxfyrnurmsaraojtkexlvtomxb/Build/Intermediates.noindex/DotLottie.build/Debug-iphoneos/DotLottie.build/DerivedSources-normal/arm64 -Xcc -I/Users/jannikschill/Library/Developer/Xcode/DerivedData/Garten_Simulation-eroxfyrnurmsaraojtkexlvtomxb/Build/Intermediates.noindex/DotLottie.build/Debug-iphoneos/DotLottie.build/DerivedSources/arm64 -Xcc -I/Users/jannikschill/Library/Developer/Xcode/DerivedData/Garten_Simulation-eroxfyrnurmsaraojtkexlvtomxb/Build/Intermediates.noindex/DotLottie.build/Debug-iphoneos/DotLottie.build/DerivedSources -Xcc -DSWIFT_PACKAGE -Xcc -DDEBUG\=1 -emit-objc-header -emit-objc-header-path /Users/jannikschill/Library/Developer/Xcode/DerivedData/Garten_Simulation-eroxfyrnurmsaraojtkexlvtomxb/Build/Intermediates.noindex/DotLottie.build/Debug-iphoneos/DotLottie.build/Objects-normal/arm64/DotLottie-Swift.h -working-directory /Users/jannikschill/Documents/Garten-Simulation/Garten_Simulation.xcodeproj -experimental-emit-module-separately -disable-cmo

Ld /Users/jannikschill/Library/Developer/Xcode/DerivedData/Garten_Simulation-eroxfyrnurmsaraojtkexlvtomxb/Build/Products/Debug-iphoneos/DotLottie.o normal (in target 'DotLottie' from project 'DotLottie')
    cd /Users/jannikschill/Library/Developer/Xcode/DerivedData/Garten_Simulation-eroxfyrnurmsaraojtkexlvtomxb/SourcePackages/checkouts/dotlottie-ios
    /Applications/Xcode.app/Contents/Developer/Toolchains/XcodeDefault.xctoolchain/usr/bin/clang -Xlinker -reproducible -target arm64-apple-ios13.0 -r -isysroot /Applications/Xcode.app/Contents/Developer/Platforms/iPhoneOS.platform/Developer/SDKs/iPhoneOS26.5.sdk -O0 -w -F/Users/jannikschill/Library/Developer/Xcode/DerivedData/Garten_Simulation-eroxfyrnurmsaraojtkexlvtomxb/Build/Intermediates.noindex/EagerLinkingTBDs/Debug-iphoneos -F/Users/jannikschill/Library/Developer/Xcode/DerivedData/Garten_Simulation-eroxfyrnurmsaraojtkexlvtomxb/Build/Products/Debug-iphoneos -iframework /Applications/Xcode.app/Contents/Developer/Platforms/iPhoneOS.platform/Developer/Library/Frameworks -iframework /Applications/Xcode.app/Contents/Developer/Platforms/iPhoneOS.platform/Developer/SDKs/iPhoneOS26.5.sdk/Developer/Library/Frameworks -filelist /Users/jannikschill/Library/Developer/Xcode/DerivedData/Garten_Simulation-eroxfyrnurmsaraojtkexlvtomxb/Build/Intermediates.noindex/DotLottie.build/Debug-iphoneos/DotLottie.build/Objects-normal/arm64/DotLottie.LinkFileList -nostdlib -Xlinker -object_path_lto -Xlinker /Users/jannikschill/Library/Developer/Xcode/DerivedData/Garten_Simulation-eroxfyrnurmsaraojtkexlvtomxb/Build/Intermediates.noindex/DotLottie.build/Debug-iphoneos/DotLottie.build/Objects-normal/arm64/DotLottie_lto.o -Xlinker -no_deduplicate -Xlinker -dependency_info -Xlinker /Users/jannikschill/Library/Developer/Xcode/DerivedData/Garten_Simulation-eroxfyrnurmsaraojtkexlvtomxb/Build/Intermediates.noindex/DotLottie.build/Debug-iphoneos/DotLottie.build/Objects-normal/arm64/DotLottie_dependency_info.dat -fobjc-link-runtime -L/Applications/Xcode.app/Contents/Developer/Toolchains/XcodeDefault.xctoolchain/usr/lib/swift/iphoneos -L/usr/lib/swift -Xlinker -add_ast_path -Xlinker /Users/jannikschill/Library/Developer/Xcode/DerivedData/Garten_Simulation-eroxfyrnurmsaraojtkexlvtomxb/Build/Intermediates.noindex/DotLottie.build/Debug-iphoneos/DotLottie.build/Objects-normal/arm64/DotLottie.swiftmodule @/Users/jannikschill/Library/Developer/Xcode/DerivedData/Garten_Simulation-eroxfyrnurmsaraojtkexlvtomxb/Build/Intermediates.noindex/DotLottie.build/Debug-iphoneos/DotLottie.build/Objects-normal/arm64/DotLottie-linker-args.resp -o /Users/jannikschill/Library/Developer/Xcode/DerivedData/Garten_Simulation-eroxfyrnurmsaraojtkexlvtomxb/Build/Products/Debug-iphoneos/DotLottie.o

ExtractAppIntentsMetadata (in target 'DotLottie' from project 'DotLottie')
    cd /Users/jannikschill/Library/Developer/Xcode/DerivedData/Garten_Simulation-eroxfyrnurmsaraojtkexlvtomxb/SourcePackages/checkouts/dotlottie-ios
    /Applications/Xcode.app/Contents/Developer/Toolchains/XcodeDefault.xctoolchain/usr/bin/appintentsmetadataprocessor --toolchain-dir /var/run/com.apple.security.cryptexd/mnt/com.apple.MobileAsset.MetalToolchain-v17.6.109.0.6H7FzB/Metal.xctoolchain --module-name DotLottie --sdk-root /Applications/Xcode.app/Contents/Developer/Platforms/iPhoneOS.platform/Developer/SDKs/iPhoneOS26.5.sdk --xcode-version 17F113 --platform-family iOS --deployment-target 13.0 --bundle-identifier dotlottie-ios.DotLottie --output /Users/jannikschill/Library/Developer/Xcode/DerivedData/Garten_Simulation-eroxfyrnurmsaraojtkexlvtomxb/Build/Products/Debug-iphoneos/DotLottie.appintents --target-triple arm64-apple-ios13.0 --binary-file /Users/jannikschill/Library/Developer/Xcode/DerivedData/Garten_Simulation-eroxfyrnurmsaraojtkexlvtomxb/Build/Products/Debug-iphoneos/DotLottie.o --dependency-file /Users/jannikschill/Library/Developer/Xcode/DerivedData/Garten_Simulation-eroxfyrnurmsaraojtkexlvtomxb/Build/Intermediates.noindex/DotLottie.build/Debug-iphoneos/DotLottie.build/Objects-normal/arm64/DotLottie_dependency_info.dat --stringsdata-file /Users/jannikschill/Library/Developer/Xcode/DerivedData/Garten_Simulation-eroxfyrnurmsaraojtkexlvtomxb/Build/Intermediates.noindex/DotLottie.build/Debug-iphoneos/DotLottie.build/Objects-normal/arm64/ExtractedAppShortcutsMetadata.stringsdata --source-file-list /Users/jannikschill/Library/Developer/Xcode/DerivedData/Garten_Simulation-eroxfyrnurmsaraojtkexlvtomxb/Build/Intermediates.noindex/DotLottie.build/Debug-iphoneos/DotLottie.build/Objects-normal/arm64/DotLottie.SwiftFileList --metadata-file-list /Users/jannikschill/Library/Developer/Xcode/DerivedData/Garten_Simulation-eroxfyrnurmsaraojtkexlvtomxb/Build/Intermediates.noindex/DotLottie.build/Debug-iphoneos/DotLottie.build/DotLottie.DependencyMetadataFileList --static-metadata-file-list /Users/jannikschill/Library/Developer/Xcode/DerivedData/Garten_Simulation-eroxfyrnurmsaraojtkexlvtomxb/Build/Intermediates.noindex/DotLottie.build/Debug-iphoneos/DotLottie.build/DotLottie.DependencyStaticMetadataFileList --swift-const-vals-list /Users/jannikschill/Library/Developer/Xcode/DerivedData/Garten_Simulation-eroxfyrnurmsaraojtkexlvtomxb/Build/Intermediates.noindex/DotLottie.build/Debug-iphoneos/DotLottie.build/Objects-normal/arm64/DotLottie.SwiftConstValuesFileList --force --compile-time-extraction --deployment-aware-processing --validate-assistant-intents --no-app-shortcuts-localization
2026-09-10 16:02:36.408 appintentsmetadataprocessor[17413:436714] Starting appintentsmetadataprocessor export
2026-09-10 16:02:36.414 appintentsmetadataprocessor[17413:436714] Extracted no relevant App Intents symbols, skipping writing output

RegisterExecutionPolicyException /Users/jannikschill/Library/Developer/Xcode/DerivedData/Garten_Simulation-eroxfyrnurmsaraojtkexlvtomxb/Build/Products/Debug-iphoneos/ScreenTimeMonitor.appex (in target 'ScreenTimeMonitor' from project 'Garten_Simulation')
    cd /Users/jannikschill/Documents/Garten-Simulation
    builtin-RegisterExecutionPolicyException /Users/jannikschill/Library/Developer/Xcode/DerivedData/Garten_Simulation-eroxfyrnurmsaraojtkexlvtomxb/Build/Products/Debug-iphoneos/ScreenTimeMonitor.appex

RegisterExecutionPolicyException /Users/jannikschill/Library/Developer/Xcode/DerivedData/Garten_Simulation-eroxfyrnurmsaraojtkexlvtomxb/Build/Products/Debug-iphoneos/DotLottie.o (in target 'DotLottie' from project 'DotLottie')
    cd /Users/jannikschill/Library/Developer/Xcode/DerivedData/Garten_Simulation-eroxfyrnurmsaraojtkexlvtomxb/SourcePackages/checkouts/dotlottie-ios
    builtin-RegisterExecutionPolicyException /Users/jannikschill/Library/Developer/Xcode/DerivedData/Garten_Simulation-eroxfyrnurmsaraojtkexlvtomxb/Build/Products/Debug-iphoneos/DotLottie.o

Touch /Users/jannikschill/Library/Developer/Xcode/DerivedData/Garten_Simulation-eroxfyrnurmsaraojtkexlvtomxb/Build/Products/Debug-iphoneos/ScreenTimeMonitor.appex (in target 'ScreenTimeMonitor' from project 'Garten_Simulation')
    cd /Users/jannikschill/Documents/Garten-Simulation
    /usr/bin/touch -c /Users/jannikschill/Library/Developer/Xcode/DerivedData/Garten_Simulation-eroxfyrnurmsaraojtkexlvtomxb/Build/Products/Debug-iphoneos/ScreenTimeMonitor.appex

CopyStringsFile /Users/jannikschill/Library/Developer/Xcode/DerivedData/Garten_Simulation-eroxfyrnurmsaraojtkexlvtomxb/Build/Products/Debug-iphoneos/GartenWidgetExtension.appex/zh-Hant.lproj/Localizable.strings /Users/jannikschill/Library/Developer/Xcode/DerivedData/Garten_Simulation-eroxfyrnurmsaraojtkexlvtomxb/Build/Intermediates.noindex/Garten_Simulation.build/Debug-iphoneos/GartenWidgetExtension.build/zh-Hant.lproj/Localizable.strings (in target 'GartenWidgetExtension' from project 'Garten_Simulation')
    cd /Users/jannikschill/Documents/Garten-Simulation
    builtin-copyStrings --validate --outputencoding binary --outfilename Localizable.strings --outdir /Users/jannikschill/Library/Developer/Xcode/DerivedData/Garten_Simulation-eroxfyrnurmsaraojtkexlvtomxb/Build/Products/Debug-iphoneos/GartenWidgetExtension.appex/zh-Hant.lproj -- /Users/jannikschill/Library/Developer/Xcode/DerivedData/Garten_Simulation-eroxfyrnurmsaraojtkexlvtomxb/Build/Intermediates.noindex/Garten_Simulation.build/Debug-iphoneos/GartenWidgetExtension.build/zh-Hant.lproj/Localizable.strings
/Users/jannikschill/Library/Developer/Xcode/DerivedData/Garten_Simulation-eroxfyrnurmsaraojtkexlvtomxb/Build/Intermediates.noindex/Garten_Simulation.build/Debug-iphoneos/GartenWidgetExtension.build/zh-Hant.lproj/Localizable.strings:1:1: note: detected encoding of input file as Unicode (UTF-8) (in target 'GartenWidgetExtension' from project 'Garten_Simulation')

CopyStringsFile /Users/jannikschill/Library/Developer/Xcode/DerivedData/Garten_Simulation-eroxfyrnurmsaraojtkexlvtomxb/Build/Products/Debug-iphoneos/GartenWidgetExtension.appex/ru.lproj/Localizable.strings /Users/jannikschill/Library/Developer/Xcode/DerivedData/Garten_Simulation-eroxfyrnurmsaraojtkexlvtomxb/Build/Intermediates.noindex/Garten_Simulation.build/Debug-iphoneos/GartenWidgetExtension.build/ru.lproj/Localizable.strings (in target 'GartenWidgetExtension' from project 'Garten_Simulation')
    cd /Users/jannikschill/Documents/Garten-Simulation
    builtin-copyStrings --validate --outputencoding binary --outfilename Localizable.strings --outdir /Users/jannikschill/Library/Developer/Xcode/DerivedData/Garten_Simulation-eroxfyrnurmsaraojtkexlvtomxb/Build/Products/Debug-iphoneos/GartenWidgetExtension.appex/ru.lproj -- /Users/jannikschill/Library/Developer/Xcode/DerivedData/Garten_Simulation-eroxfyrnurmsaraojtkexlvtomxb/Build/Intermediates.noindex/Garten_Simulation.build/Debug-iphoneos/GartenWidgetExtension.build/ru.lproj/Localizable.strings
/Users/jannikschill/Library/Developer/Xcode/DerivedData/Garten_Simulation-eroxfyrnurmsaraojtkexlvtomxb/Build/Intermediates.noindex/Garten_Simulation.build/Debug-iphoneos/GartenWidgetExtension.build/ru.lproj/Localizable.strings:1:1: note: detected encoding of input file as Unicode (UTF-8) (in target 'GartenWidgetExtension' from project 'Garten_Simulation')

CopyStringsFile /Users/jannikschill/Library/Developer/Xcode/DerivedData/Garten_Simulation-eroxfyrnurmsaraojtkexlvtomxb/Build/Products/Debug-iphoneos/GartenWidgetExtension.appex/tr.lproj/Localizable.strings /Users/jannikschill/Library/Developer/Xcode/DerivedData/Garten_Simulation-eroxfyrnurmsaraojtkexlvtomxb/Build/Intermediates.noindex/Garten_Simulation.build/Debug-iphoneos/GartenWidgetExtension.build/tr.lproj/Localizable.strings (in target 'GartenWidgetExtension' from project 'Garten_Simulation')
    cd /Users/jannikschill/Documents/Garten-Simulation
    builtin-copyStrings --validate --outputencoding binary --outfilename Localizable.strings --outdir /Users/jannikschill/Library/Developer/Xcode/DerivedData/Garten_Simulation-eroxfyrnurmsaraojtkexlvtomxb/Build/Products/Debug-iphoneos/GartenWidgetExtension.appex/tr.lproj -- /Users/jannikschill/Library/Developer/Xcode/DerivedData/Garten_Simulation-eroxfyrnurmsaraojtkexlvtomxb/Build/Intermediates.noindex/Garten_Simulation.build/Debug-iphoneos/GartenWidgetExtension.build/tr.lproj/Localizable.strings
/Users/jannikschill/Library/Developer/Xcode/DerivedData/Garten_Simulation-eroxfyrnurmsaraojtkexlvtomxb/Build/Intermediates.noindex/Garten_Simulation.build/Debug-iphoneos/GartenWidgetExtension.build/tr.lproj/Localizable.strings:1:1: note: detected encoding of input file as Unicode (UTF-8) (in target 'GartenWidgetExtension' from project 'Garten_Simulation')

CopyStringsFile /Users/jannikschill/Library/Developer/Xcode/DerivedData/Garten_Simulation-eroxfyrnurmsaraojtkexlvtomxb/Build/Products/Debug-iphoneos/GartenWidgetExtension.appex/ko.lproj/Localizable.strings /Users/jannikschill/Library/Developer/Xcode/DerivedData/Garten_Simulation-eroxfyrnurmsaraojtkexlvtomxb/Build/Intermediates.noindex/Garten_Simulation.build/Debug-iphoneos/GartenWidgetExtension.build/ko.lproj/Localizable.strings (in target 'GartenWidgetExtension' from project 'Garten_Simulation')
    cd /Users/jannikschill/Documents/Garten-Simulation
    builtin-copyStrings --validate --outputencoding binary --outfilename Localizable.strings --outdir /Users/jannikschill/Library/Developer/Xcode/DerivedData/Garten_Simulation-eroxfyrnurmsaraojtkexlvtomxb/Build/Products/Debug-iphoneos/GartenWidgetExtension.appex/ko.lproj -- /Users/jannikschill/Library/Developer/Xcode/DerivedData/Garten_Simulation-eroxfyrnurmsaraojtkexlvtomxb/Build/Intermediates.noindex/Garten_Simulation.build/Debug-iphoneos/GartenWidgetExtension.build/ko.lproj/Localizable.strings
/Users/jannikschill/Library/Developer/Xcode/DerivedData/Garten_Simulation-eroxfyrnurmsaraojtkexlvtomxb/Build/Intermediates.noindex/Garten_Simulation.build/Debug-iphoneos/GartenWidgetExtension.build/ko.lproj/Localizable.strings:1:1: note: detected encoding of input file as Unicode (UTF-8) (in target 'GartenWidgetExtension' from project 'Garten_Simulation')

CopyStringsFile /Users/jannikschill/Library/Developer/Xcode/DerivedData/Garten_Simulation-eroxfyrnurmsaraojtkexlvtomxb/Build/Products/Debug-iphoneos/GartenWidgetExtension.appex/pt-BR.lproj/Localizable.strings /Users/jannikschill/Library/Developer/Xcode/DerivedData/Garten_Simulation-eroxfyrnurmsaraojtkexlvtomxb/Build/Intermediates.noindex/Garten_Simulation.build/Debug-iphoneos/GartenWidgetExtension.build/pt-BR.lproj/Localizable.strings (in target 'GartenWidgetExtension' from project 'Garten_Simulation')
    cd /Users/jannikschill/Documents/Garten-Simulation
    builtin-copyStrings --validate --outputencoding binary --outfilename Localizable.strings --outdir /Users/jannikschill/Library/Developer/Xcode/DerivedData/Garten_Simulation-eroxfyrnurmsaraojtkexlvtomxb/Build/Products/Debug-iphoneos/GartenWidgetExtension.appex/pt-BR.lproj -- /Users/jannikschill/Library/Developer/Xcode/DerivedData/Garten_Simulation-eroxfyrnurmsaraojtkexlvtomxb/Build/Intermediates.noindex/Garten_Simulation.build/Debug-iphoneos/GartenWidgetExtension.build/pt-BR.lproj/Localizable.strings
/Users/jannikschill/Library/Developer/Xcode/DerivedData/Garten_Simulation-eroxfyrnurmsaraojtkexlvtomxb/Build/Intermediates.noindex/Garten_Simulation.build/Debug-iphoneos/GartenWidgetExtension.build/pt-BR.lproj/Localizable.strings:1:1: note: detected encoding of input file as Unicode (UTF-8) (in target 'GartenWidgetExtension' from project 'Garten_Simulation')

CopyStringsFile /Users/jannikschill/Library/Developer/Xcode/DerivedData/Garten_Simulation-eroxfyrnurmsaraojtkexlvtomxb/Build/Products/Debug-iphoneos/GartenWidgetExtension.appex/pt.lproj/Localizable.strings /Users/jannikschill/Library/Developer/Xcode/DerivedData/Garten_Simulation-eroxfyrnurmsaraojtkexlvtomxb/Build/Intermediates.noindex/Garten_Simulation.build/Debug-iphoneos/GartenWidgetExtension.build/pt.lproj/Localizable.strings (in target 'GartenWidgetExtension' from project 'Garten_Simulation')
    cd /Users/jannikschill/Documents/Garten-Simulation
    builtin-copyStrings --validate --outputencoding binary --outfilename Localizable.strings --outdir /Users/jannikschill/Library/Developer/Xcode/DerivedData/Garten_Simulation-eroxfyrnurmsaraojtkexlvtomxb/Build/Products/Debug-iphoneos/GartenWidgetExtension.appex/pt.lproj -- /Users/jannikschill/Library/Developer/Xcode/DerivedData/Garten_Simulation-eroxfyrnurmsaraojtkexlvtomxb/Build/Intermediates.noindex/Garten_Simulation.build/Debug-iphoneos/GartenWidgetExtension.build/pt.lproj/Localizable.strings
/Users/jannikschill/Library/Developer/Xcode/DerivedData/Garten_Simulation-eroxfyrnurmsaraojtkexlvtomxb/Build/Intermediates.noindex/Garten_Simulation.build/Debug-iphoneos/GartenWidgetExtension.build/pt.lproj/Localizable.strings:1:1: note: detected encoding of input file as Unicode (UTF-8) (in target 'GartenWidgetExtension' from project 'Garten_Simulation')

CopyStringsFile /Users/jannikschill/Library/Developer/Xcode/DerivedData/Garten_Simulation-eroxfyrnurmsaraojtkexlvtomxb/Build/Products/Debug-iphoneos/GartenWidgetExtension.appex/nl.lproj/Localizable.strings /Users/jannikschill/Library/Developer/Xcode/DerivedData/Garten_Simulation-eroxfyrnurmsaraojtkexlvtomxb/Build/Intermediates.noindex/Garten_Simulation.build/Debug-iphoneos/GartenWidgetExtension.build/nl.lproj/Localizable.strings (in target 'GartenWidgetExtension' from project 'Garten_Simulation')
    cd /Users/jannikschill/Documents/Garten-Simulation
    builtin-copyStrings --validate --outputencoding binary --outfilename Localizable.strings --outdir /Users/jannikschill/Library/Developer/Xcode/DerivedData/Garten_Simulation-eroxfyrnurmsaraojtkexlvtomxb/Build/Products/Debug-iphoneos/GartenWidgetExtension.appex/nl.lproj -- /Users/jannikschill/Library/Developer/Xcode/DerivedData/Garten_Simulation-eroxfyrnurmsaraojtkexlvtomxb/Build/Intermediates.noindex/Garten_Simulation.build/Debug-iphoneos/GartenWidgetExtension.build/nl.lproj/Localizable.strings
/Users/jannikschill/Library/Developer/Xcode/DerivedData/Garten_Simulation-eroxfyrnurmsaraojtkexlvtomxb/Build/Intermediates.noindex/Garten_Simulation.build/Debug-iphoneos/GartenWidgetExtension.build/nl.lproj/Localizable.strings:1:1: note: detected encoding of input file as Unicode (UTF-8) (in target 'GartenWidgetExtension' from project 'Garten_Simulation')

CopyStringsFile /Users/jannikschill/Library/Developer/Xcode/DerivedData/Garten_Simulation-eroxfyrnurmsaraojtkexlvtomxb/Build/Products/Debug-iphoneos/GartenWidgetExtension.appex/zh-Hans.lproj/Localizable.strings /Users/jannikschill/Library/Developer/Xcode/DerivedData/Garten_Simulation-eroxfyrnurmsaraojtkexlvtomxb/Build/Intermediates.noindex/Garten_Simulation.build/Debug-iphoneos/GartenWidgetExtension.build/zh-Hans.lproj/Localizable.strings (in target 'GartenWidgetExtension' from project 'Garten_Simulation')
    cd /Users/jannikschill/Documents/Garten-Simulation
    builtin-copyStrings --validate --outputencoding binary --outfilename Localizable.strings --outdir /Users/jannikschill/Library/Developer/Xcode/DerivedData/Garten_Simulation-eroxfyrnurmsaraojtkexlvtomxb/Build/Products/Debug-iphoneos/GartenWidgetExtension.appex/zh-Hans.lproj -- /Users/jannikschill/Library/Developer/Xcode/DerivedData/Garten_Simulation-eroxfyrnurmsaraojtkexlvtomxb/Build/Intermediates.noindex/Garten_Simulation.build/Debug-iphoneos/GartenWidgetExtension.build/zh-Hans.lproj/Localizable.strings
/Users/jannikschill/Library/Developer/Xcode/DerivedData/Garten_Simulation-eroxfyrnurmsaraojtkexlvtomxb/Build/Intermediates.noindex/Garten_Simulation.build/Debug-iphoneos/GartenWidgetExtension.build/zh-Hans.lproj/Localizable.strings:1:1: note: detected encoding of input file as Unicode (UTF-8) (in target 'GartenWidgetExtension' from project 'Garten_Simulation')

CopyStringsFile /Users/jannikschill/Library/Developer/Xcode/DerivedData/Garten_Simulation-eroxfyrnurmsaraojtkexlvtomxb/Build/Products/Debug-iphoneos/GartenWidgetExtension.appex/pl.lproj/Localizable.strings /Users/jannikschill/Library/Developer/Xcode/DerivedData/Garten_Simulation-eroxfyrnurmsaraojtkexlvtomxb/Build/Intermediates.noindex/Garten_Simulation.build/Debug-iphoneos/GartenWidgetExtension.build/pl.lproj/Localizable.strings (in target 'GartenWidgetExtension' from project 'Garten_Simulation')
    cd /Users/jannikschill/Documents/Garten-Simulation
    builtin-copyStrings --validate --outputencoding binary --outfilename Localizable.strings --outdir /Users/jannikschill/Library/Developer/Xcode/DerivedData/Garten_Simulation-eroxfyrnurmsaraojtkexlvtomxb/Build/Products/Debug-iphoneos/GartenWidgetExtension.appex/pl.lproj -- /Users/jannikschill/Library/Developer/Xcode/DerivedData/Garten_Simulation-eroxfyrnurmsaraojtkexlvtomxb/Build/Intermediates.noindex/Garten_Simulation.build/Debug-iphoneos/GartenWidgetExtension.build/pl.lproj/Localizable.strings
/Users/jannikschill/Library/Developer/Xcode/DerivedData/Garten_Simulation-eroxfyrnurmsaraojtkexlvtomxb/Build/Intermediates.noindex/Garten_Simulation.build/Debug-iphoneos/GartenWidgetExtension.build/pl.lproj/Localizable.strings:1:1: note: detected encoding of input file as Unicode (UTF-8) (in target 'GartenWidgetExtension' from project 'Garten_Simulation')

CopyStringsFile /Users/jannikschill/Library/Developer/Xcode/DerivedData/Garten_Simulation-eroxfyrnurmsaraojtkexlvtomxb/Build/Products/Debug-iphoneos/GartenWidgetExtension.appex/it.lproj/Localizable.strings /Users/jannikschill/Library/Developer/Xcode/DerivedData/Garten_Simulation-eroxfyrnurmsaraojtkexlvtomxb/Build/Intermediates.noindex/Garten_Simulation.build/Debug-iphoneos/GartenWidgetExtension.build/it.lproj/Localizable.strings (in target 'GartenWidgetExtension' from project 'Garten_Simulation')
    cd /Users/jannikschill/Documents/Garten-Simulation
    builtin-copyStrings --validate --outputencoding binary --outfilename Localizable.strings --outdir /Users/jannikschill/Library/Developer/Xcode/DerivedData/Garten_Simulation-eroxfyrnurmsaraojtkexlvtomxb/Build/Products/Debug-iphoneos/GartenWidgetExtension.appex/it.lproj -- /Users/jannikschill/Library/Developer/Xcode/DerivedData/Garten_Simulation-eroxfyrnurmsaraojtkexlvtomxb/Build/Intermediates.noindex/Garten_Simulation.build/Debug-iphoneos/GartenWidgetExtension.build/it.lproj/Localizable.strings
/Users/jannikschill/Library/Developer/Xcode/DerivedData/Garten_Simulation-eroxfyrnurmsaraojtkexlvtomxb/Build/Intermediates.noindex/Garten_Simulation.build/Debug-iphoneos/GartenWidgetExtension.build/it.lproj/Localizable.strings:1:1: note: detected encoding of input file as Unicode (UTF-8) (in target 'GartenWidgetExtension' from project 'Garten_Simulation')

CopyStringsFile /Users/jannikschill/Library/Developer/Xcode/DerivedData/Garten_Simulation-eroxfyrnurmsaraojtkexlvtomxb/Build/Products/Debug-iphoneos/GartenWidgetExtension.appex/ja.lproj/Localizable.strings /Users/jannikschill/Library/Developer/Xcode/DerivedData/Garten_Simulation-eroxfyrnurmsaraojtkexlvtomxb/Build/Intermediates.noindex/Garten_Simulation.build/Debug-iphoneos/GartenWidgetExtension.build/ja.lproj/Localizable.strings (in target 'GartenWidgetExtension' from project 'Garten_Simulation')
    cd /Users/jannikschill/Documents/Garten-Simulation
    builtin-copyStrings --validate --outputencoding binary --outfilename Localizable.strings --outdir /Users/jannikschill/Library/Developer/Xcode/DerivedData/Garten_Simulation-eroxfyrnurmsaraojtkexlvtomxb/Build/Products/Debug-iphoneos/GartenWidgetExtension.appex/ja.lproj -- /Users/jannikschill/Library/Developer/Xcode/DerivedData/Garten_Simulation-eroxfyrnurmsaraojtkexlvtomxb/Build/Intermediates.noindex/Garten_Simulation.build/Debug-iphoneos/GartenWidgetExtension.build/ja.lproj/Localizable.strings
/Users/jannikschill/Library/Developer/Xcode/DerivedData/Garten_Simulation-eroxfyrnurmsaraojtkexlvtomxb/Build/Intermediates.noindex/Garten_Simulation.build/Debug-iphoneos/GartenWidgetExtension.build/ja.lproj/Localizable.strings:1:1: note: detected encoding of input file as Unicode (UTF-8) (in target 'GartenWidgetExtension' from project 'Garten_Simulation')

CopyStringsFile /Users/jannikschill/Library/Developer/Xcode/DerivedData/Garten_Simulation-eroxfyrnurmsaraojtkexlvtomxb/Build/Products/Debug-iphoneos/GartenWidgetExtension.appex/hi.lproj/Localizable.strings /Users/jannikschill/Library/Developer/Xcode/DerivedData/Garten_Simulation-eroxfyrnurmsaraojtkexlvtomxb/Build/Intermediates.noindex/Garten_Simulation.build/Debug-iphoneos/GartenWidgetExtension.build/hi.lproj/Localizable.strings (in target 'GartenWidgetExtension' from project 'Garten_Simulation')
    cd /Users/jannikschill/Documents/Garten-Simulation
    builtin-copyStrings --validate --outputencoding binary --outfilename Localizable.strings --outdir /Users/jannikschill/Library/Developer/Xcode/DerivedData/Garten_Simulation-eroxfyrnurmsaraojtkexlvtomxb/Build/Products/Debug-iphoneos/GartenWidgetExtension.appex/hi.lproj -- /Users/jannikschill/Library/Developer/Xcode/DerivedData/Garten_Simulation-eroxfyrnurmsaraojtkexlvtomxb/Build/Intermediates.noindex/Garten_Simulation.build/Debug-iphoneos/GartenWidgetExtension.build/hi.lproj/Localizable.strings
/Users/jannikschill/Library/Developer/Xcode/DerivedData/Garten_Simulation-eroxfyrnurmsaraojtkexlvtomxb/Build/Intermediates.noindex/Garten_Simulation.build/Debug-iphoneos/GartenWidgetExtension.build/hi.lproj/Localizable.strings:1:1: note: detected encoding of input file as Unicode (UTF-8) (in target 'GartenWidgetExtension' from project 'Garten_Simulation')

CopyStringsFile /Users/jannikschill/Library/Developer/Xcode/DerivedData/Garten_Simulation-eroxfyrnurmsaraojtkexlvtomxb/Build/Products/Debug-iphoneos/GartenWidgetExtension.appex/fr.lproj/Localizable.strings /Users/jannikschill/Library/Developer/Xcode/DerivedData/Garten_Simulation-eroxfyrnurmsaraojtkexlvtomxb/Build/Intermediates.noindex/Garten_Simulation.build/Debug-iphoneos/GartenWidgetExtension.build/fr.lproj/Localizable.strings (in target 'GartenWidgetExtension' from project 'Garten_Simulation')
    cd /Users/jannikschill/Documents/Garten-Simulation
    builtin-copyStrings --validate --outputencoding binary --outfilename Localizable.strings --outdir /Users/jannikschill/Library/Developer/Xcode/DerivedData/Garten_Simulation-eroxfyrnurmsaraojtkexlvtomxb/Build/Products/Debug-iphoneos/GartenWidgetExtension.appex/fr.lproj -- /Users/jannikschill/Library/Developer/Xcode/DerivedData/Garten_Simulation-eroxfyrnurmsaraojtkexlvtomxb/Build/Intermediates.noindex/Garten_Simulation.build/Debug-iphoneos/GartenWidgetExtension.build/fr.lproj/Localizable.strings
/Users/jannikschill/Library/Developer/Xcode/DerivedData/Garten_Simulation-eroxfyrnurmsaraojtkexlvtomxb/Build/Intermediates.noindex/Garten_Simulation.build/Debug-iphoneos/GartenWidgetExtension.build/fr.lproj/Localizable.strings:1:1: note: detected encoding of input file as Unicode (UTF-8) (in target 'GartenWidgetExtension' from project 'Garten_Simulation')

CopyStringsFile /Users/jannikschill/Library/Developer/Xcode/DerivedData/Garten_Simulation-eroxfyrnurmsaraojtkexlvtomxb/Build/Products/Debug-iphoneos/GartenWidgetExtension.appex/es.lproj/Localizable.strings /Users/jannikschill/Library/Developer/Xcode/DerivedData/Garten_Simulation-eroxfyrnurmsaraojtkexlvtomxb/Build/Intermediates.noindex/Garten_Simulation.build/Debug-iphoneos/GartenWidgetExtension.build/es.lproj/Localizable.strings (in target 'GartenWidgetExtension' from project 'Garten_Simulation')
    cd /Users/jannikschill/Documents/Garten-Simulation
    builtin-copyStrings --validate --outputencoding binary --outfilename Localizable.strings --outdir /Users/jannikschill/Library/Developer/Xcode/DerivedData/Garten_Simulation-eroxfyrnurmsaraojtkexlvtomxb/Build/Products/Debug-iphoneos/GartenWidgetExtension.appex/es.lproj -- /Users/jannikschill/Library/Developer/Xcode/DerivedData/Garten_Simulation-eroxfyrnurmsaraojtkexlvtomxb/Build/Intermediates.noindex/Garten_Simulation.build/Debug-iphoneos/GartenWidgetExtension.build/es.lproj/Localizable.strings
/Users/jannikschill/Library/Developer/Xcode/DerivedData/Garten_Simulation-eroxfyrnurmsaraojtkexlvtomxb/Build/Intermediates.noindex/Garten_Simulation.build/Debug-iphoneos/GartenWidgetExtension.build/es.lproj/Localizable.strings:1:1: note: detected encoding of input file as Unicode (UTF-8) (in target 'GartenWidgetExtension' from project 'Garten_Simulation')

CopyStringsFile /Users/jannikschill/Library/Developer/Xcode/DerivedData/Garten_Simulation-eroxfyrnurmsaraojtkexlvtomxb/Build/Products/Debug-iphoneos/GartenWidgetExtension.appex/en.lproj/Localizable.strings /Users/jannikschill/Library/Developer/Xcode/DerivedData/Garten_Simulation-eroxfyrnurmsaraojtkexlvtomxb/Build/Intermediates.noindex/Garten_Simulation.build/Debug-iphoneos/GartenWidgetExtension.build/en.lproj/Localizable.strings (in target 'GartenWidgetExtension' from project 'Garten_Simulation')
    cd /Users/jannikschill/Documents/Garten-Simulation
    builtin-copyStrings --validate --outputencoding binary --outfilename Localizable.strings --outdir /Users/jannikschill/Library/Developer/Xcode/DerivedData/Garten_Simulation-eroxfyrnurmsaraojtkexlvtomxb/Build/Products/Debug-iphoneos/GartenWidgetExtension.appex/en.lproj -- /Users/jannikschill/Library/Developer/Xcode/DerivedData/Garten_Simulation-eroxfyrnurmsaraojtkexlvtomxb/Build/Intermediates.noindex/Garten_Simulation.build/Debug-iphoneos/GartenWidgetExtension.build/en.lproj/Localizable.strings
/Users/jannikschill/Library/Developer/Xcode/DerivedData/Garten_Simulation-eroxfyrnurmsaraojtkexlvtomxb/Build/Intermediates.noindex/Garten_Simulation.build/Debug-iphoneos/GartenWidgetExtension.build/en.lproj/Localizable.strings:1:1: note: detected encoding of input file as Unicode (UTF-8) (in target 'GartenWidgetExtension' from project 'Garten_Simulation')

CopyStringsFile /Users/jannikschill/Library/Developer/Xcode/DerivedData/Garten_Simulation-eroxfyrnurmsaraojtkexlvtomxb/Build/Products/Debug-iphoneos/GartenWidgetExtension.appex/de.lproj/Localizable.strings /Users/jannikschill/Library/Developer/Xcode/DerivedData/Garten_Simulation-eroxfyrnurmsaraojtkexlvtomxb/Build/Intermediates.noindex/Garten_Simulation.build/Debug-iphoneos/GartenWidgetExtension.build/de.lproj/Localizable.strings (in target 'GartenWidgetExtension' from project 'Garten_Simulation')
    cd /Users/jannikschill/Documents/Garten-Simulation
    builtin-copyStrings --validate --outputencoding binary --outfilename Localizable.strings --outdir /Users/jannikschill/Library/Developer/Xcode/DerivedData/Garten_Simulation-eroxfyrnurmsaraojtkexlvtomxb/Build/Products/Debug-iphoneos/GartenWidgetExtension.appex/de.lproj -- /Users/jannikschill/Library/Developer/Xcode/DerivedData/Garten_Simulation-eroxfyrnurmsaraojtkexlvtomxb/Build/Intermediates.noindex/Garten_Simulation.build/Debug-iphoneos/GartenWidgetExtension.build/de.lproj/Localizable.strings
/Users/jannikschill/Library/Developer/Xcode/DerivedData/Garten_Simulation-eroxfyrnurmsaraojtkexlvtomxb/Build/Intermediates.noindex/Garten_Simulation.build/Debug-iphoneos/GartenWidgetExtension.build/de.lproj/Localizable.strings:1:1: note: detected encoding of input file as Unicode (UTF-8) (in target 'GartenWidgetExtension' from project 'Garten_Simulation')

SwiftDriver GartenWidgetExtension normal arm64 com.apple.xcode.tools.swift.compiler (in target 'GartenWidgetExtension' from project 'Garten_Simulation')
    cd /Users/jannikschill/Documents/Garten-Simulation
    builtin-SwiftDriver -- /Applications/Xcode.app/Contents/Developer/Toolchains/XcodeDefault.xctoolchain/usr/bin/swiftc -module-name GartenWidgetExtension -Onone @/Users/jannikschill/Library/Developer/Xcode/DerivedData/Garten_Simulation-eroxfyrnurmsaraojtkexlvtomxb/Build/Intermediates.noindex/Garten_Simulation.build/Debug-iphoneos/GartenWidgetExtension.build/Objects-normal/arm64/GartenWidgetExtension.SwiftFileList -DDEBUG -enable-bare-slash-regex -enable-upcoming-feature DisableOutwardActorInference -enable-upcoming-feature InferSendableFromCaptures -enable-upcoming-feature GlobalActorIsolatedTypesUsability -enable-upcoming-feature MemberImportVisibility -enable-upcoming-feature InferIsolatedConformances -enable-upcoming-feature NonisolatedNonsendingByDefault -enable-experimental-feature DebugDescriptionMacro -sdk /Applications/Xcode.app/Contents/Developer/Platforms/iPhoneOS.platform/Developer/SDKs/iPhoneOS26.5.sdk -target arm64-apple-ios17.0 -g -module-cache-path /Users/jannikschill/Library/Developer/Xcode/DerivedData/ModuleCache.noindex -Xfrontend -serialize-debugging-options -application-extension -enable-testing -index-store-path /Users/jannikschill/Library/Developer/Xcode/DerivedData/Garten_Simulation-eroxfyrnurmsaraojtkexlvtomxb/Index.noindex/DataStore -Xcc -D_LIBCPP_HARDENING_MODE\=_LIBCPP_HARDENING_MODE_DEBUG -swift-version 5 -I /Users/jannikschill/Library/Developer/Xcode/DerivedData/Garten_Simulation-eroxfyrnurmsaraojtkexlvtomxb/Build/Products/Debug-iphoneos -F /Users/jannikschill/Library/Developer/Xcode/DerivedData/Garten_Simulation-eroxfyrnurmsaraojtkexlvtomxb/Build/Products/Debug-iphoneos -emit-localized-strings -emit-localized-strings-path /Users/jannikschill/Library/Developer/Xcode/DerivedData/Garten_Simulation-eroxfyrnurmsaraojtkexlvtomxb/Build/Intermediates.noindex/Garten_Simulation.build/Debug-iphoneos/GartenWidgetExtension.build/Objects-normal/arm64 -c -j12 -enable-batch-mode -incremental -Xcc -ivfsstatcache -Xcc /Users/jannikschill/Library/Developer/Xcode/DerivedData/SDKStatCaches.noindex/iphoneos26.5-23F81a-688ef53f1462e2c8f657fdc38a81448f32daed1954a7d5dd0789fcaf2a9bb78b.sdkstatcache -output-file-map /Users/jannikschill/Library/Developer/Xcode/DerivedData/Garten_Simulation-eroxfyrnurmsaraojtkexlvtomxb/Build/Intermediates.noindex/Garten_Simulation.build/Debug-iphoneos/GartenWidgetExtension.build/Objects-normal/arm64/GartenWidgetExtension-OutputFileMap.json -use-frontend-parseable-output -save-temps -no-color-diagnostics -explicit-module-build -module-cache-path /Users/jannikschill/Library/Developer/Xcode/DerivedData/Garten_Simulation-eroxfyrnurmsaraojtkexlvtomxb/Build/Intermediates.noindex/SwiftExplicitPrecompiledModules -clang-scanner-module-cache-path /Users/jannikschill/Library/Developer/Xcode/DerivedData/ModuleCache.noindex -sdk-module-cache-path /Users/jannikschill/Library/Developer/Xcode/DerivedData/ModuleCache.noindex -serialize-diagnostics -emit-dependencies -emit-module -emit-module-path /Users/jannikschill/Library/Developer/Xcode/DerivedData/Garten_Simulation-eroxfyrnurmsaraojtkexlvtomxb/Build/Intermediates.noindex/Garten_Simulation.build/Debug-iphoneos/GartenWidgetExtension.build/Objects-normal/arm64/GartenWidgetExtension.swiftmodule -validate-clang-modules-once -clang-build-session-file /Users/jannikschill/Library/Developer/Xcode/DerivedData/ModuleCache.noindex/Session.modulevalidation -Xcc -I/Users/jannikschill/Library/Developer/Xcode/DerivedData/Garten_Simulation-eroxfyrnurmsaraojtkexlvtomxb/Build/Intermediates.noindex/Garten_Simulation.build/Debug-iphoneos/GartenWidgetExtension.build/swift-overrides.hmap -emit-const-values -Xfrontend -const-gather-protocols-file -Xfrontend /Users/jannikschill/Library/Developer/Xcode/DerivedData/Garten_Simulation-eroxfyrnurmsaraojtkexlvtomxb/Build/Intermediates.noindex/Garten_Simulation.build/Debug-iphoneos/GartenWidgetExtension.build/Objects-normal/arm64/GartenWidgetExtension_const_extract_protocols.json -Xcc -iquote -Xcc /Users/jannikschill/Library/Developer/Xcode/DerivedData/Garten_Simulation-eroxfyrnurmsaraojtkexlvtomxb/Build/Intermediates.noindex/Garten_Simulation.build/Debug-iphoneos/GartenWidgetExtension.build/GartenWidgetExtension-generated-files.hmap -Xcc -I/Users/jannikschill/Library/Developer/Xcode/DerivedData/Garten_Simulation-eroxfyrnurmsaraojtkexlvtomxb/Build/Intermediates.noindex/Garten_Simulation.build/Debug-iphoneos/GartenWidgetExtension.build/GartenWidgetExtension-own-target-headers.hmap -Xcc -I/Users/jannikschill/Library/Developer/Xcode/DerivedData/Garten_Simulation-eroxfyrnurmsaraojtkexlvtomxb/Build/Intermediates.noindex/Garten_Simulation.build/Debug-iphoneos/GartenWidgetExtension.build/GartenWidgetExtension-all-non-framework-target-headers.hmap -Xcc -ivfsoverlay -Xcc /Users/jannikschill/Library/Developer/Xcode/DerivedData/Garten_Simulation-eroxfyrnurmsaraojtkexlvtomxb/Build/Intermediates.noindex/Garten_Simulation.build/Debug-iphoneos/Garten_Simulation-49394399678d88b76108bd64d45cffb0-VFS-iphoneos/all-product-headers.yaml -Xcc -iquote -Xcc /Users/jannikschill/Library/Developer/Xcode/DerivedData/Garten_Simulation-eroxfyrnurmsaraojtkexlvtomxb/Build/Intermediates.noindex/Garten_Simulation.build/Debug-iphoneos/GartenWidgetExtension.build/GartenWidgetExtension-project-headers.hmap -Xcc -I/Users/jannikschill/Library/Developer/Xcode/DerivedData/Garten_Simulation-eroxfyrnurmsaraojtkexlvtomxb/Build/Products/Debug-iphoneos/include -Xcc -I/Users/jannikschill/Library/Developer/Xcode/DerivedData/Garten_Simulation-eroxfyrnurmsaraojtkexlvtomxb/Build/Intermediates.noindex/Garten_Simulation.build/Debug-iphoneos/GartenWidgetExtension.build/DerivedSources-normal/arm64 -Xcc -I/Users/jannikschill/Library/Developer/Xcode/DerivedData/Garten_Simulation-eroxfyrnurmsaraojtkexlvtomxb/Build/Intermediates.noindex/Garten_Simulation.build/Debug-iphoneos/GartenWidgetExtension.build/DerivedSources/arm64 -Xcc -I/Users/jannikschill/Library/Developer/Xcode/DerivedData/Garten_Simulation-eroxfyrnurmsaraojtkexlvtomxb/Build/Intermediates.noindex/Garten_Simulation.build/Debug-iphoneos/GartenWidgetExtension.build/DerivedSources -Xcc -DDEBUG\=1 -emit-objc-header -emit-objc-header-path /Users/jannikschill/Library/Developer/Xcode/DerivedData/Garten_Simulation-eroxfyrnurmsaraojtkexlvtomxb/Build/Intermediates.noindex/Garten_Simulation.build/Debug-iphoneos/GartenWidgetExtension.build/Objects-normal/arm64/GartenWidgetExtension-Swift.h -working-directory /Users/jannikschill/Documents/Garten-Simulation -experimental-emit-module-separately -disable-cmo

SwiftCompile normal arm64 Compiling\ GroovyTimelineProviders.swift,\ GroovyWidgetDataProvider.swift,\ GroovyWidgetEntryView.swift /Users/jannikschill/Documents/Garten-Simulation/GartenWidget/GroovyTimelineProviders.swift /Users/jannikschill/Documents/Garten-Simulation/GartenWidget/GroovyWidgetDataProvider.swift /Users/jannikschill/Documents/Garten-Simulation/GartenWidget/GroovyWidgetEntryView.swift (in target 'GartenWidgetExtension' from project 'Garten_Simulation')

SwiftCompile normal arm64 /Users/jannikschill/Documents/Garten-Simulation/GartenWidget/GroovyTimelineProviders.swift (in target 'GartenWidgetExtension' from project 'Garten_Simulation')
    cd /Users/jannikschill/Documents/Garten-Simulation
    

SwiftCompile normal arm64 /Users/jannikschill/Documents/Garten-Simulation/GartenWidget/GroovyWidgetDataProvider.swift (in target 'GartenWidgetExtension' from project 'Garten_Simulation')
    cd /Users/jannikschill/Documents/Garten-Simulation
    

SwiftCompile normal arm64 /Users/jannikschill/Documents/Garten-Simulation/GartenWidget/GroovyWidgetEntryView.swift (in target 'GartenWidgetExtension' from project 'Garten_Simulation')
    cd /Users/jannikschill/Documents/Garten-Simulation
    

SwiftCompile normal arm64 Compiling\ GartenWidget.swift,\ GroovyNewWidgetViews.swift,\ GroovyTimelineProvider.swift /Users/jannikschill/Documents/Garten-Simulation/GartenWidget/GartenWidget.swift /Users/jannikschill/Documents/Garten-Simulation/GartenWidget/GroovyNewWidgetViews.swift /Users/jannikschill/Documents/Garten-Simulation/GartenWidget/GroovyTimelineProvider.swift (in target 'GartenWidgetExtension' from project 'Garten_Simulation')
SwiftCompile normal arm64 /Users/jannikschill/Documents/Garten-Simulation/GartenWidget/GartenWidget.swift (in target 'GartenWidgetExtension' from project 'Garten_Simulation')
    cd /Users/jannikschill/Documents/Garten-Simulation
    

SwiftCompile normal arm64 /Users/jannikschill/Documents/Garten-Simulation/GartenWidget/GroovyNewWidgetViews.swift (in target 'GartenWidgetExtension' from project 'Garten_Simulation')
    cd /Users/jannikschill/Documents/Garten-Simulation
    

SwiftCompile normal arm64 /Users/jannikschill/Documents/Garten-Simulation/GartenWidget/GroovyTimelineProvider.swift (in target 'GartenWidgetExtension' from project 'Garten_Simulation')
    cd /Users/jannikschill/Documents/Garten-Simulation
    

SwiftCompile normal arm64 Compiling\ SettingsStore.swift,\ SharedUserDefaults.swift,\ ShopDetailPayload.swift /Users/jannikschill/Documents/Garten-Simulation/GartenWidget/SettingsStore.swift /Users/jannikschill/Documents/Garten-Simulation/GartenWidget/SharedUserDefaults.swift /Users/jannikschill/Documents/Garten-Simulation/GartenWidget/ShopDetailPayload.swift (in target 'GartenWidgetExtension' from project 'Garten_Simulation')

SwiftCompile normal arm64 /Users/jannikschill/Documents/Garten-Simulation/GartenWidget/SettingsStore.swift (in target 'GartenWidgetExtension' from project 'Garten_Simulation')
    cd /Users/jannikschill/Documents/Garten-Simulation
    

SwiftCompile normal arm64 /Users/jannikschill/Documents/Garten-Simulation/GartenWidget/SharedUserDefaults.swift (in target 'GartenWidgetExtension' from project 'Garten_Simulation')
    cd /Users/jannikschill/Documents/Garten-Simulation
    

SwiftCompile normal arm64 /Users/jannikschill/Documents/Garten-Simulation/GartenWidget/ShopDetailPayload.swift (in target 'GartenWidgetExtension' from project 'Garten_Simulation')
    cd /Users/jannikschill/Documents/Garten-Simulation
    

SwiftCompile normal arm64 Compiling\ PlantEntity.swift,\ PlayerTitle.swift,\ RetentionGrund.swift /Users/jannikschill/Documents/Garten-Simulation/GartenWidget/PlantEntity.swift /Users/jannikschill/Documents/Garten-Simulation/GartenWidget/PlayerTitle.swift /Users/jannikschill/Documents/Garten-Simulation/GartenWidget/RetentionGrund.swift (in target 'GartenWidgetExtension' from project 'Garten_Simulation')

SwiftCompile normal arm64 /Users/jannikschill/Documents/Garten-Simulation/GartenWidget/PlantEntity.swift (in target 'GartenWidgetExtension' from project 'Garten_Simulation')
    cd /Users/jannikschill/Documents/Garten-Simulation
    

SwiftCompile normal arm64 /Users/jannikschill/Documents/Garten-Simulation/GartenWidget/PlayerTitle.swift (in target 'GartenWidgetExtension' from project 'Garten_Simulation')
    cd /Users/jannikschill/Documents/Garten-Simulation
    

SwiftCompile normal arm64 /Users/jannikschill/Documents/Garten-Simulation/GartenWidget/RetentionGrund.swift (in target 'GartenWidgetExtension' from project 'Garten_Simulation')
    cd /Users/jannikschill/Documents/Garten-Simulation
    

SwiftCompile normal arm64 Compiling\ GroovyWidgetIntent.swift,\ GroovyWidgetViews.swift,\ HabitModel.swift /Users/jannikschill/Documents/Garten-Simulation/GartenWidget/GroovyWidgetIntent.swift /Users/jannikschill/Documents/Garten-Simulation/GartenWidget/GroovyWidgetViews.swift /Users/jannikschill/Documents/Garten-Simulation/GartenWidget/HabitModel.swift (in target 'GartenWidgetExtension' from project 'Garten_Simulation')

SwiftCompile normal arm64 /Users/jannikschill/Documents/Garten-Simulation/GartenWidget/GroovyWidgetIntent.swift (in target 'GartenWidgetExtension' from project 'Garten_Simulation')
    cd /Users/jannikschill/Documents/Garten-Simulation
    

SwiftCompile normal arm64 /Users/jannikschill/Documents/Garten-Simulation/GartenWidget/GroovyWidgetViews.swift (in target 'GartenWidgetExtension' from project 'Garten_Simulation')
    cd /Users/jannikschill/Documents/Garten-Simulation
    

SwiftCompile normal arm64 /Users/jannikschill/Documents/Garten-Simulation/GartenWidget/HabitModel.swift (in target 'GartenWidgetExtension' from project 'Garten_Simulation')
    cd /Users/jannikschill/Documents/Garten-Simulation
    

SwiftCompile normal arm64 Compiling\ GardenActivityAttributes.swift,\ AppColors.swift,\ AppStrings.swift,\ CoinTransaction.swift /Users/jannikschill/Documents/Garten-Simulation/Garten_Simulation/Models/GardenActivityAttributes.swift /Users/jannikschill/Documents/Garten-Simulation/GartenWidget/AppColors.swift /Users/jannikschill/Documents/Garten-Simulation/GartenWidget/AppStrings.swift /Users/jannikschill/Documents/Garten-Simulation/GartenWidget/CoinTransaction.swift (in target 'GartenWidgetExtension' from project 'Garten_Simulation')

SwiftCompile normal arm64 /Users/jannikschill/Documents/Garten-Simulation/Garten_Simulation/Models/GardenActivityAttributes.swift (in target 'GartenWidgetExtension' from project 'Garten_Simulation')
    cd /Users/jannikschill/Documents/Garten-Simulation
    

SwiftCompile normal arm64 /Users/jannikschill/Documents/Garten-Simulation/GartenWidget/AppColors.swift (in target 'GartenWidgetExtension' from project 'Garten_Simulation')
    cd /Users/jannikschill/Documents/Garten-Simulation
    

SwiftCompile normal arm64 /Users/jannikschill/Documents/Garten-Simulation/GartenWidget/AppStrings.swift (in target 'GartenWidgetExtension' from project 'Garten_Simulation')
    cd /Users/jannikschill/Documents/Garten-Simulation
    

SwiftCompile normal arm64 /Users/jannikschill/Documents/Garten-Simulation/GartenWidget/CoinTransaction.swift (in target 'GartenWidgetExtension' from project 'Garten_Simulation')
    cd /Users/jannikschill/Documents/Garten-Simulation
    

SwiftCompile normal arm64 Compiling\ DecorationModels.swift,\ ErfolgModel.swift,\ FeedbackManager.swift,\ GameConstants.swift /Users/jannikschill/Documents/Garten-Simulation/GartenWidget/DecorationModels.swift /Users/jannikschill/Documents/Garten-Simulation/GartenWidget/ErfolgModel.swift /Users/jannikschill/Documents/Garten-Simulation/GartenWidget/FeedbackManager.swift /Users/jannikschill/Documents/Garten-Simulation/GartenWidget/GameConstants.swift (in target 'GartenWidgetExtension' from project 'Garten_Simulation')

SwiftCompile normal arm64 /Users/jannikschill/Documents/Garten-Simulation/GartenWidget/DecorationModels.swift (in target 'GartenWidgetExtension' from project 'Garten_Simulation')
    cd /Users/jannikschill/Documents/Garten-Simulation
    

SwiftCompile normal arm64 /Users/jannikschill/Documents/Garten-Simulation/GartenWidget/ErfolgModel.swift (in target 'GartenWidgetExtension' from project 'Garten_Simulation')
    cd /Users/jannikschill/Documents/Garten-Simulation
    

SwiftCompile normal arm64 /Users/jannikschill/Documents/Garten-Simulation/GartenWidget/FeedbackManager.swift (in target 'GartenWidgetExtension' from project 'Garten_Simulation')
    cd /Users/jannikschill/Documents/Garten-Simulation
    

SwiftCompile normal arm64 /Users/jannikschill/Documents/Garten-Simulation/GartenWidget/GameConstants.swift (in target 'GartenWidgetExtension' from project 'Garten_Simulation')
    cd /Users/jannikschill/Documents/Garten-Simulation
    

SwiftCompile normal arm64 Compiling\ WeedLogic.swift,\ RarityBackgroundView.swift,\ GeneratedStringSymbols_Localizable.swift /Users/jannikschill/Documents/Garten-Simulation/GartenWidget/WeedLogic.swift /Users/jannikschill/Documents/Garten-Simulation/Garten_Simulation/Components/RarityBackgroundView.swift /Users/jannikschill/Library/Developer/Xcode/DerivedData/Garten_Simulation-eroxfyrnurmsaraojtkexlvtomxb/Build/Intermediates.noindex/Garten_Simulation.build/Debug-iphoneos/GartenWidgetExtension.build/DerivedSources/GeneratedStringSymbols_Localizable.swift (in target 'GartenWidgetExtension' from project 'Garten_Simulation')
SwiftCompile normal arm64 /Users/jannikschill/Documents/Garten-Simulation/GartenWidget/WeedLogic.swift (in target 'GartenWidgetExtension' from project 'Garten_Simulation')
    cd /Users/jannikschill/Documents/Garten-Simulation
    

SwiftCompile normal arm64 /Users/jannikschill/Documents/Garten-Simulation/Garten_Simulation/Components/RarityBackgroundView.swift (in target 'GartenWidgetExtension' from project 'Garten_Simulation')
    cd /Users/jannikschill/Documents/Garten-Simulation
    

SwiftCompile normal arm64 /Users/jannikschill/Library/Developer/Xcode/DerivedData/Garten_Simulation-eroxfyrnurmsaraojtkexlvtomxb/Build/Intermediates.noindex/Garten_Simulation.build/Debug-iphoneos/GartenWidgetExtension.build/DerivedSources/GeneratedStringSymbols_Localizable.swift (in target 'GartenWidgetExtension' from project 'Garten_Simulation')
    cd /Users/jannikschill/Documents/Garten-Simulation
    

SwiftCompile normal arm64 Compiling\ Int+Streak.swift,\ NotificationManager.swift,\ NotificationTexts.swift /Users/jannikschill/Documents/Garten-Simulation/GartenWidget/Int+Streak.swift /Users/jannikschill/Documents/Garten-Simulation/GartenWidget/NotificationManager.swift /Users/jannikschill/Documents/Garten-Simulation/GartenWidget/NotificationTexts.swift (in target 'GartenWidgetExtension' from project 'Garten_Simulation')

SwiftCompile normal arm64 /Users/jannikschill/Documents/Garten-Simulation/GartenWidget/Int+Streak.swift (in target 'GartenWidgetExtension' from project 'Garten_Simulation')
    cd /Users/jannikschill/Documents/Garten-Simulation
    

SwiftCompile normal arm64 /Users/jannikschill/Documents/Garten-Simulation/GartenWidget/NotificationManager.swift (in target 'GartenWidgetExtension' from project 'Garten_Simulation')
    cd /Users/jannikschill/Documents/Garten-Simulation
    

SwiftCompile normal arm64 /Users/jannikschill/Documents/Garten-Simulation/GartenWidget/NotificationTexts.swift (in target 'GartenWidgetExtension' from project 'Garten_Simulation')
    cd /Users/jannikschill/Documents/Garten-Simulation
    

SwiftEmitModule normal arm64 Emitting\ module\ for\ GartenWidgetExtension (in target 'GartenWidgetExtension' from project 'Garten_Simulation')

EmitSwiftModule normal arm64 (in target 'GartenWidgetExtension' from project 'Garten_Simulation')
    cd /Users/jannikschill/Documents/Garten-Simulation
    

SwiftCompile normal arm64 Compiling\ GameDatabase.swift,\ GardenLiveActivity.swift,\ GartenLevel.swift,\ GartenTierStufe.swift /Users/jannikschill/Documents/Garten-Simulation/GartenWidget/GameDatabase.swift /Users/jannikschill/Documents/Garten-Simulation/GartenWidget/GardenLiveActivity.swift /Users/jannikschill/Documents/Garten-Simulation/GartenWidget/GartenLevel.swift /Users/jannikschill/Documents/Garten-Simulation/GartenWidget/GartenTierStufe.swift (in target 'GartenWidgetExtension' from project 'Garten_Simulation')

SwiftCompile normal arm64 /Users/jannikschill/Documents/Garten-Simulation/GartenWidget/GameDatabase.swift (in target 'GartenWidgetExtension' from project 'Garten_Simulation')
    cd /Users/jannikschill/Documents/Garten-Simulation
    

SwiftCompile normal arm64 /Users/jannikschill/Documents/Garten-Simulation/GartenWidget/GardenLiveActivity.swift (in target 'GartenWidgetExtension' from project 'Garten_Simulation')
    cd /Users/jannikschill/Documents/Garten-Simulation
    

SwiftCompile normal arm64 /Users/jannikschill/Documents/Garten-Simulation/GartenWidget/GartenLevel.swift (in target 'GartenWidgetExtension' from project 'Garten_Simulation')
    cd /Users/jannikschill/Documents/Garten-Simulation
    

SwiftCompile normal arm64 /Users/jannikschill/Documents/Garten-Simulation/GartenWidget/GartenTierStufe.swift (in target 'GartenWidgetExtension' from project 'Garten_Simulation')
    cd /Users/jannikschill/Documents/Garten-Simulation
    

SwiftCompile normal arm64 Compiling\ TrashCategory.swift,\ TrashItem.swift,\ WaterPlantIntent.swift /Users/jannikschill/Documents/Garten-Simulation/GartenWidget/TrashCategory.swift /Users/jannikschill/Documents/Garten-Simulation/GartenWidget/TrashItem.swift /Users/jannikschill/Documents/Garten-Simulation/GartenWidget/WaterPlantIntent.swift (in target 'GartenWidgetExtension' from project 'Garten_Simulation')

SwiftCompile normal arm64 /Users/jannikschill/Documents/Garten-Simulation/GartenWidget/TrashCategory.swift (in target 'GartenWidgetExtension' from project 'Garten_Simulation')
    cd /Users/jannikschill/Documents/Garten-Simulation
    

SwiftCompile normal arm64 /Users/jannikschill/Documents/Garten-Simulation/GartenWidget/TrashItem.swift (in target 'GartenWidgetExtension' from project 'Garten_Simulation')
    cd /Users/jannikschill/Documents/Garten-Simulation
    

SwiftCompile normal arm64 /Users/jannikschill/Documents/Garten-Simulation/GartenWidget/WaterPlantIntent.swift (in target 'GartenWidgetExtension' from project 'Garten_Simulation')
    cd /Users/jannikschill/Documents/Garten-Simulation
    

SwiftCompile normal arm64 Compiling\ PflanzenEffekt.swift,\ PflanzenSeltenheit.swift,\ PflanzenStufe.swift /Users/jannikschill/Documents/Garten-Simulation/GartenWidget/PflanzenEffekt.swift /Users/jannikschill/Documents/Garten-Simulation/GartenWidget/PflanzenSeltenheit.swift /Users/jannikschill/Documents/Garten-Simulation/GartenWidget/PflanzenStufe.swift (in target 'GartenWidgetExtension' from project 'Garten_Simulation')

SwiftCompile normal arm64 /Users/jannikschill/Documents/Garten-Simulation/GartenWidget/PflanzenEffekt.swift (in target 'GartenWidgetExtension' from project 'Garten_Simulation')
    cd /Users/jannikschill/Documents/Garten-Simulation
    

SwiftCompile normal arm64 /Users/jannikschill/Documents/Garten-Simulation/GartenWidget/PflanzenSeltenheit.swift (in target 'GartenWidgetExtension' from project 'Garten_Simulation')
    cd /Users/jannikschill/Documents/Garten-Simulation
    

SwiftCompile normal arm64 /Users/jannikschill/Documents/Garten-Simulation/GartenWidget/PflanzenStufe.swift (in target 'GartenWidgetExtension' from project 'Garten_Simulation')
    cd /Users/jannikschill/Documents/Garten-Simulation
    

SwiftDriverJobDiscovery normal arm64 Compiling DecorationModels.swift, ErfolgModel.swift, FeedbackManager.swift, GameConstants.swift (in target 'GartenWidgetExtension' from project 'Garten_Simulation')

SwiftDriverJobDiscovery normal arm64 Compiling PlantEntity.swift, PlayerTitle.swift, RetentionGrund.swift (in target 'GartenWidgetExtension' from project 'Garten_Simulation')

SwiftDriverJobDiscovery normal arm64 Compiling Int+Streak.swift, NotificationManager.swift, NotificationTexts.swift (in target 'GartenWidgetExtension' from project 'Garten_Simulation')

SwiftDriverJobDiscovery normal arm64 Compiling GroovyTimelineProviders.swift, GroovyWidgetDataProvider.swift, GroovyWidgetEntryView.swift (in target 'GartenWidgetExtension' from project 'Garten_Simulation')

SwiftDriverJobDiscovery normal arm64 Compiling GardenActivityAttributes.swift, AppColors.swift, AppStrings.swift, CoinTransaction.swift (in target 'GartenWidgetExtension' from project 'Garten_Simulation')

SwiftDriverJobDiscovery normal arm64 Compiling SettingsStore.swift, SharedUserDefaults.swift, ShopDetailPayload.swift (in target 'GartenWidgetExtension' from project 'Garten_Simulation')

SwiftDriverJobDiscovery normal arm64 Compiling TrashCategory.swift, TrashItem.swift, WaterPlantIntent.swift (in target 'GartenWidgetExtension' from project 'Garten_Simulation')

SwiftDriverJobDiscovery normal arm64 Compiling PflanzenEffekt.swift, PflanzenSeltenheit.swift, PflanzenStufe.swift (in target 'GartenWidgetExtension' from project 'Garten_Simulation')

SwiftDriverJobDiscovery normal arm64 Compiling GameDatabase.swift, GardenLiveActivity.swift, GartenLevel.swift, GartenTierStufe.swift (in target 'GartenWidgetExtension' from project 'Garten_Simulation')

SwiftDriverJobDiscovery normal arm64 Emitting module for GartenWidgetExtension (in target 'GartenWidgetExtension' from project 'Garten_Simulation')

SwiftDriver\ Compilation\ Requirements GartenWidgetExtension normal arm64 com.apple.xcode.tools.swift.compiler (in target 'GartenWidgetExtension' from project 'Garten_Simulation')
    cd /Users/jannikschill/Documents/Garten-Simulation
    builtin-Swift-Compilation-Requirements -- /Applications/Xcode.app/Contents/Developer/Toolchains/XcodeDefault.xctoolchain/usr/bin/swiftc -module-name GartenWidgetExtension -Onone @/Users/jannikschill/Library/Developer/Xcode/DerivedData/Garten_Simulation-eroxfyrnurmsaraojtkexlvtomxb/Build/Intermediates.noindex/Garten_Simulation.build/Debug-iphoneos/GartenWidgetExtension.build/Objects-normal/arm64/GartenWidgetExtension.SwiftFileList -DDEBUG -enable-bare-slash-regex -enable-upcoming-feature DisableOutwardActorInference -enable-upcoming-feature InferSendableFromCaptures -enable-upcoming-feature GlobalActorIsolatedTypesUsability -enable-upcoming-feature MemberImportVisibility -enable-upcoming-feature InferIsolatedConformances -enable-upcoming-feature NonisolatedNonsendingByDefault -enable-experimental-feature DebugDescriptionMacro -sdk /Applications/Xcode.app/Contents/Developer/Platforms/iPhoneOS.platform/Developer/SDKs/iPhoneOS26.5.sdk -target arm64-apple-ios17.0 -g -module-cache-path /Users/jannikschill/Library/Developer/Xcode/DerivedData/ModuleCache.noindex -Xfrontend -serialize-debugging-options -application-extension -enable-testing -index-store-path /Users/jannikschill/Library/Developer/Xcode/DerivedData/Garten_Simulation-eroxfyrnurmsaraojtkexlvtomxb/Index.noindex/DataStore -Xcc -D_LIBCPP_HARDENING_MODE\=_LIBCPP_HARDENING_MODE_DEBUG -swift-version 5 -I /Users/jannikschill/Library/Developer/Xcode/DerivedData/Garten_Simulation-eroxfyrnurmsaraojtkexlvtomxb/Build/Products/Debug-iphoneos -F /Users/jannikschill/Library/Developer/Xcode/DerivedData/Garten_Simulation-eroxfyrnurmsaraojtkexlvtomxb/Build/Products/Debug-iphoneos -emit-localized-strings -emit-localized-strings-path /Users/jannikschill/Library/Developer/Xcode/DerivedData/Garten_Simulation-eroxfyrnurmsaraojtkexlvtomxb/Build/Intermediates.noindex/Garten_Simulation.build/Debug-iphoneos/GartenWidgetExtension.build/Objects-normal/arm64 -c -j12 -enable-batch-mode -incremental -Xcc -ivfsstatcache -Xcc /Users/jannikschill/Library/Developer/Xcode/DerivedData/SDKStatCaches.noindex/iphoneos26.5-23F81a-688ef53f1462e2c8f657fdc38a81448f32daed1954a7d5dd0789fcaf2a9bb78b.sdkstatcache -output-file-map /Users/jannikschill/Library/Developer/Xcode/DerivedData/Garten_Simulation-eroxfyrnurmsaraojtkexlvtomxb/Build/Intermediates.noindex/Garten_Simulation.build/Debug-iphoneos/GartenWidgetExtension.build/Objects-normal/arm64/GartenWidgetExtension-OutputFileMap.json -use-frontend-parseable-output -save-temps -no-color-diagnostics -explicit-module-build -module-cache-path /Users/jannikschill/Library/Developer/Xcode/DerivedData/Garten_Simulation-eroxfyrnurmsaraojtkexlvtomxb/Build/Intermediates.noindex/SwiftExplicitPrecompiledModules -clang-scanner-module-cache-path /Users/jannikschill/Library/Developer/Xcode/DerivedData/ModuleCache.noindex -sdk-module-cache-path /Users/jannikschill/Library/Developer/Xcode/DerivedData/ModuleCache.noindex -serialize-diagnostics -emit-dependencies -emit-module -emit-module-path /Users/jannikschill/Library/Developer/Xcode/DerivedData/Garten_Simulation-eroxfyrnurmsaraojtkexlvtomxb/Build/Intermediates.noindex/Garten_Simulation.build/Debug-iphoneos/GartenWidgetExtension.build/Objects-normal/arm64/GartenWidgetExtension.swiftmodule -validate-clang-modules-once -clang-build-session-file /Users/jannikschill/Library/Developer/Xcode/DerivedData/ModuleCache.noindex/Session.modulevalidation -Xcc -I/Users/jannikschill/Library/Developer/Xcode/DerivedData/Garten_Simulation-eroxfyrnurmsaraojtkexlvtomxb/Build/Intermediates.noindex/Garten_Simulation.build/Debug-iphoneos/GartenWidgetExtension.build/swift-overrides.hmap -emit-const-values -Xfrontend -const-gather-protocols-file -Xfrontend /Users/jannikschill/Library/Developer/Xcode/DerivedData/Garten_Simulation-eroxfyrnurmsaraojtkexlvtomxb/Build/Intermediates.noindex/Garten_Simulation.build/Debug-iphoneos/GartenWidgetExtension.build/Objects-normal/arm64/GartenWidgetExtension_const_extract_protocols.json -Xcc -iquote -Xcc /Users/jannikschill/Library/Developer/Xcode/DerivedData/Garten_Simulation-eroxfyrnurmsaraojtkexlvtomxb/Build/Intermediates.noindex/Garten_Simulation.build/Debug-iphoneos/GartenWidgetExtension.build/GartenWidgetExtension-generated-files.hmap -Xcc -I/Users/jannikschill/Library/Developer/Xcode/DerivedData/Garten_Simulation-eroxfyrnurmsaraojtkexlvtomxb/Build/Intermediates.noindex/Garten_Simulation.build/Debug-iphoneos/GartenWidgetExtension.build/GartenWidgetExtension-own-target-headers.hmap -Xcc -I/Users/jannikschill/Library/Developer/Xcode/DerivedData/Garten_Simulation-eroxfyrnurmsaraojtkexlvtomxb/Build/Intermediates.noindex/Garten_Simulation.build/Debug-iphoneos/GartenWidgetExtension.build/GartenWidgetExtension-all-non-framework-target-headers.hmap -Xcc -ivfsoverlay -Xcc /Users/jannikschill/Library/Developer/Xcode/DerivedData/Garten_Simulation-eroxfyrnurmsaraojtkexlvtomxb/Build/Intermediates.noindex/Garten_Simulation.build/Debug-iphoneos/Garten_Simulation-49394399678d88b76108bd64d45cffb0-VFS-iphoneos/all-product-headers.yaml -Xcc -iquote -Xcc /Users/jannikschill/Library/Developer/Xcode/DerivedData/Garten_Simulation-eroxfyrnurmsaraojtkexlvtomxb/Build/Intermediates.noindex/Garten_Simulation.build/Debug-iphoneos/GartenWidgetExtension.build/GartenWidgetExtension-project-headers.hmap -Xcc -I/Users/jannikschill/Library/Developer/Xcode/DerivedData/Garten_Simulation-eroxfyrnurmsaraojtkexlvtomxb/Build/Products/Debug-iphoneos/include -Xcc -I/Users/jannikschill/Library/Developer/Xcode/DerivedData/Garten_Simulation-eroxfyrnurmsaraojtkexlvtomxb/Build/Intermediates.noindex/Garten_Simulation.build/Debug-iphoneos/GartenWidgetExtension.build/DerivedSources-normal/arm64 -Xcc -I/Users/jannikschill/Library/Developer/Xcode/DerivedData/Garten_Simulation-eroxfyrnurmsaraojtkexlvtomxb/Build/Intermediates.noindex/Garten_Simulation.build/Debug-iphoneos/GartenWidgetExtension.build/DerivedSources/arm64 -Xcc -I/Users/jannikschill/Library/Developer/Xcode/DerivedData/Garten_Simulation-eroxfyrnurmsaraojtkexlvtomxb/Build/Intermediates.noindex/Garten_Simulation.build/Debug-iphoneos/GartenWidgetExtension.build/DerivedSources -Xcc -DDEBUG\=1 -emit-objc-header -emit-objc-header-path /Users/jannikschill/Library/Developer/Xcode/DerivedData/Garten_Simulation-eroxfyrnurmsaraojtkexlvtomxb/Build/Intermediates.noindex/Garten_Simulation.build/Debug-iphoneos/GartenWidgetExtension.build/Objects-normal/arm64/GartenWidgetExtension-Swift.h -working-directory /Users/jannikschill/Documents/Garten-Simulation -experimental-emit-module-separately -disable-cmo

SwiftMergeGeneratedHeaders /Users/jannikschill/Library/Developer/Xcode/DerivedData/Garten_Simulation-eroxfyrnurmsaraojtkexlvtomxb/Build/Intermediates.noindex/Garten_Simulation.build/Debug-iphoneos/GartenWidgetExtension.build/DerivedSources/GartenWidgetExtension-Swift.h /Users/jannikschill/Library/Developer/Xcode/DerivedData/Garten_Simulation-eroxfyrnurmsaraojtkexlvtomxb/Build/Intermediates.noindex/Garten_Simulation.build/Debug-iphoneos/GartenWidgetExtension.build/Objects-normal/arm64/GartenWidgetExtension-Swift.h (in target 'GartenWidgetExtension' from project 'Garten_Simulation')
    cd /Users/jannikschill/Documents/Garten-Simulation
    builtin-swiftHeaderTool -arch arm64 /Users/jannikschill/Library/Developer/Xcode/DerivedData/Garten_Simulation-eroxfyrnurmsaraojtkexlvtomxb/Build/Intermediates.noindex/Garten_Simulation.build/Debug-iphoneos/GartenWidgetExtension.build/Objects-normal/arm64/GartenWidgetExtension-Swift.h -o /Users/jannikschill/Library/Developer/Xcode/DerivedData/Garten_Simulation-eroxfyrnurmsaraojtkexlvtomxb/Build/Intermediates.noindex/Garten_Simulation.build/Debug-iphoneos/GartenWidgetExtension.build/DerivedSources/GartenWidgetExtension-Swift.h

Copy /Users/jannikschill/Library/Developer/Xcode/DerivedData/Garten_Simulation-eroxfyrnurmsaraojtkexlvtomxb/Build/Products/Debug-iphoneos/GartenWidgetExtension.swiftmodule/arm64-apple-ios.swiftdoc /Users/jannikschill/Library/Developer/Xcode/DerivedData/Garten_Simulation-eroxfyrnurmsaraojtkexlvtomxb/Build/Intermediates.noindex/Garten_Simulation.build/Debug-iphoneos/GartenWidgetExtension.build/Objects-normal/arm64/GartenWidgetExtension.swiftdoc (in target 'GartenWidgetExtension' from project 'Garten_Simulation')
    cd /Users/jannikschill/Documents/Garten-Simulation
    builtin-copy -exclude .DS_Store -exclude CVS -exclude .svn -exclude .git -exclude .hg -resolve-src-symlinks -rename /Users/jannikschill/Library/Developer/Xcode/DerivedData/Garten_Simulation-eroxfyrnurmsaraojtkexlvtomxb/Build/Intermediates.noindex/Garten_Simulation.build/Debug-iphoneos/GartenWidgetExtension.build/Objects-normal/arm64/GartenWidgetExtension.swiftdoc /Users/jannikschill/Library/Developer/Xcode/DerivedData/Garten_Simulation-eroxfyrnurmsaraojtkexlvtomxb/Build/Products/Debug-iphoneos/GartenWidgetExtension.swiftmodule/arm64-apple-ios.swiftdoc

Copy /Users/jannikschill/Library/Developer/Xcode/DerivedData/Garten_Simulation-eroxfyrnurmsaraojtkexlvtomxb/Build/Products/Debug-iphoneos/GartenWidgetExtension.swiftmodule/arm64-apple-ios.abi.json /Users/jannikschill/Library/Developer/Xcode/DerivedData/Garten_Simulation-eroxfyrnurmsaraojtkexlvtomxb/Build/Intermediates.noindex/Garten_Simulation.build/Debug-iphoneos/GartenWidgetExtension.build/Objects-normal/arm64/GartenWidgetExtension.abi.json (in target 'GartenWidgetExtension' from project 'Garten_Simulation')
    cd /Users/jannikschill/Documents/Garten-Simulation
    builtin-copy -exclude .DS_Store -exclude CVS -exclude .svn -exclude .git -exclude .hg -resolve-src-symlinks -rename /Users/jannikschill/Library/Developer/Xcode/DerivedData/Garten_Simulation-eroxfyrnurmsaraojtkexlvtomxb/Build/Intermediates.noindex/Garten_Simulation.build/Debug-iphoneos/GartenWidgetExtension.build/Objects-normal/arm64/GartenWidgetExtension.abi.json /Users/jannikschill/Library/Developer/Xcode/DerivedData/Garten_Simulation-eroxfyrnurmsaraojtkexlvtomxb/Build/Products/Debug-iphoneos/GartenWidgetExtension.swiftmodule/arm64-apple-ios.abi.json

Copy /Users/jannikschill/Library/Developer/Xcode/DerivedData/Garten_Simulation-eroxfyrnurmsaraojtkexlvtomxb/Build/Products/Debug-iphoneos/GartenWidgetExtension.swiftmodule/arm64-apple-ios.swiftmodule /Users/jannikschill/Library/Developer/Xcode/DerivedData/Garten_Simulation-eroxfyrnurmsaraojtkexlvtomxb/Build/Intermediates.noindex/Garten_Simulation.build/Debug-iphoneos/GartenWidgetExtension.build/Objects-normal/arm64/GartenWidgetExtension.swiftmodule (in target 'GartenWidgetExtension' from project 'Garten_Simulation')
    cd /Users/jannikschill/Documents/Garten-Simulation
    builtin-copy -exclude .DS_Store -exclude CVS -exclude .svn -exclude .git -exclude .hg -resolve-src-symlinks -rename /Users/jannikschill/Library/Developer/Xcode/DerivedData/Garten_Simulation-eroxfyrnurmsaraojtkexlvtomxb/Build/Intermediates.noindex/Garten_Simulation.build/Debug-iphoneos/GartenWidgetExtension.build/Objects-normal/arm64/GartenWidgetExtension.swiftmodule /Users/jannikschill/Library/Developer/Xcode/DerivedData/Garten_Simulation-eroxfyrnurmsaraojtkexlvtomxb/Build/Products/Debug-iphoneos/GartenWidgetExtension.swiftmodule/arm64-apple-ios.swiftmodule

Copy /Users/jannikschill/Library/Developer/Xcode/DerivedData/Garten_Simulation-eroxfyrnurmsaraojtkexlvtomxb/Build/Products/Debug-iphoneos/GartenWidgetExtension.swiftmodule/Project/arm64-apple-ios.swiftsourceinfo /Users/jannikschill/Library/Developer/Xcode/DerivedData/Garten_Simulation-eroxfyrnurmsaraojtkexlvtomxb/Build/Intermediates.noindex/Garten_Simulation.build/Debug-iphoneos/GartenWidgetExtension.build/Objects-normal/arm64/GartenWidgetExtension.swiftsourceinfo (in target 'GartenWidgetExtension' from project 'Garten_Simulation')
    cd /Users/jannikschill/Documents/Garten-Simulation
    builtin-copy -exclude .DS_Store -exclude CVS -exclude .svn -exclude .git -exclude .hg -resolve-src-symlinks -rename /Users/jannikschill/Library/Developer/Xcode/DerivedData/Garten_Simulation-eroxfyrnurmsaraojtkexlvtomxb/Build/Intermediates.noindex/Garten_Simulation.build/Debug-iphoneos/GartenWidgetExtension.build/Objects-normal/arm64/GartenWidgetExtension.swiftsourceinfo /Users/jannikschill/Library/Developer/Xcode/DerivedData/Garten_Simulation-eroxfyrnurmsaraojtkexlvtomxb/Build/Products/Debug-iphoneos/GartenWidgetExtension.swiftmodule/Project/arm64-apple-ios.swiftsourceinfo

ProcessProductPackaging /Users/jannikschill/Library/Developer/Xcode/UserData/Provisioning\ Profiles/673d198d-5ed4-42af-9700-261967fcb6a0.mobileprovision /Users/jannikschill/Library/Developer/Xcode/DerivedData/Garten_Simulation-eroxfyrnurmsaraojtkexlvtomxb/Build/Products/Debug-iphoneos/Grovy.app/embedded.mobileprovision (in target 'Garten_Simulation' from project 'Garten_Simulation')
    cd /Users/jannikschill/Documents/Garten-Simulation
    builtin-productPackagingUtility /Users/jannikschill/Library/Developer/Xcode/UserData/Provisioning\ Profiles/673d198d-5ed4-42af-9700-261967fcb6a0.mobileprovision -o /Users/jannikschill/Library/Developer/Xcode/DerivedData/Garten_Simulation-eroxfyrnurmsaraojtkexlvtomxb/Build/Products/Debug-iphoneos/Grovy.app/embedded.mobileprovision

ProcessProductPackaging /Users/jannikschill/Documents/Garten-Simulation/Garten_Simulation/Garten_Simulation.entitlements /Users/jannikschill/Library/Developer/Xcode/DerivedData/Garten_Simulation-eroxfyrnurmsaraojtkexlvtomxb/Build/Intermediates.noindex/Garten_Simulation.build/Debug-iphoneos/Garten_Simulation.build/Grovy.app.xcent (in target 'Garten_Simulation' from project 'Garten_Simulation')
    cd /Users/jannikschill/Documents/Garten-Simulation
    
    Entitlements:
    
    {
    "application-identifier" = "R2ZRSFCKZ5.com.jannik.grovy";
    "com.apple.developer.family-controls" = 1;
    "com.apple.developer.family-controls.app-and-website-usage" = 1;
    "com.apple.developer.healthkit" = 1;
    "com.apple.developer.networking.networkextension" =     (
        "dns-proxy"
    );
    "com.apple.developer.team-identifier" = R2ZRSFCKZ5;
    "com.apple.security.application-groups" =     (
        "group.com.jannik.grovy"
    );
    "get-task-allow" = 1;
}
    
    builtin-productPackagingUtility /Users/jannikschill/Documents/Garten-Simulation/Garten_Simulation/Garten_Simulation.entitlements -entitlements -format xml -o /Users/jannikschill/Library/Developer/Xcode/DerivedData/Garten_Simulation-eroxfyrnurmsaraojtkexlvtomxb/Build/Intermediates.noindex/Garten_Simulation.build/Debug-iphoneos/Garten_Simulation.build/Grovy.app.xcent

ProcessProductPackagingDER /Users/jannikschill/Library/Developer/Xcode/DerivedData/Garten_Simulation-eroxfyrnurmsaraojtkexlvtomxb/Build/Intermediates.noindex/Garten_Simulation.build/Debug-iphoneos/Garten_Simulation.build/Grovy.app.xcent /Users/jannikschill/Library/Developer/Xcode/DerivedData/Garten_Simulation-eroxfyrnurmsaraojtkexlvtomxb/Build/Intermediates.noindex/Garten_Simulation.build/Debug-iphoneos/Garten_Simulation.build/Grovy.app.xcent.der (in target 'Garten_Simulation' from project 'Garten_Simulation')
    cd /Users/jannikschill/Documents/Garten-Simulation
    /usr/bin/derq query -f xml -i /Users/jannikschill/Library/Developer/Xcode/DerivedData/Garten_Simulation-eroxfyrnurmsaraojtkexlvtomxb/Build/Intermediates.noindex/Garten_Simulation.build/Debug-iphoneos/Garten_Simulation.build/Grovy.app.xcent -o /Users/jannikschill/Library/Developer/Xcode/DerivedData/Garten_Simulation-eroxfyrnurmsaraojtkexlvtomxb/Build/Intermediates.noindex/Garten_Simulation.build/Debug-iphoneos/Garten_Simulation.build/Grovy.app.xcent.der --raw

GenerateStringSymbols /Users/jannikschill/Library/Developer/Xcode/DerivedData/Garten_Simulation-eroxfyrnurmsaraojtkexlvtomxb/Build/Intermediates.noindex/Garten_Simulation.build/Debug-iphoneos/Garten_Simulation.build/DerivedSources/GeneratedStringSymbols_Localizable.swift /Users/jannikschill/Documents/Garten-Simulation/Garten_Simulation/Localizable.xcstrings (in target 'Garten_Simulation' from project 'Garten_Simulation')
    cd /Users/jannikschill/Documents/Garten-Simulation
    /Applications/Xcode.app/Contents/Developer/usr/bin/xcstringstool generate-symbols --language swift --output-directory /Users/jannikschill/Library/Developer/Xcode/DerivedData/Garten_Simulation-eroxfyrnurmsaraojtkexlvtomxb/Build/Intermediates.noindex/Garten_Simulation.build/Debug-iphoneos/Garten_Simulation.build/DerivedSources /Users/jannikschill/Documents/Garten-Simulation/Garten_Simulation/Localizable.xcstrings

GenerateAssetSymbols /Users/jannikschill/Documents/Garten-Simulation/Garten_Simulation/Assets.xcassets (in target 'Garten_Simulation' from project 'Garten_Simulation')
    cd /Users/jannikschill/Documents/Garten-Simulation
    /Applications/Xcode.app/Contents/Developer/usr/bin/actool /Users/jannikschill/Documents/Garten-Simulation/Garten_Simulation/Assets.xcassets --compile /Users/jannikschill/Library/Developer/Xcode/DerivedData/Garten_Simulation-eroxfyrnurmsaraojtkexlvtomxb/Build/Products/Debug-iphoneos/Grovy.app --output-format human-readable-text --notices --warnings --export-dependency-info /Users/jannikschill/Library/Developer/Xcode/DerivedData/Garten_Simulation-eroxfyrnurmsaraojtkexlvtomxb/Build/Intermediates.noindex/Garten_Simulation.build/Debug-iphoneos/Garten_Simulation.build/assetcatalog_dependencies --output-partial-info-plist /Users/jannikschill/Library/Developer/Xcode/DerivedData/Garten_Simulation-eroxfyrnurmsaraojtkexlvtomxb/Build/Intermediates.noindex/Garten_Simulation.build/Debug-iphoneos/Garten_Simulation.build/assetcatalog_generated_info.plist --app-icon AppIcon --accent-color AccentColor --compress-pngs --enable-on-demand-resources YES --development-region de --target-device iphone --minimum-deployment-target 17.0 --platform iphoneos --bundle-identifier com.jannik.grovy --generate-swift-asset-symbols /Users/jannikschill/Library/Developer/Xcode/DerivedData/Garten_Simulation-eroxfyrnurmsaraojtkexlvtomxb/Build/Intermediates.noindex/Garten_Simulation.build/Debug-iphoneos/Garten_Simulation.build/DerivedSources/GeneratedAssetSymbols.swift --generate-objc-asset-symbols /Users/jannikschill/Library/Developer/Xcode/DerivedData/Garten_Simulation-eroxfyrnurmsaraojtkexlvtomxb/Build/Intermediates.noindex/Garten_Simulation.build/Debug-iphoneos/Garten_Simulation.build/DerivedSources/GeneratedAssetSymbols.h --generate-asset-symbol-index /Users/jannikschill/Library/Developer/Xcode/DerivedData/Garten_Simulation-eroxfyrnurmsaraojtkexlvtomxb/Build/Intermediates.noindex/Garten_Simulation.build/Debug-iphoneos/Garten_Simulation.build/DerivedSources/GeneratedAssetSymbols-Index.plist
/* com.apple.actool.compilation-results */
/Users/jannikschill/Library/Developer/Xcode/DerivedData/Garten_Simulation-eroxfyrnurmsaraojtkexlvtomxb/Build/Intermediates.noindex/Garten_Simulation.build/Debug-iphoneos/Garten_Simulation.build/DerivedSources/GeneratedAssetSymbols-Index.plist
/Users/jannikschill/Library/Developer/Xcode/DerivedData/Garten_Simulation-eroxfyrnurmsaraojtkexlvtomxb/Build/Intermediates.noindex/Garten_Simulation.build/Debug-iphoneos/Garten_Simulation.build/DerivedSources/GeneratedAssetSymbols.h
/Users/jannikschill/Library/Developer/Xcode/DerivedData/Garten_Simulation-eroxfyrnurmsaraojtkexlvtomxb/Build/Intermediates.noindex/Garten_Simulation.build/Debug-iphoneos/Garten_Simulation.build/DerivedSources/GeneratedAssetSymbols.swift


MkDir /Users/jannikschill/Library/Developer/Xcode/DerivedData/Garten_Simulation-eroxfyrnurmsaraojtkexlvtomxb/Build/Intermediates.noindex/Garten_Simulation.build/Debug-iphoneos/Garten_Simulation.build/assetcatalog_output/thinned (in target 'Garten_Simulation' from project 'Garten_Simulation')
    cd /Users/jannikschill/Documents/Garten-Simulation
    /bin/mkdir -p /Users/jannikschill/Library/Developer/Xcode/DerivedData/Garten_Simulation-eroxfyrnurmsaraojtkexlvtomxb/Build/Intermediates.noindex/Garten_Simulation.build/Debug-iphoneos/Garten_Simulation.build/assetcatalog_output/thinned

MkDir /Users/jannikschill/Library/Developer/Xcode/DerivedData/Garten_Simulation-eroxfyrnurmsaraojtkexlvtomxb/Build/Intermediates.noindex/Garten_Simulation.build/Debug-iphoneos/Garten_Simulation.build/assetcatalog_output/unthinned (in target 'Garten_Simulation' from project 'Garten_Simulation')
    cd /Users/jannikschill/Documents/Garten-Simulation
    /bin/mkdir -p /Users/jannikschill/Library/Developer/Xcode/DerivedData/Garten_Simulation-eroxfyrnurmsaraojtkexlvtomxb/Build/Intermediates.noindex/Garten_Simulation.build/Debug-iphoneos/Garten_Simulation.build/assetcatalog_output/unthinned

CompileAssetCatalogVariant thinned /Users/jannikschill/Library/Developer/Xcode/DerivedData/Garten_Simulation-eroxfyrnurmsaraojtkexlvtomxb/Build/Products/Debug-iphoneos/Grovy.app /Users/jannikschill/Documents/Garten-Simulation/Garten_Simulation/Assets.xcassets (in target 'Garten_Simulation' from project 'Garten_Simulation')
    cd /Users/jannikschill/Documents/Garten-Simulation
    /Applications/Xcode.app/Contents/Developer/usr/bin/actool /Users/jannikschill/Documents/Garten-Simulation/Garten_Simulation/Assets.xcassets --compile /Users/jannikschill/Library/Developer/Xcode/DerivedData/Garten_Simulation-eroxfyrnurmsaraojtkexlvtomxb/Build/Intermediates.noindex/Garten_Simulation.build/Debug-iphoneos/Garten_Simulation.build/assetcatalog_output/thinned --output-format human-readable-text --notices --warnings --export-dependency-info /Users/jannikschill/Library/Developer/Xcode/DerivedData/Garten_Simulation-eroxfyrnurmsaraojtkexlvtomxb/Build/Intermediates.noindex/Garten_Simulation.build/Debug-iphoneos/Garten_Simulation.build/assetcatalog_dependencies_thinned --output-partial-info-plist /Users/jannikschill/Library/Developer/Xcode/DerivedData/Garten_Simulation-eroxfyrnurmsaraojtkexlvtomxb/Build/Intermediates.noindex/Garten_Simulation.build/Debug-iphoneos/Garten_Simulation.build/assetcatalog_generated_info.plist_thinned --app-icon AppIcon --accent-color AccentColor --compress-pngs --enable-on-demand-resources YES --development-region de --target-device iphone --minimum-deployment-target 17.0 --platform iphoneos
/* com.apple.actool.compilation-results */
/Users/jannikschill/Library/Developer/Xcode/DerivedData/Garten_Simulation-eroxfyrnurmsaraojtkexlvtomxb/Build/Intermediates.noindex/Garten_Simulation.build/Debug-iphoneos/Garten_Simulation.build/assetcatalog_generated_info.plist_thinned
/Users/jannikschill/Library/Developer/Xcode/DerivedData/Garten_Simulation-eroxfyrnurmsaraojtkexlvtomxb/Build/Intermediates.noindex/Garten_Simulation.build/Debug-iphoneos/Garten_Simulation.build/assetcatalog_output/thinned/AppIcon60x60@2x.png
/Users/jannikschill/Library/Developer/Xcode/DerivedData/Garten_Simulation-eroxfyrnurmsaraojtkexlvtomxb/Build/Intermediates.noindex/Garten_Simulation.build/Debug-iphoneos/Garten_Simulation.build/assetcatalog_output/thinned/AppIcon76x76@2x~ipad.png
/Users/jannikschill/Library/Developer/Xcode/DerivedData/Garten_Simulation-eroxfyrnurmsaraojtkexlvtomxb/Build/Intermediates.noindex/Garten_Simulation.build/Debug-iphoneos/Garten_Simulation.build/assetcatalog_output/thinned/Assets.car


CompileXCStrings /Users/jannikschill/Library/Developer/Xcode/DerivedData/Garten_Simulation-eroxfyrnurmsaraojtkexlvtomxb/Build/Intermediates.noindex/Garten_Simulation.build/Debug-iphoneos/Garten_Simulation.build/ /Users/jannikschill/Documents/Garten-Simulation/Garten_Simulation/Localizable.xcstrings (in target 'Garten_Simulation' from project 'Garten_Simulation')
    cd /Users/jannikschill/Documents/Garten-Simulation
    /Applications/Xcode.app/Contents/Developer/usr/bin/xcstringstool compile --output-directory /Users/jannikschill/Library/Developer/Xcode/DerivedData/Garten_Simulation-eroxfyrnurmsaraojtkexlvtomxb/Build/Intermediates.noindex/Garten_Simulation.build/Debug-iphoneos/Garten_Simulation.build /Users/jannikschill/Documents/Garten-Simulation/Garten_Simulation/Localizable.xcstrings

SwiftDriverJobDiscovery normal arm64 Compiling GroovyWidgetIntent.swift, GroovyWidgetViews.swift, HabitModel.swift (in target 'GartenWidgetExtension' from project 'Garten_Simulation')

SwiftDriverJobDiscovery normal arm64 Compiling GartenWidget.swift, GroovyNewWidgetViews.swift, GroovyTimelineProvider.swift (in target 'GartenWidgetExtension' from project 'Garten_Simulation')

CopyStringsFile /Users/jannikschill/Library/Developer/Xcode/DerivedData/Garten_Simulation-eroxfyrnurmsaraojtkexlvtomxb/Build/Products/Debug-iphoneos/Grovy.app/pt.lproj/Localizable.strings /Users/jannikschill/Library/Developer/Xcode/DerivedData/Garten_Simulation-eroxfyrnurmsaraojtkexlvtomxb/Build/Intermediates.noindex/Garten_Simulation.build/Debug-iphoneos/Garten_Simulation.build/pt.lproj/Localizable.strings (in target 'Garten_Simulation' from project 'Garten_Simulation')
    cd /Users/jannikschill/Documents/Garten-Simulation
    builtin-copyStrings --validate --outputencoding binary --outfilename Localizable.strings --outdir /Users/jannikschill/Library/Developer/Xcode/DerivedData/Garten_Simulation-eroxfyrnurmsaraojtkexlvtomxb/Build/Products/Debug-iphoneos/Grovy.app/pt.lproj -- /Users/jannikschill/Library/Developer/Xcode/DerivedData/Garten_Simulation-eroxfyrnurmsaraojtkexlvtomxb/Build/Intermediates.noindex/Garten_Simulation.build/Debug-iphoneos/Garten_Simulation.build/pt.lproj/Localizable.strings
/Users/jannikschill/Library/Developer/Xcode/DerivedData/Garten_Simulation-eroxfyrnurmsaraojtkexlvtomxb/Build/Intermediates.noindex/Garten_Simulation.build/Debug-iphoneos/Garten_Simulation.build/pt.lproj/Localizable.strings:1:1: note: detected encoding of input file as Unicode (UTF-8) (in target 'Garten_Simulation' from project 'Garten_Simulation')

CopyStringsFile /Users/jannikschill/Library/Developer/Xcode/DerivedData/Garten_Simulation-eroxfyrnurmsaraojtkexlvtomxb/Build/Products/Debug-iphoneos/Grovy.app/zh-Hans.lproj/Localizable.strings /Users/jannikschill/Library/Developer/Xcode/DerivedData/Garten_Simulation-eroxfyrnurmsaraojtkexlvtomxb/Build/Intermediates.noindex/Garten_Simulation.build/Debug-iphoneos/Garten_Simulation.build/zh-Hans.lproj/Localizable.strings (in target 'Garten_Simulation' from project 'Garten_Simulation')
    cd /Users/jannikschill/Documents/Garten-Simulation
    builtin-copyStrings --validate --outputencoding binary --outfilename Localizable.strings --outdir /Users/jannikschill/Library/Developer/Xcode/DerivedData/Garten_Simulation-eroxfyrnurmsaraojtkexlvtomxb/Build/Products/Debug-iphoneos/Grovy.app/zh-Hans.lproj -- /Users/jannikschill/Library/Developer/Xcode/DerivedData/Garten_Simulation-eroxfyrnurmsaraojtkexlvtomxb/Build/Intermediates.noindex/Garten_Simulation.build/Debug-iphoneos/Garten_Simulation.build/zh-Hans.lproj/Localizable.strings
/Users/jannikschill/Library/Developer/Xcode/DerivedData/Garten_Simulation-eroxfyrnurmsaraojtkexlvtomxb/Build/Intermediates.noindex/Garten_Simulation.build/Debug-iphoneos/Garten_Simulation.build/zh-Hans.lproj/Localizable.strings:1:1: note: detected encoding of input file as Unicode (UTF-8) (in target 'Garten_Simulation' from project 'Garten_Simulation')

CopyStringsFile /Users/jannikschill/Library/Developer/Xcode/DerivedData/Garten_Simulation-eroxfyrnurmsaraojtkexlvtomxb/Build/Products/Debug-iphoneos/Grovy.app/tr.lproj/Localizable.strings /Users/jannikschill/Library/Developer/Xcode/DerivedData/Garten_Simulation-eroxfyrnurmsaraojtkexlvtomxb/Build/Intermediates.noindex/Garten_Simulation.build/Debug-iphoneos/Garten_Simulation.build/tr.lproj/Localizable.strings (in target 'Garten_Simulation' from project 'Garten_Simulation')
    cd /Users/jannikschill/Documents/Garten-Simulation
    builtin-copyStrings --validate --outputencoding binary --outfilename Localizable.strings --outdir /Users/jannikschill/Library/Developer/Xcode/DerivedData/Garten_Simulation-eroxfyrnurmsaraojtkexlvtomxb/Build/Products/Debug-iphoneos/Grovy.app/tr.lproj -- /Users/jannikschill/Library/Developer/Xcode/DerivedData/Garten_Simulation-eroxfyrnurmsaraojtkexlvtomxb/Build/Intermediates.noindex/Garten_Simulation.build/Debug-iphoneos/Garten_Simulation.build/tr.lproj/Localizable.strings
/Users/jannikschill/Library/Developer/Xcode/DerivedData/Garten_Simulation-eroxfyrnurmsaraojtkexlvtomxb/Build/Intermediates.noindex/Garten_Simulation.build/Debug-iphoneos/Garten_Simulation.build/tr.lproj/Localizable.strings:1:1: note: detected encoding of input file as Unicode (UTF-8) (in target 'Garten_Simulation' from project 'Garten_Simulation')

CopyStringsFile /Users/jannikschill/Library/Developer/Xcode/DerivedData/Garten_Simulation-eroxfyrnurmsaraojtkexlvtomxb/Build/Products/Debug-iphoneos/Grovy.app/zh-Hant.lproj/Localizable.strings /Users/jannikschill/Library/Developer/Xcode/DerivedData/Garten_Simulation-eroxfyrnurmsaraojtkexlvtomxb/Build/Intermediates.noindex/Garten_Simulation.build/Debug-iphoneos/Garten_Simulation.build/zh-Hant.lproj/Localizable.strings (in target 'Garten_Simulation' from project 'Garten_Simulation')
    cd /Users/jannikschill/Documents/Garten-Simulation
    builtin-copyStrings --validate --outputencoding binary --outfilename Localizable.strings --outdir /Users/jannikschill/Library/Developer/Xcode/DerivedData/Garten_Simulation-eroxfyrnurmsaraojtkexlvtomxb/Build/Products/Debug-iphoneos/Grovy.app/zh-Hant.lproj -- /Users/jannikschill/Library/Developer/Xcode/DerivedData/Garten_Simulation-eroxfyrnurmsaraojtkexlvtomxb/Build/Intermediates.noindex/Garten_Simulation.build/Debug-iphoneos/Garten_Simulation.build/zh-Hant.lproj/Localizable.strings
/Users/jannikschill/Library/Developer/Xcode/DerivedData/Garten_Simulation-eroxfyrnurmsaraojtkexlvtomxb/Build/Intermediates.noindex/Garten_Simulation.build/Debug-iphoneos/Garten_Simulation.build/zh-Hant.lproj/Localizable.strings:1:1: note: detected encoding of input file as Unicode (UTF-8) (in target 'Garten_Simulation' from project 'Garten_Simulation')

CopyStringsFile /Users/jannikschill/Library/Developer/Xcode/DerivedData/Garten_Simulation-eroxfyrnurmsaraojtkexlvtomxb/Build/Products/Debug-iphoneos/Grovy.app/pt-BR.lproj/Localizable.strings /Users/jannikschill/Library/Developer/Xcode/DerivedData/Garten_Simulation-eroxfyrnurmsaraojtkexlvtomxb/Build/Intermediates.noindex/Garten_Simulation.build/Debug-iphoneos/Garten_Simulation.build/pt-BR.lproj/Localizable.strings (in target 'Garten_Simulation' from project 'Garten_Simulation')
    cd /Users/jannikschill/Documents/Garten-Simulation
    builtin-copyStrings --validate --outputencoding binary --outfilename Localizable.strings --outdir /Users/jannikschill/Library/Developer/Xcode/DerivedData/Garten_Simulation-eroxfyrnurmsaraojtkexlvtomxb/Build/Products/Debug-iphoneos/Grovy.app/pt-BR.lproj -- /Users/jannikschill/Library/Developer/Xcode/DerivedData/Garten_Simulation-eroxfyrnurmsaraojtkexlvtomxb/Build/Intermediates.noindex/Garten_Simulation.build/Debug-iphoneos/Garten_Simulation.build/pt-BR.lproj/Localizable.strings
/Users/jannikschill/Library/Developer/Xcode/DerivedData/Garten_Simulation-eroxfyrnurmsaraojtkexlvtomxb/Build/Intermediates.noindex/Garten_Simulation.build/Debug-iphoneos/Garten_Simulation.build/pt-BR.lproj/Localizable.strings:1:1: note: detected encoding of input file as Unicode (UTF-8) (in target 'Garten_Simulation' from project 'Garten_Simulation')

CopyStringsFile /Users/jannikschill/Library/Developer/Xcode/DerivedData/Garten_Simulation-eroxfyrnurmsaraojtkexlvtomxb/Build/Products/Debug-iphoneos/Grovy.app/ko.lproj/Localizable.strings /Users/jannikschill/Library/Developer/Xcode/DerivedData/Garten_Simulation-eroxfyrnurmsaraojtkexlvtomxb/Build/Intermediates.noindex/Garten_Simulation.build/Debug-iphoneos/Garten_Simulation.build/ko.lproj/Localizable.strings (in target 'Garten_Simulation' from project 'Garten_Simulation')
    cd /Users/jannikschill/Documents/Garten-Simulation
    builtin-copyStrings --validate --outputencoding binary --outfilename Localizable.strings --outdir /Users/jannikschill/Library/Developer/Xcode/DerivedData/Garten_Simulation-eroxfyrnurmsaraojtkexlvtomxb/Build/Products/Debug-iphoneos/Grovy.app/ko.lproj -- /Users/jannikschill/Library/Developer/Xcode/DerivedData/Garten_Simulation-eroxfyrnurmsaraojtkexlvtomxb/Build/Intermediates.noindex/Garten_Simulation.build/Debug-iphoneos/Garten_Simulation.build/ko.lproj/Localizable.strings
/Users/jannikschill/Library/Developer/Xcode/DerivedData/Garten_Simulation-eroxfyrnurmsaraojtkexlvtomxb/Build/Intermediates.noindex/Garten_Simulation.build/Debug-iphoneos/Garten_Simulation.build/ko.lproj/Localizable.strings:1:1: note: detected encoding of input file as Unicode (UTF-8) (in target 'Garten_Simulation' from project 'Garten_Simulation')

CopyStringsFile /Users/jannikschill/Library/Developer/Xcode/DerivedData/Garten_Simulation-eroxfyrnurmsaraojtkexlvtomxb/Build/Products/Debug-iphoneos/Grovy.app/ru.lproj/Localizable.strings /Users/jannikschill/Library/Developer/Xcode/DerivedData/Garten_Simulation-eroxfyrnurmsaraojtkexlvtomxb/Build/Intermediates.noindex/Garten_Simulation.build/Debug-iphoneos/Garten_Simulation.build/ru.lproj/Localizable.strings (in target 'Garten_Simulation' from project 'Garten_Simulation')
    cd /Users/jannikschill/Documents/Garten-Simulation
    builtin-copyStrings --validate --outputencoding binary --outfilename Localizable.strings --outdir /Users/jannikschill/Library/Developer/Xcode/DerivedData/Garten_Simulation-eroxfyrnurmsaraojtkexlvtomxb/Build/Products/Debug-iphoneos/Grovy.app/ru.lproj -- /Users/jannikschill/Library/Developer/Xcode/DerivedData/Garten_Simulation-eroxfyrnurmsaraojtkexlvtomxb/Build/Intermediates.noindex/Garten_Simulation.build/Debug-iphoneos/Garten_Simulation.build/ru.lproj/Localizable.strings
/Users/jannikschill/Library/Developer/Xcode/DerivedData/Garten_Simulation-eroxfyrnurmsaraojtkexlvtomxb/Build/Intermediates.noindex/Garten_Simulation.build/Debug-iphoneos/Garten_Simulation.build/ru.lproj/Localizable.strings:1:1: note: detected encoding of input file as Unicode (UTF-8) (in target 'Garten_Simulation' from project 'Garten_Simulation')

CopyStringsFile /Users/jannikschill/Library/Developer/Xcode/DerivedData/Garten_Simulation-eroxfyrnurmsaraojtkexlvtomxb/Build/Products/Debug-iphoneos/Grovy.app/pl.lproj/Localizable.strings /Users/jannikschill/Library/Developer/Xcode/DerivedData/Garten_Simulation-eroxfyrnurmsaraojtkexlvtomxb/Build/Intermediates.noindex/Garten_Simulation.build/Debug-iphoneos/Garten_Simulation.build/pl.lproj/Localizable.strings (in target 'Garten_Simulation' from project 'Garten_Simulation')
    cd /Users/jannikschill/Documents/Garten-Simulation
    builtin-copyStrings --validate --outputencoding binary --outfilename Localizable.strings --outdir /Users/jannikschill/Library/Developer/Xcode/DerivedData/Garten_Simulation-eroxfyrnurmsaraojtkexlvtomxb/Build/Products/Debug-iphoneos/Grovy.app/pl.lproj -- /Users/jannikschill/Library/Developer/Xcode/DerivedData/Garten_Simulation-eroxfyrnurmsaraojtkexlvtomxb/Build/Intermediates.noindex/Garten_Simulation.build/Debug-iphoneos/Garten_Simulation.build/pl.lproj/Localizable.strings
/Users/jannikschill/Library/Developer/Xcode/DerivedData/Garten_Simulation-eroxfyrnurmsaraojtkexlvtomxb/Build/Intermediates.noindex/Garten_Simulation.build/Debug-iphoneos/Garten_Simulation.build/pl.lproj/Localizable.strings:1:1: note: detected encoding of input file as Unicode (UTF-8) (in target 'Garten_Simulation' from project 'Garten_Simulation')

CopyStringsFile /Users/jannikschill/Library/Developer/Xcode/DerivedData/Garten_Simulation-eroxfyrnurmsaraojtkexlvtomxb/Build/Products/Debug-iphoneos/Grovy.app/nl.lproj/Localizable.strings /Users/jannikschill/Library/Developer/Xcode/DerivedData/Garten_Simulation-eroxfyrnurmsaraojtkexlvtomxb/Build/Intermediates.noindex/Garten_Simulation.build/Debug-iphoneos/Garten_Simulation.build/nl.lproj/Localizable.strings (in target 'Garten_Simulation' from project 'Garten_Simulation')
    cd /Users/jannikschill/Documents/Garten-Simulation
    builtin-copyStrings --validate --outputencoding binary --outfilename Localizable.strings --outdir /Users/jannikschill/Library/Developer/Xcode/DerivedData/Garten_Simulation-eroxfyrnurmsaraojtkexlvtomxb/Build/Products/Debug-iphoneos/Grovy.app/nl.lproj -- /Users/jannikschill/Library/Developer/Xcode/DerivedData/Garten_Simulation-eroxfyrnurmsaraojtkexlvtomxb/Build/Intermediates.noindex/Garten_Simulation.build/Debug-iphoneos/Garten_Simulation.build/nl.lproj/Localizable.strings
/Users/jannikschill/Library/Developer/Xcode/DerivedData/Garten_Simulation-eroxfyrnurmsaraojtkexlvtomxb/Build/Intermediates.noindex/Garten_Simulation.build/Debug-iphoneos/Garten_Simulation.build/nl.lproj/Localizable.strings:1:1: note: detected encoding of input file as Unicode (UTF-8) (in target 'Garten_Simulation' from project 'Garten_Simulation')

CopyStringsFile /Users/jannikschill/Library/Developer/Xcode/DerivedData/Garten_Simulation-eroxfyrnurmsaraojtkexlvtomxb/Build/Products/Debug-iphoneos/Grovy.app/ja.lproj/Localizable.strings /Users/jannikschill/Library/Developer/Xcode/DerivedData/Garten_Simulation-eroxfyrnurmsaraojtkexlvtomxb/Build/Intermediates.noindex/Garten_Simulation.build/Debug-iphoneos/Garten_Simulation.build/ja.lproj/Localizable.strings (in target 'Garten_Simulation' from project 'Garten_Simulation')
    cd /Users/jannikschill/Documents/Garten-Simulation
    builtin-copyStrings --validate --outputencoding binary --outfilename Localizable.strings --outdir /Users/jannikschill/Library/Developer/Xcode/DerivedData/Garten_Simulation-eroxfyrnurmsaraojtkexlvtomxb/Build/Products/Debug-iphoneos/Grovy.app/ja.lproj -- /Users/jannikschill/Library/Developer/Xcode/DerivedData/Garten_Simulation-eroxfyrnurmsaraojtkexlvtomxb/Build/Intermediates.noindex/Garten_Simulation.build/Debug-iphoneos/Garten_Simulation.build/ja.lproj/Localizable.strings
/Users/jannikschill/Library/Developer/Xcode/DerivedData/Garten_Simulation-eroxfyrnurmsaraojtkexlvtomxb/Build/Intermediates.noindex/Garten_Simulation.build/Debug-iphoneos/Garten_Simulation.build/ja.lproj/Localizable.strings:1:1: note: detected encoding of input file as Unicode (UTF-8) (in target 'Garten_Simulation' from project 'Garten_Simulation')

CopyStringsFile /Users/jannikschill/Library/Developer/Xcode/DerivedData/Garten_Simulation-eroxfyrnurmsaraojtkexlvtomxb/Build/Products/Debug-iphoneos/Grovy.app/it.lproj/Localizable.strings /Users/jannikschill/Library/Developer/Xcode/DerivedData/Garten_Simulation-eroxfyrnurmsaraojtkexlvtomxb/Build/Intermediates.noindex/Garten_Simulation.build/Debug-iphoneos/Garten_Simulation.build/it.lproj/Localizable.strings (in target 'Garten_Simulation' from project 'Garten_Simulation')
    cd /Users/jannikschill/Documents/Garten-Simulation
    builtin-copyStrings --validate --outputencoding binary --outfilename Localizable.strings --outdir /Users/jannikschill/Library/Developer/Xcode/DerivedData/Garten_Simulation-eroxfyrnurmsaraojtkexlvtomxb/Build/Products/Debug-iphoneos/Grovy.app/it.lproj -- /Users/jannikschill/Library/Developer/Xcode/DerivedData/Garten_Simulation-eroxfyrnurmsaraojtkexlvtomxb/Build/Intermediates.noindex/Garten_Simulation.build/Debug-iphoneos/Garten_Simulation.build/it.lproj/Localizable.strings
/Users/jannikschill/Library/Developer/Xcode/DerivedData/Garten_Simulation-eroxfyrnurmsaraojtkexlvtomxb/Build/Intermediates.noindex/Garten_Simulation.build/Debug-iphoneos/Garten_Simulation.build/it.lproj/Localizable.strings:1:1: note: detected encoding of input file as Unicode (UTF-8) (in target 'Garten_Simulation' from project 'Garten_Simulation')

CopyStringsFile /Users/jannikschill/Library/Developer/Xcode/DerivedData/Garten_Simulation-eroxfyrnurmsaraojtkexlvtomxb/Build/Products/Debug-iphoneos/Grovy.app/hi.lproj/Localizable.strings /Users/jannikschill/Library/Developer/Xcode/DerivedData/Garten_Simulation-eroxfyrnurmsaraojtkexlvtomxb/Build/Intermediates.noindex/Garten_Simulation.build/Debug-iphoneos/Garten_Simulation.build/hi.lproj/Localizable.strings (in target 'Garten_Simulation' from project 'Garten_Simulation')
    cd /Users/jannikschill/Documents/Garten-Simulation
    builtin-copyStrings --validate --outputencoding binary --outfilename Localizable.strings --outdir /Users/jannikschill/Library/Developer/Xcode/DerivedData/Garten_Simulation-eroxfyrnurmsaraojtkexlvtomxb/Build/Products/Debug-iphoneos/Grovy.app/hi.lproj -- /Users/jannikschill/Library/Developer/Xcode/DerivedData/Garten_Simulation-eroxfyrnurmsaraojtkexlvtomxb/Build/Intermediates.noindex/Garten_Simulation.build/Debug-iphoneos/Garten_Simulation.build/hi.lproj/Localizable.strings
/Users/jannikschill/Library/Developer/Xcode/DerivedData/Garten_Simulation-eroxfyrnurmsaraojtkexlvtomxb/Build/Intermediates.noindex/Garten_Simulation.build/Debug-iphoneos/Garten_Simulation.build/hi.lproj/Localizable.strings:1:1: note: detected encoding of input file as Unicode (UTF-8) (in target 'Garten_Simulation' from project 'Garten_Simulation')

CopyStringsFile /Users/jannikschill/Library/Developer/Xcode/DerivedData/Garten_Simulation-eroxfyrnurmsaraojtkexlvtomxb/Build/Products/Debug-iphoneos/Grovy.app/fr.lproj/Localizable.strings /Users/jannikschill/Library/Developer/Xcode/DerivedData/Garten_Simulation-eroxfyrnurmsaraojtkexlvtomxb/Build/Intermediates.noindex/Garten_Simulation.build/Debug-iphoneos/Garten_Simulation.build/fr.lproj/Localizable.strings (in target 'Garten_Simulation' from project 'Garten_Simulation')
    cd /Users/jannikschill/Documents/Garten-Simulation
    builtin-copyStrings --validate --outputencoding binary --outfilename Localizable.strings --outdir /Users/jannikschill/Library/Developer/Xcode/DerivedData/Garten_Simulation-eroxfyrnurmsaraojtkexlvtomxb/Build/Products/Debug-iphoneos/Grovy.app/fr.lproj -- /Users/jannikschill/Library/Developer/Xcode/DerivedData/Garten_Simulation-eroxfyrnurmsaraojtkexlvtomxb/Build/Intermediates.noindex/Garten_Simulation.build/Debug-iphoneos/Garten_Simulation.build/fr.lproj/Localizable.strings
/Users/jannikschill/Library/Developer/Xcode/DerivedData/Garten_Simulation-eroxfyrnurmsaraojtkexlvtomxb/Build/Intermediates.noindex/Garten_Simulation.build/Debug-iphoneos/Garten_Simulation.build/fr.lproj/Localizable.strings:1:1: note: detected encoding of input file as Unicode (UTF-8) (in target 'Garten_Simulation' from project 'Garten_Simulation')

CopyStringsFile /Users/jannikschill/Library/Developer/Xcode/DerivedData/Garten_Simulation-eroxfyrnurmsaraojtkexlvtomxb/Build/Products/Debug-iphoneos/Grovy.app/es.lproj/Localizable.strings /Users/jannikschill/Library/Developer/Xcode/DerivedData/Garten_Simulation-eroxfyrnurmsaraojtkexlvtomxb/Build/Intermediates.noindex/Garten_Simulation.build/Debug-iphoneos/Garten_Simulation.build/es.lproj/Localizable.strings (in target 'Garten_Simulation' from project 'Garten_Simulation')
    cd /Users/jannikschill/Documents/Garten-Simulation
    builtin-copyStrings --validate --outputencoding binary --outfilename Localizable.strings --outdir /Users/jannikschill/Library/Developer/Xcode/DerivedData/Garten_Simulation-eroxfyrnurmsaraojtkexlvtomxb/Build/Products/Debug-iphoneos/Grovy.app/es.lproj -- /Users/jannikschill/Library/Developer/Xcode/DerivedData/Garten_Simulation-eroxfyrnurmsaraojtkexlvtomxb/Build/Intermediates.noindex/Garten_Simulation.build/Debug-iphoneos/Garten_Simulation.build/es.lproj/Localizable.strings
/Users/jannikschill/Library/Developer/Xcode/DerivedData/Garten_Simulation-eroxfyrnurmsaraojtkexlvtomxb/Build/Intermediates.noindex/Garten_Simulation.build/Debug-iphoneos/Garten_Simulation.build/es.lproj/Localizable.strings:1:1: note: detected encoding of input file as Unicode (UTF-8) (in target 'Garten_Simulation' from project 'Garten_Simulation')

CopyStringsFile /Users/jannikschill/Library/Developer/Xcode/DerivedData/Garten_Simulation-eroxfyrnurmsaraojtkexlvtomxb/Build/Products/Debug-iphoneos/Grovy.app/en.lproj/Localizable.strings /Users/jannikschill/Library/Developer/Xcode/DerivedData/Garten_Simulation-eroxfyrnurmsaraojtkexlvtomxb/Build/Intermediates.noindex/Garten_Simulation.build/Debug-iphoneos/Garten_Simulation.build/en.lproj/Localizable.strings (in target 'Garten_Simulation' from project 'Garten_Simulation')
    cd /Users/jannikschill/Documents/Garten-Simulation
    builtin-copyStrings --validate --outputencoding binary --outfilename Localizable.strings --outdir /Users/jannikschill/Library/Developer/Xcode/DerivedData/Garten_Simulation-eroxfyrnurmsaraojtkexlvtomxb/Build/Products/Debug-iphoneos/Grovy.app/en.lproj -- /Users/jannikschill/Library/Developer/Xcode/DerivedData/Garten_Simulation-eroxfyrnurmsaraojtkexlvtomxb/Build/Intermediates.noindex/Garten_Simulation.build/Debug-iphoneos/Garten_Simulation.build/en.lproj/Localizable.strings
/Users/jannikschill/Library/Developer/Xcode/DerivedData/Garten_Simulation-eroxfyrnurmsaraojtkexlvtomxb/Build/Intermediates.noindex/Garten_Simulation.build/Debug-iphoneos/Garten_Simulation.build/en.lproj/Localizable.strings:1:1: note: detected encoding of input file as Unicode (UTF-8) (in target 'Garten_Simulation' from project 'Garten_Simulation')

CopyStringsFile /Users/jannikschill/Library/Developer/Xcode/DerivedData/Garten_Simulation-eroxfyrnurmsaraojtkexlvtomxb/Build/Products/Debug-iphoneos/Grovy.app/de.lproj/Localizable.strings /Users/jannikschill/Library/Developer/Xcode/DerivedData/Garten_Simulation-eroxfyrnurmsaraojtkexlvtomxb/Build/Intermediates.noindex/Garten_Simulation.build/Debug-iphoneos/Garten_Simulation.build/de.lproj/Localizable.strings (in target 'Garten_Simulation' from project 'Garten_Simulation')
    cd /Users/jannikschill/Documents/Garten-Simulation
    builtin-copyStrings --validate --outputencoding binary --outfilename Localizable.strings --outdir /Users/jannikschill/Library/Developer/Xcode/DerivedData/Garten_Simulation-eroxfyrnurmsaraojtkexlvtomxb/Build/Products/Debug-iphoneos/Grovy.app/de.lproj -- /Users/jannikschill/Library/Developer/Xcode/DerivedData/Garten_Simulation-eroxfyrnurmsaraojtkexlvtomxb/Build/Intermediates.noindex/Garten_Simulation.build/Debug-iphoneos/Garten_Simulation.build/de.lproj/Localizable.strings
/Users/jannikschill/Library/Developer/Xcode/DerivedData/Garten_Simulation-eroxfyrnurmsaraojtkexlvtomxb/Build/Intermediates.noindex/Garten_Simulation.build/Debug-iphoneos/Garten_Simulation.build/de.lproj/Localizable.strings:1:1: note: detected encoding of input file as Unicode (UTF-8) (in target 'Garten_Simulation' from project 'Garten_Simulation')

SwiftDriverJobDiscovery normal arm64 Compiling WeedLogic.swift, RarityBackgroundView.swift, GeneratedStringSymbols_Localizable.swift (in target 'GartenWidgetExtension' from project 'Garten_Simulation')

SwiftDriver\ Compilation GartenWidgetExtension normal arm64 com.apple.xcode.tools.swift.compiler (in target 'GartenWidgetExtension' from project 'Garten_Simulation')
    cd /Users/jannikschill/Documents/Garten-Simulation
    builtin-Swift-Compilation -- /Applications/Xcode.app/Contents/Developer/Toolchains/XcodeDefault.xctoolchain/usr/bin/swiftc -module-name GartenWidgetExtension -Onone @/Users/jannikschill/Library/Developer/Xcode/DerivedData/Garten_Simulation-eroxfyrnurmsaraojtkexlvtomxb/Build/Intermediates.noindex/Garten_Simulation.build/Debug-iphoneos/GartenWidgetExtension.build/Objects-normal/arm64/GartenWidgetExtension.SwiftFileList -DDEBUG -enable-bare-slash-regex -enable-upcoming-feature DisableOutwardActorInference -enable-upcoming-feature InferSendableFromCaptures -enable-upcoming-feature GlobalActorIsolatedTypesUsability -enable-upcoming-feature MemberImportVisibility -enable-upcoming-feature InferIsolatedConformances -enable-upcoming-feature NonisolatedNonsendingByDefault -enable-experimental-feature DebugDescriptionMacro -sdk /Applications/Xcode.app/Contents/Developer/Platforms/iPhoneOS.platform/Developer/SDKs/iPhoneOS26.5.sdk -target arm64-apple-ios17.0 -g -module-cache-path /Users/jannikschill/Library/Developer/Xcode/DerivedData/ModuleCache.noindex -Xfrontend -serialize-debugging-options -application-extension -enable-testing -index-store-path /Users/jannikschill/Library/Developer/Xcode/DerivedData/Garten_Simulation-eroxfyrnurmsaraojtkexlvtomxb/Index.noindex/DataStore -Xcc -D_LIBCPP_HARDENING_MODE\=_LIBCPP_HARDENING_MODE_DEBUG -swift-version 5 -I /Users/jannikschill/Library/Developer/Xcode/DerivedData/Garten_Simulation-eroxfyrnurmsaraojtkexlvtomxb/Build/Products/Debug-iphoneos -F /Users/jannikschill/Library/Developer/Xcode/DerivedData/Garten_Simulation-eroxfyrnurmsaraojtkexlvtomxb/Build/Products/Debug-iphoneos -emit-localized-strings -emit-localized-strings-path /Users/jannikschill/Library/Developer/Xcode/DerivedData/Garten_Simulation-eroxfyrnurmsaraojtkexlvtomxb/Build/Intermediates.noindex/Garten_Simulation.build/Debug-iphoneos/GartenWidgetExtension.build/Objects-normal/arm64 -c -j12 -enable-batch-mode -incremental -Xcc -ivfsstatcache -Xcc /Users/jannikschill/Library/Developer/Xcode/DerivedData/SDKStatCaches.noindex/iphoneos26.5-23F81a-688ef53f1462e2c8f657fdc38a81448f32daed1954a7d5dd0789fcaf2a9bb78b.sdkstatcache -output-file-map /Users/jannikschill/Library/Developer/Xcode/DerivedData/Garten_Simulation-eroxfyrnurmsaraojtkexlvtomxb/Build/Intermediates.noindex/Garten_Simulation.build/Debug-iphoneos/GartenWidgetExtension.build/Objects-normal/arm64/GartenWidgetExtension-OutputFileMap.json -use-frontend-parseable-output -save-temps -no-color-diagnostics -explicit-module-build -module-cache-path /Users/jannikschill/Library/Developer/Xcode/DerivedData/Garten_Simulation-eroxfyrnurmsaraojtkexlvtomxb/Build/Intermediates.noindex/SwiftExplicitPrecompiledModules -clang-scanner-module-cache-path /Users/jannikschill/Library/Developer/Xcode/DerivedData/ModuleCache.noindex -sdk-module-cache-path /Users/jannikschill/Library/Developer/Xcode/DerivedData/ModuleCache.noindex -serialize-diagnostics -emit-dependencies -emit-module -emit-module-path /Users/jannikschill/Library/Developer/Xcode/DerivedData/Garten_Simulation-eroxfyrnurmsaraojtkexlvtomxb/Build/Intermediates.noindex/Garten_Simulation.build/Debug-iphoneos/GartenWidgetExtension.build/Objects-normal/arm64/GartenWidgetExtension.swiftmodule -validate-clang-modules-once -clang-build-session-file /Users/jannikschill/Library/Developer/Xcode/DerivedData/ModuleCache.noindex/Session.modulevalidation -Xcc -I/Users/jannikschill/Library/Developer/Xcode/DerivedData/Garten_Simulation-eroxfyrnurmsaraojtkexlvtomxb/Build/Intermediates.noindex/Garten_Simulation.build/Debug-iphoneos/GartenWidgetExtension.build/swift-overrides.hmap -emit-const-values -Xfrontend -const-gather-protocols-file -Xfrontend /Users/jannikschill/Library/Developer/Xcode/DerivedData/Garten_Simulation-eroxfyrnurmsaraojtkexlvtomxb/Build/Intermediates.noindex/Garten_Simulation.build/Debug-iphoneos/GartenWidgetExtension.build/Objects-normal/arm64/GartenWidgetExtension_const_extract_protocols.json -Xcc -iquote -Xcc /Users/jannikschill/Library/Developer/Xcode/DerivedData/Garten_Simulation-eroxfyrnurmsaraojtkexlvtomxb/Build/Intermediates.noindex/Garten_Simulation.build/Debug-iphoneos/GartenWidgetExtension.build/GartenWidgetExtension-generated-files.hmap -Xcc -I/Users/jannikschill/Library/Developer/Xcode/DerivedData/Garten_Simulation-eroxfyrnurmsaraojtkexlvtomxb/Build/Intermediates.noindex/Garten_Simulation.build/Debug-iphoneos/GartenWidgetExtension.build/GartenWidgetExtension-own-target-headers.hmap -Xcc -I/Users/jannikschill/Library/Developer/Xcode/DerivedData/Garten_Simulation-eroxfyrnurmsaraojtkexlvtomxb/Build/Intermediates.noindex/Garten_Simulation.build/Debug-iphoneos/GartenWidgetExtension.build/GartenWidgetExtension-all-non-framework-target-headers.hmap -Xcc -ivfsoverlay -Xcc /Users/jannikschill/Library/Developer/Xcode/DerivedData/Garten_Simulation-eroxfyrnurmsaraojtkexlvtomxb/Build/Intermediates.noindex/Garten_Simulation.build/Debug-iphoneos/Garten_Simulation-49394399678d88b76108bd64d45cffb0-VFS-iphoneos/all-product-headers.yaml -Xcc -iquote -Xcc /Users/jannikschill/Library/Developer/Xcode/DerivedData/Garten_Simulation-eroxfyrnurmsaraojtkexlvtomxb/Build/Intermediates.noindex/Garten_Simulation.build/Debug-iphoneos/GartenWidgetExtension.build/GartenWidgetExtension-project-headers.hmap -Xcc -I/Users/jannikschill/Library/Developer/Xcode/DerivedData/Garten_Simulation-eroxfyrnurmsaraojtkexlvtomxb/Build/Products/Debug-iphoneos/include -Xcc -I/Users/jannikschill/Library/Developer/Xcode/DerivedData/Garten_Simulation-eroxfyrnurmsaraojtkexlvtomxb/Build/Intermediates.noindex/Garten_Simulation.build/Debug-iphoneos/GartenWidgetExtension.build/DerivedSources-normal/arm64 -Xcc -I/Users/jannikschill/Library/Developer/Xcode/DerivedData/Garten_Simulation-eroxfyrnurmsaraojtkexlvtomxb/Build/Intermediates.noindex/Garten_Simulation.build/Debug-iphoneos/GartenWidgetExtension.build/DerivedSources/arm64 -Xcc -I/Users/jannikschill/Library/Developer/Xcode/DerivedData/Garten_Simulation-eroxfyrnurmsaraojtkexlvtomxb/Build/Intermediates.noindex/Garten_Simulation.build/Debug-iphoneos/GartenWidgetExtension.build/DerivedSources -Xcc -DDEBUG\=1 -emit-objc-header -emit-objc-header-path /Users/jannikschill/Library/Developer/Xcode/DerivedData/Garten_Simulation-eroxfyrnurmsaraojtkexlvtomxb/Build/Intermediates.noindex/Garten_Simulation.build/Debug-iphoneos/GartenWidgetExtension.build/Objects-normal/arm64/GartenWidgetExtension-Swift.h -working-directory /Users/jannikschill/Documents/Garten-Simulation -experimental-emit-module-separately -disable-cmo

Ld /Users/jannikschill/Library/Developer/Xcode/DerivedData/Garten_Simulation-eroxfyrnurmsaraojtkexlvtomxb/Build/Products/Debug-iphoneos/GartenWidgetExtension.appex/GartenWidgetExtension.debug.dylib normal (in target 'GartenWidgetExtension' from project 'Garten_Simulation')
    cd /Users/jannikschill/Documents/Garten-Simulation
    /Applications/Xcode.app/Contents/Developer/Toolchains/XcodeDefault.xctoolchain/usr/bin/clang -Xlinker -reproducible -target arm64-apple-ios17.0 -dynamiclib -isysroot /Applications/Xcode.app/Contents/Developer/Platforms/iPhoneOS.platform/Developer/SDKs/iPhoneOS26.5.sdk -O0 -L/Users/jannikschill/Library/Developer/Xcode/DerivedData/Garten_Simulation-eroxfyrnurmsaraojtkexlvtomxb/Build/Intermediates.noindex/EagerLinkingTBDs/Debug-iphoneos -L/Users/jannikschill/Library/Developer/Xcode/DerivedData/Garten_Simulation-eroxfyrnurmsaraojtkexlvtomxb/Build/Products/Debug-iphoneos -F/Users/jannikschill/Library/Developer/Xcode/DerivedData/Garten_Simulation-eroxfyrnurmsaraojtkexlvtomxb/Build/Intermediates.noindex/EagerLinkingTBDs/Debug-iphoneos -F/Users/jannikschill/Library/Developer/Xcode/DerivedData/Garten_Simulation-eroxfyrnurmsaraojtkexlvtomxb/Build/Products/Debug-iphoneos -filelist /Users/jannikschill/Library/Developer/Xcode/DerivedData/Garten_Simulation-eroxfyrnurmsaraojtkexlvtomxb/Build/Intermediates.noindex/Garten_Simulation.build/Debug-iphoneos/GartenWidgetExtension.build/Objects-normal/arm64/GartenWidgetExtension.LinkFileList -install_name @rpath/GartenWidgetExtension.debug.dylib -Xlinker -rpath -Xlinker /usr/lib/swift -Xlinker -rpath -Xlinker @executable_path/Frameworks -Xlinker -rpath -Xlinker @executable_path/../../Frameworks -Xlinker -dead_strip -Xlinker -object_path_lto -Xlinker /Users/jannikschill/Library/Developer/Xcode/DerivedData/Garten_Simulation-eroxfyrnurmsaraojtkexlvtomxb/Build/Intermediates.noindex/Garten_Simulation.build/Debug-iphoneos/GartenWidgetExtension.build/Objects-normal/arm64/GartenWidgetExtension_lto.o -rdynamic -Xlinker -no_deduplicate -Xlinker -dependency_info -Xlinker /Users/jannikschill/Library/Developer/Xcode/DerivedData/Garten_Simulation-eroxfyrnurmsaraojtkexlvtomxb/Build/Intermediates.noindex/Garten_Simulation.build/Debug-iphoneos/GartenWidgetExtension.build/Objects-normal/arm64/GartenWidgetExtension_dependency_info.dat -fapplication-extension -fobjc-link-runtime -L/Applications/Xcode.app/Contents/Developer/Toolchains/XcodeDefault.xctoolchain/usr/lib/swift/iphoneos -L/usr/lib/swift -Xlinker -add_ast_path -Xlinker /Users/jannikschill/Library/Developer/Xcode/DerivedData/Garten_Simulation-eroxfyrnurmsaraojtkexlvtomxb/Build/Intermediates.noindex/Garten_Simulation.build/Debug-iphoneos/GartenWidgetExtension.build/Objects-normal/arm64/GartenWidgetExtension.swiftmodule @/Users/jannikschill/Library/Developer/Xcode/DerivedData/Garten_Simulation-eroxfyrnurmsaraojtkexlvtomxb/Build/Intermediates.noindex/Garten_Simulation.build/Debug-iphoneos/GartenWidgetExtension.build/Objects-normal/arm64/GartenWidgetExtension-linker-args.resp -Xlinker -alias -Xlinker _NSExtensionMain -Xlinker ___debug_main_executable_dylib_entry_point -framework ActivityKit -framework SwiftUI -framework WidgetKit -Xlinker -no_adhoc_codesign -o /Users/jannikschill/Library/Developer/Xcode/DerivedData/Garten_Simulation-eroxfyrnurmsaraojtkexlvtomxb/Build/Products/Debug-iphoneos/GartenWidgetExtension.appex/GartenWidgetExtension.debug.dylib

ConstructStubExecutorLinkFileList /Users/jannikschill/Library/Developer/Xcode/DerivedData/Garten_Simulation-eroxfyrnurmsaraojtkexlvtomxb/Build/Intermediates.noindex/Garten_Simulation.build/Debug-iphoneos/GartenWidgetExtension.build/GartenWidgetExtension-ExecutorLinkFileList-normal-arm64.txt (in target 'GartenWidgetExtension' from project 'Garten_Simulation')
    cd /Users/jannikschill/Documents/Garten-Simulation
    construct-stub-executor-link-file-list /Users/jannikschill/Library/Developer/Xcode/DerivedData/Garten_Simulation-eroxfyrnurmsaraojtkexlvtomxb/Build/Products/Debug-iphoneos/GartenWidgetExtension.appex/GartenWidgetExtension.debug.dylib /Applications/Xcode.app/Contents/Developer/Platforms/iPhoneOS.platform/Developer/usr/lib/libPreviewsJITStubExecutor_no_swift_entry_point.a /Applications/Xcode.app/Contents/Developer/Platforms/iPhoneOS.platform/Developer/usr/lib/libPreviewsJITStubExecutor.a --output /Users/jannikschill/Library/Developer/Xcode/DerivedData/Garten_Simulation-eroxfyrnurmsaraojtkexlvtomxb/Build/Intermediates.noindex/Garten_Simulation.build/Debug-iphoneos/GartenWidgetExtension.build/GartenWidgetExtension-ExecutorLinkFileList-normal-arm64.txt
note: Using stub executor library with Swift entry point. (in target 'GartenWidgetExtension' from project 'Garten_Simulation')

Ld /Users/jannikschill/Library/Developer/Xcode/DerivedData/Garten_Simulation-eroxfyrnurmsaraojtkexlvtomxb/Build/Products/Debug-iphoneos/GartenWidgetExtension.appex/GartenWidgetExtension normal (in target 'GartenWidgetExtension' from project 'Garten_Simulation')
    cd /Users/jannikschill/Documents/Garten-Simulation
    /Applications/Xcode.app/Contents/Developer/Toolchains/XcodeDefault.xctoolchain/usr/bin/clang -Xlinker -reproducible -target arm64-apple-ios17.0 -isysroot /Applications/Xcode.app/Contents/Developer/Platforms/iPhoneOS.platform/Developer/SDKs/iPhoneOS26.5.sdk -O0 -L/Users/jannikschill/Library/Developer/Xcode/DerivedData/Garten_Simulation-eroxfyrnurmsaraojtkexlvtomxb/Build/Products/Debug-iphoneos -F/Users/jannikschill/Library/Developer/Xcode/DerivedData/Garten_Simulation-eroxfyrnurmsaraojtkexlvtomxb/Build/Products/Debug-iphoneos -Xlinker -rpath -Xlinker @executable_path -Xlinker -rpath -Xlinker @executable_path/Frameworks -Xlinker -rpath -Xlinker @executable_path/../../Frameworks -rdynamic -Xlinker -no_deduplicate -e ___debug_blank_executor_main -Xlinker -sectcreate -Xlinker __TEXT -Xlinker __debug_dylib -Xlinker /Users/jannikschill/Library/Developer/Xcode/DerivedData/Garten_Simulation-eroxfyrnurmsaraojtkexlvtomxb/Build/Intermediates.noindex/Garten_Simulation.build/Debug-iphoneos/GartenWidgetExtension.build/GartenWidgetExtension-DebugDylibPath-normal-arm64.txt -Xlinker -sectcreate -Xlinker __TEXT -Xlinker __debug_entry -Xlinker /Users/jannikschill/Library/Developer/Xcode/DerivedData/Garten_Simulation-eroxfyrnurmsaraojtkexlvtomxb/Build/Intermediates.noindex/Garten_Simulation.build/Debug-iphoneos/GartenWidgetExtension.build/GartenWidgetExtension-DebugEntryPoint-normal-arm64.txt -Xlinker -sectcreate -Xlinker __TEXT -Xlinker __debug_instlnm -Xlinker /Users/jannikschill/Library/Developer/Xcode/DerivedData/Garten_Simulation-eroxfyrnurmsaraojtkexlvtomxb/Build/Intermediates.noindex/Garten_Simulation.build/Debug-iphoneos/GartenWidgetExtension.build/GartenWidgetExtension-DebugDylibInstallName-normal-arm64.txt -Xlinker -filelist -Xlinker /Users/jannikschill/Library/Developer/Xcode/DerivedData/Garten_Simulation-eroxfyrnurmsaraojtkexlvtomxb/Build/Intermediates.noindex/Garten_Simulation.build/Debug-iphoneos/GartenWidgetExtension.build/GartenWidgetExtension-ExecutorLinkFileList-normal-arm64.txt /Users/jannikschill/Library/Developer/Xcode/DerivedData/Garten_Simulation-eroxfyrnurmsaraojtkexlvtomxb/Build/Products/Debug-iphoneos/GartenWidgetExtension.appex/GartenWidgetExtension.debug.dylib -Xlinker -no_adhoc_codesign -o /Users/jannikschill/Library/Developer/Xcode/DerivedData/Garten_Simulation-eroxfyrnurmsaraojtkexlvtomxb/Build/Products/Debug-iphoneos/GartenWidgetExtension.appex/GartenWidgetExtension

SwiftDriver Garten_Simulation normal arm64 com.apple.xcode.tools.swift.compiler (in target 'Garten_Simulation' from project 'Garten_Simulation')
    cd /Users/jannikschill/Documents/Garten-Simulation
    builtin-SwiftDriver -- /Applications/Xcode.app/Contents/Developer/Toolchains/XcodeDefault.xctoolchain/usr/bin/swiftc -module-name Grovy -Onone @/Users/jannikschill/Library/Developer/Xcode/DerivedData/Garten_Simulation-eroxfyrnurmsaraojtkexlvtomxb/Build/Intermediates.noindex/Garten_Simulation.build/Debug-iphoneos/Garten_Simulation.build/Objects-normal/arm64/Grovy.SwiftFileList -DDEBUG -default-isolation\=MainActor -enable-bare-slash-regex -enable-upcoming-feature DisableOutwardActorInference -enable-upcoming-feature InferSendableFromCaptures -enable-upcoming-feature GlobalActorIsolatedTypesUsability -enable-upcoming-feature MemberImportVisibility -enable-upcoming-feature InferIsolatedConformances -enable-upcoming-feature NonisolatedNonsendingByDefault -enable-experimental-feature DebugDescriptionMacro -sdk /Applications/Xcode.app/Contents/Developer/Platforms/iPhoneOS.platform/Developer/SDKs/iPhoneOS26.5.sdk -target arm64-apple-ios17.0 -g -module-cache-path /Users/jannikschill/Library/Developer/Xcode/DerivedData/ModuleCache.noindex -Xfrontend -serialize-debugging-options -enable-testing -index-store-path /Users/jannikschill/Library/Developer/Xcode/DerivedData/Garten_Simulation-eroxfyrnurmsaraojtkexlvtomxb/Index.noindex/DataStore -Xcc -D_LIBCPP_HARDENING_MODE\=_LIBCPP_HARDENING_MODE_DEBUG -swift-version 5 -I /Users/jannikschill/Library/Developer/Xcode/DerivedData/Garten_Simulation-eroxfyrnurmsaraojtkexlvtomxb/Build/Products/Debug-iphoneos -F /Users/jannikschill/Library/Developer/Xcode/DerivedData/Garten_Simulation-eroxfyrnurmsaraojtkexlvtomxb/Build/Products/Debug-iphoneos/PackageFrameworks -F /Users/jannikschill/Library/Developer/Xcode/DerivedData/Garten_Simulation-eroxfyrnurmsaraojtkexlvtomxb/Build/Products/Debug-iphoneos -emit-localized-strings -emit-localized-strings-path /Users/jannikschill/Library/Developer/Xcode/DerivedData/Garten_Simulation-eroxfyrnurmsaraojtkexlvtomxb/Build/Intermediates.noindex/Garten_Simulation.build/Debug-iphoneos/Garten_Simulation.build/Objects-normal/arm64 -c -j12 -enable-batch-mode -incremental -Xcc -ivfsstatcache -Xcc /Users/jannikschill/Library/Developer/Xcode/DerivedData/SDKStatCaches.noindex/iphoneos26.5-23F81a-688ef53f1462e2c8f657fdc38a81448f32daed1954a7d5dd0789fcaf2a9bb78b.sdkstatcache -output-file-map /Users/jannikschill/Library/Developer/Xcode/DerivedData/Garten_Simulation-eroxfyrnurmsaraojtkexlvtomxb/Build/Intermediates.noindex/Garten_Simulation.build/Debug-iphoneos/Garten_Simulation.build/Objects-normal/arm64/Garten_Simulation-OutputFileMap.json -use-frontend-parseable-output -save-temps -no-color-diagnostics -explicit-module-build -module-cache-path /Users/jannikschill/Library/Developer/Xcode/DerivedData/Garten_Simulation-eroxfyrnurmsaraojtkexlvtomxb/Build/Intermediates.noindex/SwiftExplicitPrecompiledModules -clang-scanner-module-cache-path /Users/jannikschill/Library/Developer/Xcode/DerivedData/ModuleCache.noindex -sdk-module-cache-path /Users/jannikschill/Library/Developer/Xcode/DerivedData/ModuleCache.noindex -serialize-diagnostics -emit-dependencies -emit-module -emit-module-path /Users/jannikschill/Library/Developer/Xcode/DerivedData/Garten_Simulation-eroxfyrnurmsaraojtkexlvtomxb/Build/Intermediates.noindex/Garten_Simulation.build/Debug-iphoneos/Garten_Simulation.build/Objects-normal/arm64/Grovy.swiftmodule -validate-clang-modules-once -clang-build-session-file /Users/jannikschill/Library/Developer/Xcode/DerivedData/ModuleCache.noindex/Session.modulevalidation -Xcc -I/Users/jannikschill/Library/Developer/Xcode/DerivedData/Garten_Simulation-eroxfyrnurmsaraojtkexlvtomxb/Build/Intermediates.noindex/Garten_Simulation.build/Debug-iphoneos/Garten_Simulation.build/swift-overrides.hmap -emit-const-values -Xfrontend -const-gather-protocols-file -Xfrontend /Users/jannikschill/Library/Developer/Xcode/DerivedData/Garten_Simulation-eroxfyrnurmsaraojtkexlvtomxb/Build/Intermediates.noindex/Garten_Simulation.build/Debug-iphoneos/Garten_Simulation.build/Objects-normal/arm64/Garten_Simulation_const_extract_protocols.json -Xcc -iquote -Xcc /Users/jannikschill/Library/Developer/Xcode/DerivedData/Garten_Simulation-eroxfyrnurmsaraojtkexlvtomxb/Build/Intermediates.noindex/Garten_Simulation.build/Debug-iphoneos/Garten_Simulation.build/Grovy-generated-files.hmap -Xcc -I/Users/jannikschill/Library/Developer/Xcode/DerivedData/Garten_Simulation-eroxfyrnurmsaraojtkexlvtomxb/Build/Intermediates.noindex/Garten_Simulation.build/Debug-iphoneos/Garten_Simulation.build/Grovy-own-target-headers.hmap -Xcc -I/Users/jannikschill/Library/Developer/Xcode/DerivedData/Garten_Simulation-eroxfyrnurmsaraojtkexlvtomxb/Build/Intermediates.noindex/Garten_Simulation.build/Debug-iphoneos/Garten_Simulation.build/Grovy-all-non-framework-target-headers.hmap -Xcc -ivfsoverlay -Xcc /Users/jannikschill/Library/Developer/Xcode/DerivedData/Garten_Simulation-eroxfyrnurmsaraojtkexlvtomxb/Build/Intermediates.noindex/Garten_Simulation.build/Debug-iphoneos/Garten_Simulation-49394399678d88b76108bd64d45cffb0-VFS-iphoneos/all-product-headers.yaml -Xcc -iquote -Xcc /Users/jannikschill/Library/Developer/Xcode/DerivedData/Garten_Simulation-eroxfyrnurmsaraojtkexlvtomxb/Build/Intermediates.noindex/Garten_Simulation.build/Debug-iphoneos/Garten_Simulation.build/Grovy-project-headers.hmap -Xcc -I/Users/jannikschill/Library/Developer/Xcode/DerivedData/Garten_Simulation-eroxfyrnurmsaraojtkexlvtomxb/Build/Products/Debug-iphoneos/include -Xcc -I/Users/jannikschill/Library/Developer/Xcode/DerivedData/Garten_Simulation-eroxfyrnurmsaraojtkexlvtomxb/Build/Intermediates.noindex/Garten_Simulation.build/Debug-iphoneos/Garten_Simulation.build/DerivedSources-normal/arm64 -Xcc -I/Users/jannikschill/Library/Developer/Xcode/DerivedData/Garten_Simulation-eroxfyrnurmsaraojtkexlvtomxb/Build/Intermediates.noindex/Garten_Simulation.build/Debug-iphoneos/Garten_Simulation.build/DerivedSources/arm64 -Xcc -I/Users/jannikschill/Library/Developer/Xcode/DerivedData/Garten_Simulation-eroxfyrnurmsaraojtkexlvtomxb/Build/Intermediates.noindex/Garten_Simulation.build/Debug-iphoneos/Garten_Simulation.build/DerivedSources -Xcc -DDEBUG\=1 -emit-objc-header -emit-objc-header-path /Users/jannikschill/Library/Developer/Xcode/DerivedData/Garten_Simulation-eroxfyrnurmsaraojtkexlvtomxb/Build/Intermediates.noindex/Garten_Simulation.build/Debug-iphoneos/Garten_Simulation.build/Objects-normal/arm64/Grovy-Swift.h -working-directory /Users/jannikschill/Documents/Garten-Simulation -experimental-emit-module-separately -disable-cmo

ExtractAppIntentsMetadata (in target 'GartenWidgetExtension' from project 'Garten_Simulation')
    cd /Users/jannikschill/Documents/Garten-Simulation
    /Applications/Xcode.app/Contents/Developer/Toolchains/XcodeDefault.xctoolchain/usr/bin/appintentsmetadataprocessor --toolchain-dir /var/run/com.apple.security.cryptexd/mnt/com.apple.MobileAsset.MetalToolchain-v17.6.109.0.6H7FzB/Metal.xctoolchain --module-name GartenWidgetExtension --sdk-root /Applications/Xcode.app/Contents/Developer/Platforms/iPhoneOS.platform/Developer/SDKs/iPhoneOS26.5.sdk --xcode-version 17F113 --platform-family iOS --deployment-target 17.0 --bundle-identifier com.jannik.grovy.GartenWidget --output /Users/jannikschill/Library/Developer/Xcode/DerivedData/Garten_Simulation-eroxfyrnurmsaraojtkexlvtomxb/Build/Products/Debug-iphoneos/GartenWidgetExtension.appex --target-triple arm64-apple-ios17.0 --binary-file /Users/jannikschill/Library/Developer/Xcode/DerivedData/Garten_Simulation-eroxfyrnurmsaraojtkexlvtomxb/Build/Products/Debug-iphoneos/GartenWidgetExtension.appex/GartenWidgetExtension --dependency-file /Users/jannikschill/Library/Developer/Xcode/DerivedData/Garten_Simulation-eroxfyrnurmsaraojtkexlvtomxb/Build/Intermediates.noindex/Garten_Simulation.build/Debug-iphoneos/GartenWidgetExtension.build/Objects-normal/arm64/GartenWidgetExtension_dependency_info.dat --stringsdata-file /Users/jannikschill/Library/Developer/Xcode/DerivedData/Garten_Simulation-eroxfyrnurmsaraojtkexlvtomxb/Build/Intermediates.noindex/Garten_Simulation.build/Debug-iphoneos/GartenWidgetExtension.build/Objects-normal/arm64/ExtractedAppShortcutsMetadata.stringsdata --source-file-list /Users/jannikschill/Library/Developer/Xcode/DerivedData/Garten_Simulation-eroxfyrnurmsaraojtkexlvtomxb/Build/Intermediates.noindex/Garten_Simulation.build/Debug-iphoneos/GartenWidgetExtension.build/Objects-normal/arm64/GartenWidgetExtension.SwiftFileList --metadata-file-list /Users/jannikschill/Library/Developer/Xcode/DerivedData/Garten_Simulation-eroxfyrnurmsaraojtkexlvtomxb/Build/Intermediates.noindex/Garten_Simulation.build/Debug-iphoneos/GartenWidgetExtension.build/GartenWidgetExtension.DependencyMetadataFileList --static-metadata-file-list /Users/jannikschill/Library/Developer/Xcode/DerivedData/Garten_Simulation-eroxfyrnurmsaraojtkexlvtomxb/Build/Intermediates.noindex/Garten_Simulation.build/Debug-iphoneos/GartenWidgetExtension.build/GartenWidgetExtension.DependencyStaticMetadataFileList --swift-const-vals-list /Users/jannikschill/Library/Developer/Xcode/DerivedData/Garten_Simulation-eroxfyrnurmsaraojtkexlvtomxb/Build/Intermediates.noindex/Garten_Simulation.build/Debug-iphoneos/GartenWidgetExtension.build/Objects-normal/arm64/GartenWidgetExtension.SwiftConstValuesFileList --compile-time-extraction --deployment-aware-processing --validate-assistant-intents --no-app-shortcuts-localization
2026-09-10 16:02:40.578 appintentsmetadataprocessor[17460:436991] Starting appintentsmetadataprocessor export
2026-09-10 16:02:40.590 appintentsmetadataprocessor[17460:436991] Writing Metadata.appintents
2026-09-10 16:02:40.590 appintentsmetadataprocessor[17460:436991] Metadata root: /Users/jannikschill/Library/Developer/Xcode/DerivedData/Garten_Simulation-eroxfyrnurmsaraojtkexlvtomxb/Build/Products/Debug-iphoneos/GartenWidgetExtension.appex/Metadata.appintents

AppIntentsSSUTraining (in target 'GartenWidgetExtension' from project 'Garten_Simulation')
    cd /Users/jannikschill/Documents/Garten-Simulation
    /Applications/Xcode.app/Contents/Developer/Toolchains/XcodeDefault.xctoolchain/usr/bin/appintentsnltrainingprocessor --infoplist-path /Users/jannikschill/Library/Developer/Xcode/DerivedData/Garten_Simulation-eroxfyrnurmsaraojtkexlvtomxb/Build/Products/Debug-iphoneos/GartenWidgetExtension.appex/Info.plist --temp-dir-path /Users/jannikschill/Library/Developer/Xcode/DerivedData/Garten_Simulation-eroxfyrnurmsaraojtkexlvtomxb/Build/Intermediates.noindex/Garten_Simulation.build/Debug-iphoneos/GartenWidgetExtension.build/ssu --bundle-id com.jannik.grovy.GartenWidget --product-path /Users/jannikschill/Library/Developer/Xcode/DerivedData/Garten_Simulation-eroxfyrnurmsaraojtkexlvtomxb/Build/Products/Debug-iphoneos/GartenWidgetExtension.appex --extracted-metadata-path /Users/jannikschill/Library/Developer/Xcode/DerivedData/Garten_Simulation-eroxfyrnurmsaraojtkexlvtomxb/Build/Products/Debug-iphoneos/GartenWidgetExtension.appex/Metadata.appintents --metadata-file-list /Users/jannikschill/Library/Developer/Xcode/DerivedData/Garten_Simulation-eroxfyrnurmsaraojtkexlvtomxb/Build/Intermediates.noindex/Garten_Simulation.build/Debug-iphoneos/GartenWidgetExtension.build/GartenWidgetExtension.DependencyMetadataFileList --source-file /Users/jannikschill/Library/Developer/Xcode/DerivedData/Garten_Simulation-eroxfyrnurmsaraojtkexlvtomxb/Build/Products/Debug-iphoneos/GartenWidgetExtension.appex/Info.plist --archive-ssu-assets
2026-09-10 16:02:40.605 appintentsnltrainingprocessor[17462:437002] Parsing options for appintentsnltrainingprocessor
2026-09-10 16:02:40.605 appintentsnltrainingprocessor[17462:437002] Starting AppIntents SSU YAML Generation
2026-09-10 16:02:40.613 appintentsnltrainingprocessor[17462:437002] No AppShortcuts found - Skipping.

CodeSign /Users/jannikschill/Library/Developer/Xcode/DerivedData/Garten_Simulation-eroxfyrnurmsaraojtkexlvtomxb/Build/Products/Debug-iphoneos/GartenWidgetExtension.appex/GartenWidgetExtension.debug.dylib (in target 'GartenWidgetExtension' from project 'Garten_Simulation')
    cd /Users/jannikschill/Documents/Garten-Simulation
    
    Signing Identity:     "Apple Development: jannik.schill.2010@gmail.com (Y3TPBQ8BW8)"
    Provisioning Profile: "iOS Team Provisioning Profile: com.jannik.grovy.GartenWidget"
                          (de06b1b1-9e40-402c-b47b-f84b9e13246c)
    
    /usr/bin/codesign --force --sign 8102FDB7D060355F2112EF227766019935B0F9B4 --timestamp\=none --generate-entitlement-der /Users/jannikschill/Library/Developer/Xcode/DerivedData/Garten_Simulation-eroxfyrnurmsaraojtkexlvtomxb/Build/Products/Debug-iphoneos/GartenWidgetExtension.appex/GartenWidgetExtension.debug.dylib

CodeSign /Users/jannikschill/Library/Developer/Xcode/DerivedData/Garten_Simulation-eroxfyrnurmsaraojtkexlvtomxb/Build/Products/Debug-iphoneos/GartenWidgetExtension.appex/__preview.dylib (in target 'GartenWidgetExtension' from project 'Garten_Simulation')
    cd /Users/jannikschill/Documents/Garten-Simulation
    
    Signing Identity:     "Apple Development: jannik.schill.2010@gmail.com (Y3TPBQ8BW8)"
    Provisioning Profile: "iOS Team Provisioning Profile: com.jannik.grovy.GartenWidget"
                          (de06b1b1-9e40-402c-b47b-f84b9e13246c)
    
    /usr/bin/codesign --force --sign 8102FDB7D060355F2112EF227766019935B0F9B4 --timestamp\=none --generate-entitlement-der /Users/jannikschill/Library/Developer/Xcode/DerivedData/Garten_Simulation-eroxfyrnurmsaraojtkexlvtomxb/Build/Products/Debug-iphoneos/GartenWidgetExtension.appex/__preview.dylib

CodeSign /Users/jannikschill/Library/Developer/Xcode/DerivedData/Garten_Simulation-eroxfyrnurmsaraojtkexlvtomxb/Build/Products/Debug-iphoneos/GartenWidgetExtension.appex (in target 'GartenWidgetExtension' from project 'Garten_Simulation')
    cd /Users/jannikschill/Documents/Garten-Simulation
    
    Signing Identity:     "Apple Development: jannik.schill.2010@gmail.com (Y3TPBQ8BW8)"
    Provisioning Profile: "iOS Team Provisioning Profile: com.jannik.grovy.GartenWidget"
                          (de06b1b1-9e40-402c-b47b-f84b9e13246c)
    
    /usr/bin/codesign --force --sign 8102FDB7D060355F2112EF227766019935B0F9B4 --entitlements /Users/jannikschill/Library/Developer/Xcode/DerivedData/Garten_Simulation-eroxfyrnurmsaraojtkexlvtomxb/Build/Intermediates.noindex/Garten_Simulation.build/Debug-iphoneos/GartenWidgetExtension.build/GartenWidgetExtension.appex.xcent --timestamp\=none --generate-entitlement-der /Users/jannikschill/Library/Developer/Xcode/DerivedData/Garten_Simulation-eroxfyrnurmsaraojtkexlvtomxb/Build/Products/Debug-iphoneos/GartenWidgetExtension.appex

RegisterExecutionPolicyException /Users/jannikschill/Library/Developer/Xcode/DerivedData/Garten_Simulation-eroxfyrnurmsaraojtkexlvtomxb/Build/Products/Debug-iphoneos/GartenWidgetExtension.appex (in target 'GartenWidgetExtension' from project 'Garten_Simulation')
    cd /Users/jannikschill/Documents/Garten-Simulation
    builtin-RegisterExecutionPolicyException /Users/jannikschill/Library/Developer/Xcode/DerivedData/Garten_Simulation-eroxfyrnurmsaraojtkexlvtomxb/Build/Products/Debug-iphoneos/GartenWidgetExtension.appex

Touch /Users/jannikschill/Library/Developer/Xcode/DerivedData/Garten_Simulation-eroxfyrnurmsaraojtkexlvtomxb/Build/Products/Debug-iphoneos/GartenWidgetExtension.appex (in target 'GartenWidgetExtension' from project 'Garten_Simulation')
    cd /Users/jannikschill/Documents/Garten-Simulation
    /usr/bin/touch -c /Users/jannikschill/Library/Developer/Xcode/DerivedData/Garten_Simulation-eroxfyrnurmsaraojtkexlvtomxb/Build/Products/Debug-iphoneos/GartenWidgetExtension.appex

CpResource /Users/jannikschill/Library/Developer/Xcode/DerivedData/Garten_Simulation-eroxfyrnurmsaraojtkexlvtomxb/Build/Products/Debug-iphoneos/Grovy.app/update_tour_1_desc.py /Users/jannikschill/Documents/Garten-Simulation/Garten_Simulation/scratch/update_tour_1_desc.py (in target 'Garten_Simulation' from project 'Garten_Simulation')
    cd /Users/jannikschill/Documents/Garten-Simulation
    builtin-copy -exclude .DS_Store -exclude CVS -exclude .svn -exclude .git -exclude .hg -resolve-src-symlinks /Users/jannikschill/Documents/Garten-Simulation/Garten_Simulation/scratch/update_tour_1_desc.py /Users/jannikschill/Library/Developer/Xcode/DerivedData/Garten_Simulation-eroxfyrnurmsaraojtkexlvtomxb/Build/Products/Debug-iphoneos/Grovy.app

Ld /Users/jannikschill/Library/Developer/Xcode/DerivedData/Garten_Simulation-eroxfyrnurmsaraojtkexlvtomxb/Build/Products/Debug-iphoneos/Grovy.app/__preview.dylib normal (in target 'Garten_Simulation' from project 'Garten_Simulation')
    cd /Users/jannikschill/Documents/Garten-Simulation
    /Applications/Xcode.app/Contents/Developer/Toolchains/XcodeDefault.xctoolchain/usr/bin/clang -Xlinker -reproducible -target arm64-apple-ios17.0 -dynamiclib -isysroot /Applications/Xcode.app/Contents/Developer/Platforms/iPhoneOS.platform/Developer/SDKs/iPhoneOS26.5.sdk -O0 -L/Users/jannikschill/Library/Developer/Xcode/DerivedData/Garten_Simulation-eroxfyrnurmsaraojtkexlvtomxb/Build/Products/Debug-iphoneos -F/Users/jannikschill/Library/Developer/Xcode/DerivedData/Garten_Simulation-eroxfyrnurmsaraojtkexlvtomxb/Build/Products/Debug-iphoneos/PackageFrameworks -F/Users/jannikschill/Library/Developer/Xcode/DerivedData/Garten_Simulation-eroxfyrnurmsaraojtkexlvtomxb/Build/Products/Debug-iphoneos -install_name @rpath/Grovy.debug.dylib -Xlinker -dead_strip -rdynamic -Xlinker -no_deduplicate -Xlinker -dependency_info -Xlinker /Users/jannikschill/Library/Developer/Xcode/DerivedData/Garten_Simulation-eroxfyrnurmsaraojtkexlvtomxb/Build/Intermediates.noindex/Garten_Simulation.build/Debug-iphoneos/Garten_Simulation.build/Objects-normal/arm64/Grovy_dependency_info.dat -Xlinker -no_adhoc_codesign -o /Users/jannikschill/Library/Developer/Xcode/DerivedData/Garten_Simulation-eroxfyrnurmsaraojtkexlvtomxb/Build/Products/Debug-iphoneos/Grovy.app/__preview.dylib

CpResource /Users/jannikschill/Library/Developer/Xcode/DerivedData/Garten_Simulation-eroxfyrnurmsaraojtkexlvtomxb/Build/Products/Debug-iphoneos/Grovy.app/translate.py /Users/jannikschill/Documents/Garten-Simulation/Garten_Simulation/scratch/translate.py (in target 'Garten_Simulation' from project 'Garten_Simulation')
    cd /Users/jannikschill/Documents/Garten-Simulation
    builtin-copy -exclude .DS_Store -exclude CVS -exclude .svn -exclude .git -exclude .hg -resolve-src-symlinks /Users/jannikschill/Documents/Garten-Simulation/Garten_Simulation/scratch/translate.py /Users/jannikschill/Library/Developer/Xcode/DerivedData/Garten_Simulation-eroxfyrnurmsaraojtkexlvtomxb/Build/Products/Debug-iphoneos/Grovy.app

CpResource /Users/jannikschill/Library/Developer/Xcode/DerivedData/Garten_Simulation-eroxfyrnurmsaraojtkexlvtomxb/Build/Products/Debug-iphoneos/Grovy.app/safe_translate.py /Users/jannikschill/Documents/Garten-Simulation/Garten_Simulation/scratch/safe_translate.py (in target 'Garten_Simulation' from project 'Garten_Simulation')
    cd /Users/jannikschill/Documents/Garten-Simulation
    builtin-copy -exclude .DS_Store -exclude CVS -exclude .svn -exclude .git -exclude .hg -resolve-src-symlinks /Users/jannikschill/Documents/Garten-Simulation/Garten_Simulation/scratch/safe_translate.py /Users/jannikschill/Library/Developer/Xcode/DerivedData/Garten_Simulation-eroxfyrnurmsaraojtkexlvtomxb/Build/Products/Debug-iphoneos/Grovy.app

CpResource /Users/jannikschill/Library/Developer/Xcode/DerivedData/Garten_Simulation-eroxfyrnurmsaraojtkexlvtomxb/Build/Products/Debug-iphoneos/Grovy.app/real_errors.json /Users/jannikschill/Documents/Garten-Simulation/Garten_Simulation/scratch/real_errors.json (in target 'Garten_Simulation' from project 'Garten_Simulation')
    cd /Users/jannikschill/Documents/Garten-Simulation
    builtin-copy -exclude .DS_Store -exclude CVS -exclude .svn -exclude .git -exclude .hg -resolve-src-symlinks /Users/jannikschill/Documents/Garten-Simulation/Garten_Simulation/scratch/real_errors.json /Users/jannikschill/Library/Developer/Xcode/DerivedData/Garten_Simulation-eroxfyrnurmsaraojtkexlvtomxb/Build/Products/Debug-iphoneos/Grovy.app

CpResource /Users/jannikschill/Library/Developer/Xcode/DerivedData/Garten_Simulation-eroxfyrnurmsaraojtkexlvtomxb/Build/Products/Debug-iphoneos/Grovy.app/progress_bar.riv /Users/jannikschill/Documents/Garten-Simulation/Garten_Simulation/Animations/progress_bar.riv (in target 'Garten_Simulation' from project 'Garten_Simulation')
    cd /Users/jannikschill/Documents/Garten-Simulation
    builtin-copy -exclude .DS_Store -exclude CVS -exclude .svn -exclude .git -exclude .hg -resolve-src-symlinks /Users/jannikschill/Documents/Garten-Simulation/Garten_Simulation/Animations/progress_bar.riv /Users/jannikschill/Library/Developer/Xcode/DerivedData/Garten_Simulation-eroxfyrnurmsaraojtkexlvtomxb/Build/Products/Debug-iphoneos/Grovy.app

CpResource /Users/jannikschill/Library/Developer/Xcode/DerivedData/Garten_Simulation-eroxfyrnurmsaraojtkexlvtomxb/Build/Products/Debug-iphoneos/Grovy.app/plant_Splash_Screen.riv /Users/jannikschill/Documents/Garten-Simulation/Garten_Simulation/Animations/plant_Splash_Screen.riv (in target 'Garten_Simulation' from project 'Garten_Simulation')
    cd /Users/jannikschill/Documents/Garten-Simulation
    builtin-copy -exclude .DS_Store -exclude CVS -exclude .svn -exclude .git -exclude .hg -resolve-src-symlinks /Users/jannikschill/Documents/Garten-Simulation/Garten_Simulation/Animations/plant_Splash_Screen.riv /Users/jannikschill/Library/Developer/Xcode/DerivedData/Garten_Simulation-eroxfyrnurmsaraojtkexlvtomxb/Build/Products/Debug-iphoneos/Grovy.app

CpResource /Users/jannikschill/Library/Developer/Xcode/DerivedData/Garten_Simulation-eroxfyrnurmsaraojtkexlvtomxb/Build/Products/Debug-iphoneos/Grovy.app/patch_translations_misc.py /Users/jannikschill/Documents/Garten-Simulation/Garten_Simulation/scratch/patch_translations_misc.py (in target 'Garten_Simulation' from project 'Garten_Simulation')
    cd /Users/jannikschill/Documents/Garten-Simulation
    builtin-copy -exclude .DS_Store -exclude CVS -exclude .svn -exclude .git -exclude .hg -resolve-src-symlinks /Users/jannikschill/Documents/Garten-Simulation/Garten_Simulation/scratch/patch_translations_misc.py /Users/jannikschill/Library/Developer/Xcode/DerivedData/Garten_Simulation-eroxfyrnurmsaraojtkexlvtomxb/Build/Products/Debug-iphoneos/Grovy.app

CpResource /Users/jannikschill/Library/Developer/Xcode/DerivedData/Garten_Simulation-eroxfyrnurmsaraojtkexlvtomxb/Build/Products/Debug-iphoneos/Grovy.app/patch_translations_edit_btn.py /Users/jannikschill/Documents/Garten-Simulation/Garten_Simulation/scratch/patch_translations_edit_btn.py (in target 'Garten_Simulation' from project 'Garten_Simulation')
    cd /Users/jannikschill/Documents/Garten-Simulation
    builtin-copy -exclude .DS_Store -exclude CVS -exclude .svn -exclude .git -exclude .hg -resolve-src-symlinks /Users/jannikschill/Documents/Garten-Simulation/Garten_Simulation/scratch/patch_translations_edit_btn.py /Users/jannikschill/Library/Developer/Xcode/DerivedData/Garten_Simulation-eroxfyrnurmsaraojtkexlvtomxb/Build/Products/Debug-iphoneos/Grovy.app

CpResource /Users/jannikschill/Library/Developer/Xcode/DerivedData/Garten_Simulation-eroxfyrnurmsaraojtkexlvtomxb/Build/Products/Debug-iphoneos/Grovy.app/patch_translations_coins.py /Users/jannikschill/Documents/Garten-Simulation/Garten_Simulation/scratch/patch_translations_coins.py (in target 'Garten_Simulation' from project 'Garten_Simulation')
    cd /Users/jannikschill/Documents/Garten-Simulation
    builtin-copy -exclude .DS_Store -exclude CVS -exclude .svn -exclude .git -exclude .hg -resolve-src-symlinks /Users/jannikschill/Documents/Garten-Simulation/Garten_Simulation/scratch/patch_translations_coins.py /Users/jannikschill/Library/Developer/Xcode/DerivedData/Garten_Simulation-eroxfyrnurmsaraojtkexlvtomxb/Build/Products/Debug-iphoneos/Grovy.app

CpResource /Users/jannikschill/Library/Developer/Xcode/DerivedData/Garten_Simulation-eroxfyrnurmsaraojtkexlvtomxb/Build/Products/Debug-iphoneos/Grovy.app/patch_translations2.py /Users/jannikschill/Documents/Garten-Simulation/Garten_Simulation/scratch/patch_translations2.py (in target 'Garten_Simulation' from project 'Garten_Simulation')
    cd /Users/jannikschill/Documents/Garten-Simulation
    builtin-copy -exclude .DS_Store -exclude CVS -exclude .svn -exclude .git -exclude .hg -resolve-src-symlinks /Users/jannikschill/Documents/Garten-Simulation/Garten_Simulation/scratch/patch_translations2.py /Users/jannikschill/Library/Developer/Xcode/DerivedData/Garten_Simulation-eroxfyrnurmsaraojtkexlvtomxb/Build/Products/Debug-iphoneos/Grovy.app

CpResource /Users/jannikschill/Library/Developer/Xcode/DerivedData/Garten_Simulation-eroxfyrnurmsaraojtkexlvtomxb/Build/Products/Debug-iphoneos/Grovy.app/patch_translations.py /Users/jannikschill/Documents/Garten-Simulation/Garten_Simulation/scratch/patch_translations.py (in target 'Garten_Simulation' from project 'Garten_Simulation')
    cd /Users/jannikschill/Documents/Garten-Simulation
    builtin-copy -exclude .DS_Store -exclude CVS -exclude .svn -exclude .git -exclude .hg -resolve-src-symlinks /Users/jannikschill/Documents/Garten-Simulation/Garten_Simulation/scratch/patch_translations.py /Users/jannikschill/Library/Developer/Xcode/DerivedData/Garten_Simulation-eroxfyrnurmsaraojtkexlvtomxb/Build/Products/Debug-iphoneos/Grovy.app

CpResource /Users/jannikschill/Library/Developer/Xcode/DerivedData/Garten_Simulation-eroxfyrnurmsaraojtkexlvtomxb/Build/Products/Debug-iphoneos/Grovy.app/patch_it_translations3.py /Users/jannikschill/Documents/Garten-Simulation/Garten_Simulation/scratch/patch_it_translations3.py (in target 'Garten_Simulation' from project 'Garten_Simulation')
    cd /Users/jannikschill/Documents/Garten-Simulation
    builtin-copy -exclude .DS_Store -exclude CVS -exclude .svn -exclude .git -exclude .hg -resolve-src-symlinks /Users/jannikschill/Documents/Garten-Simulation/Garten_Simulation/scratch/patch_it_translations3.py /Users/jannikschill/Library/Developer/Xcode/DerivedData/Garten_Simulation-eroxfyrnurmsaraojtkexlvtomxb/Build/Products/Debug-iphoneos/Grovy.app

CpResource /Users/jannikschill/Library/Developer/Xcode/DerivedData/Garten_Simulation-eroxfyrnurmsaraojtkexlvtomxb/Build/Products/Debug-iphoneos/Grovy.app/patch_it_translations2.py /Users/jannikschill/Documents/Garten-Simulation/Garten_Simulation/scratch/patch_it_translations2.py (in target 'Garten_Simulation' from project 'Garten_Simulation')
    cd /Users/jannikschill/Documents/Garten-Simulation
    builtin-copy -exclude .DS_Store -exclude CVS -exclude .svn -exclude .git -exclude .hg -resolve-src-symlinks /Users/jannikschill/Documents/Garten-Simulation/Garten_Simulation/scratch/patch_it_translations2.py /Users/jannikschill/Library/Developer/Xcode/DerivedData/Garten_Simulation-eroxfyrnurmsaraojtkexlvtomxb/Build/Products/Debug-iphoneos/Grovy.app

CpResource /Users/jannikschill/Library/Developer/Xcode/DerivedData/Garten_Simulation-eroxfyrnurmsaraojtkexlvtomxb/Build/Products/Debug-iphoneos/Grovy.app/patch_it_translations.py /Users/jannikschill/Documents/Garten-Simulation/Garten_Simulation/scratch/patch_it_translations.py (in target 'Garten_Simulation' from project 'Garten_Simulation')
    cd /Users/jannikschill/Documents/Garten-Simulation
    builtin-copy -exclude .DS_Store -exclude CVS -exclude .svn -exclude .git -exclude .hg -resolve-src-symlinks /Users/jannikschill/Documents/Garten-Simulation/Garten_Simulation/scratch/patch_it_translations.py /Users/jannikschill/Library/Developer/Xcode/DerivedData/Garten_Simulation-eroxfyrnurmsaraojtkexlvtomxb/Build/Products/Debug-iphoneos/Grovy.app

CpResource /Users/jannikschill/Library/Developer/Xcode/DerivedData/Garten_Simulation-eroxfyrnurmsaraojtkexlvtomxb/Build/Products/Debug-iphoneos/Grovy.app/patch_all_langs.py /Users/jannikschill/Documents/Garten-Simulation/Garten_Simulation/scratch/patch_all_langs.py (in target 'Garten_Simulation' from project 'Garten_Simulation')
    cd /Users/jannikschill/Documents/Garten-Simulation
    builtin-copy -exclude .DS_Store -exclude CVS -exclude .svn -exclude .git -exclude .hg -resolve-src-symlinks /Users/jannikschill/Documents/Garten-Simulation/Garten_Simulation/scratch/patch_all_langs.py /Users/jannikschill/Library/Developer/Xcode/DerivedData/Garten_Simulation-eroxfyrnurmsaraojtkexlvtomxb/Build/Products/Debug-iphoneos/Grovy.app

CpResource /Users/jannikschill/Library/Developer/Xcode/DerivedData/Garten_Simulation-eroxfyrnurmsaraojtkexlvtomxb/Build/Products/Debug-iphoneos/Grovy.app/patch.diff /Users/jannikschill/Documents/Garten-Simulation/Garten_Simulation/patch.diff (in target 'Garten_Simulation' from project 'Garten_Simulation')
    cd /Users/jannikschill/Documents/Garten-Simulation
    builtin-copy -exclude .DS_Store -exclude CVS -exclude .svn -exclude .git -exclude .hg -resolve-src-symlinks /Users/jannikschill/Documents/Garten-Simulation/Garten_Simulation/patch.diff /Users/jannikschill/Library/Developer/Xcode/DerivedData/Garten_Simulation-eroxfyrnurmsaraojtkexlvtomxb/Build/Products/Debug-iphoneos/Grovy.app

CpResource /Users/jannikschill/Library/Developer/Xcode/DerivedData/Garten_Simulation-eroxfyrnurmsaraojtkexlvtomxb/Build/Products/Debug-iphoneos/Grovy.app/note_book.riv /Users/jannikschill/Documents/Garten-Simulation/Garten_Simulation/Animations/note_book.riv (in target 'Garten_Simulation' from project 'Garten_Simulation')
    cd /Users/jannikschill/Documents/Garten-Simulation
    builtin-copy -exclude .DS_Store -exclude CVS -exclude .svn -exclude .git -exclude .hg -resolve-src-symlinks /Users/jannikschill/Documents/Garten-Simulation/Garten_Simulation/Animations/note_book.riv /Users/jannikschill/Library/Developer/Xcode/DerivedData/Garten_Simulation-eroxfyrnurmsaraojtkexlvtomxb/Build/Products/Debug-iphoneos/Grovy.app

CpResource /Users/jannikschill/Library/Developer/Xcode/DerivedData/Garten_Simulation-eroxfyrnurmsaraojtkexlvtomxb/Build/Products/Debug-iphoneos/Grovy.app/needs_translation.json /Users/jannikschill/Documents/Garten-Simulation/Garten_Simulation/scratch/needs_translation.json (in target 'Garten_Simulation' from project 'Garten_Simulation')
    cd /Users/jannikschill/Documents/Garten-Simulation
    builtin-copy -exclude .DS_Store -exclude CVS -exclude .svn -exclude .git -exclude .hg -resolve-src-symlinks /Users/jannikschill/Documents/Garten-Simulation/Garten_Simulation/scratch/needs_translation.json /Users/jannikschill/Library/Developer/Xcode/DerivedData/Garten_Simulation-eroxfyrnurmsaraojtkexlvtomxb/Build/Products/Debug-iphoneos/Grovy.app

CpResource /Users/jannikschill/Library/Developer/Xcode/DerivedData/Garten_Simulation-eroxfyrnurmsaraojtkexlvtomxb/Build/Products/Debug-iphoneos/Grovy.app/missing_final2.json /Users/jannikschill/Documents/Garten-Simulation/Garten_Simulation/scratch/missing_final2.json (in target 'Garten_Simulation' from project 'Garten_Simulation')
    cd /Users/jannikschill/Documents/Garten-Simulation
    builtin-copy -exclude .DS_Store -exclude CVS -exclude .svn -exclude .git -exclude .hg -resolve-src-symlinks /Users/jannikschill/Documents/Garten-Simulation/Garten_Simulation/scratch/missing_final2.json /Users/jannikschill/Library/Developer/Xcode/DerivedData/Garten_Simulation-eroxfyrnurmsaraojtkexlvtomxb/Build/Products/Debug-iphoneos/Grovy.app

CpResource /Users/jannikschill/Library/Developer/Xcode/DerivedData/Garten_Simulation-eroxfyrnurmsaraojtkexlvtomxb/Build/Products/Debug-iphoneos/Grovy.app/missing_final.json /Users/jannikschill/Documents/Garten-Simulation/Garten_Simulation/scratch/missing_final.json (in target 'Garten_Simulation' from project 'Garten_Simulation')
    cd /Users/jannikschill/Documents/Garten-Simulation
    builtin-copy -exclude .DS_Store -exclude CVS -exclude .svn -exclude .git -exclude .hg -resolve-src-symlinks /Users/jannikschill/Documents/Garten-Simulation/Garten_Simulation/scratch/missing_final.json /Users/jannikschill/Library/Developer/Xcode/DerivedData/Garten_Simulation-eroxfyrnurmsaraojtkexlvtomxb/Build/Products/Debug-iphoneos/Grovy.app

CpResource /Users/jannikschill/Library/Developer/Xcode/DerivedData/Garten_Simulation-eroxfyrnurmsaraojtkexlvtomxb/Build/Products/Debug-iphoneos/Grovy.app/missing_126.json /Users/jannikschill/Documents/Garten-Simulation/Garten_Simulation/scratch/missing_126.json (in target 'Garten_Simulation' from project 'Garten_Simulation')
    cd /Users/jannikschill/Documents/Garten-Simulation
    builtin-copy -exclude .DS_Store -exclude CVS -exclude .svn -exclude .git -exclude .hg -resolve-src-symlinks /Users/jannikschill/Documents/Garten-Simulation/Garten_Simulation/scratch/missing_126.json /Users/jannikschill/Library/Developer/Xcode/DerivedData/Garten_Simulation-eroxfyrnurmsaraojtkexlvtomxb/Build/Products/Debug-iphoneos/Grovy.app

CpResource /Users/jannikschill/Library/Developer/Xcode/DerivedData/Garten_Simulation-eroxfyrnurmsaraojtkexlvtomxb/Build/Products/Debug-iphoneos/Grovy.app/manual_patch.py /Users/jannikschill/Documents/Garten-Simulation/Garten_Simulation/scratch/manual_patch.py (in target 'Garten_Simulation' from project 'Garten_Simulation')
    cd /Users/jannikschill/Documents/Garten-Simulation
    builtin-copy -exclude .DS_Store -exclude CVS -exclude .svn -exclude .git -exclude .hg -resolve-src-symlinks /Users/jannikschill/Documents/Garten-Simulation/Garten_Simulation/scratch/manual_patch.py /Users/jannikschill/Library/Developer/Xcode/DerivedData/Garten_Simulation-eroxfyrnurmsaraojtkexlvtomxb/Build/Products/Debug-iphoneos/Grovy.app

CpResource /Users/jannikschill/Library/Developer/Xcode/DerivedData/Garten_Simulation-eroxfyrnurmsaraojtkexlvtomxb/Build/Products/Debug-iphoneos/Grovy.app/fix_english_fallbacks.py /Users/jannikschill/Documents/Garten-Simulation/Garten_Simulation/scratch/fix_english_fallbacks.py (in target 'Garten_Simulation' from project 'Garten_Simulation')
    cd /Users/jannikschill/Documents/Garten-Simulation
    builtin-copy -exclude .DS_Store -exclude CVS -exclude .svn -exclude .git -exclude .hg -resolve-src-symlinks /Users/jannikschill/Documents/Garten-Simulation/Garten_Simulation/scratch/fix_english_fallbacks.py /Users/jannikschill/Library/Developer/Xcode/DerivedData/Garten_Simulation-eroxfyrnurmsaraojtkexlvtomxb/Build/Products/Debug-iphoneos/Grovy.app

CpResource /Users/jannikschill/Library/Developer/Xcode/DerivedData/Garten_Simulation-eroxfyrnurmsaraojtkexlvtomxb/Build/Products/Debug-iphoneos/Grovy.app/fix_99_percent.py /Users/jannikschill/Documents/Garten-Simulation/Garten_Simulation/scratch/fix_99_percent.py (in target 'Garten_Simulation' from project 'Garten_Simulation')
    cd /Users/jannikschill/Documents/Garten-Simulation
    builtin-copy -exclude .DS_Store -exclude CVS -exclude .svn -exclude .git -exclude .hg -resolve-src-symlinks /Users/jannikschill/Documents/Garten-Simulation/Garten_Simulation/scratch/fix_99_percent.py /Users/jannikschill/Library/Developer/Xcode/DerivedData/Garten_Simulation-eroxfyrnurmsaraojtkexlvtomxb/Build/Products/Debug-iphoneos/Grovy.app

CpResource /Users/jannikschill/Library/Developer/Xcode/DerivedData/Garten_Simulation-eroxfyrnurmsaraojtkexlvtomxb/Build/Products/Debug-iphoneos/Grovy.app/fire_button.riv /Users/jannikschill/Documents/Garten-Simulation/Garten_Simulation/Animations/fire_button.riv (in target 'Garten_Simulation' from project 'Garten_Simulation')
    cd /Users/jannikschill/Documents/Garten-Simulation
    builtin-copy -exclude .DS_Store -exclude CVS -exclude .svn -exclude .git -exclude .hg -resolve-src-symlinks /Users/jannikschill/Documents/Garten-Simulation/Garten_Simulation/Animations/fire_button.riv /Users/jannikschill/Library/Developer/Xcode/DerivedData/Garten_Simulation-eroxfyrnurmsaraojtkexlvtomxb/Build/Products/Debug-iphoneos/Grovy.app

CpResource /Users/jannikschill/Library/Developer/Xcode/DerivedData/Garten_Simulation-eroxfyrnurmsaraojtkexlvtomxb/Build/Products/Debug-iphoneos/Grovy.app/final_82.json /Users/jannikschill/Documents/Garten-Simulation/Garten_Simulation/scratch/final_82.json (in target 'Garten_Simulation' from project 'Garten_Simulation')
    cd /Users/jannikschill/Documents/Garten-Simulation
    builtin-copy -exclude .DS_Store -exclude CVS -exclude .svn -exclude .git -exclude .hg -resolve-src-symlinks /Users/jannikschill/Documents/Garten-Simulation/Garten_Simulation/scratch/final_82.json /Users/jannikschill/Library/Developer/Xcode/DerivedData/Garten_Simulation-eroxfyrnurmsaraojtkexlvtomxb/Build/Products/Debug-iphoneos/Grovy.app

CpResource /Users/jannikschill/Library/Developer/Xcode/DerivedData/Garten_Simulation-eroxfyrnurmsaraojtkexlvtomxb/Build/Products/Debug-iphoneos/Grovy.app/fast_translate.py /Users/jannikschill/Documents/Garten-Simulation/Garten_Simulation/scratch/fast_translate.py (in target 'Garten_Simulation' from project 'Garten_Simulation')
    cd /Users/jannikschill/Documents/Garten-Simulation
    builtin-copy -exclude .DS_Store -exclude CVS -exclude .svn -exclude .git -exclude .hg -resolve-src-symlinks /Users/jannikschill/Documents/Garten-Simulation/Garten_Simulation/scratch/fast_translate.py /Users/jannikschill/Library/Developer/Xcode/DerivedData/Garten_Simulation-eroxfyrnurmsaraojtkexlvtomxb/Build/Products/Debug-iphoneos/Grovy.app

CpResource /Users/jannikschill/Library/Developer/Xcode/DerivedData/Garten_Simulation-eroxfyrnurmsaraojtkexlvtomxb/Build/Products/Debug-iphoneos/Grovy.app/extract_missing.py /Users/jannikschill/Documents/Garten-Simulation/Garten_Simulation/scratch/extract_missing.py (in target 'Garten_Simulation' from project 'Garten_Simulation')
    cd /Users/jannikschill/Documents/Garten-Simulation
    builtin-copy -exclude .DS_Store -exclude CVS -exclude .svn -exclude .git -exclude .hg -resolve-src-symlinks /Users/jannikschill/Documents/Garten-Simulation/Garten_Simulation/scratch/extract_missing.py /Users/jannikschill/Library/Developer/Xcode/DerivedData/Garten_Simulation-eroxfyrnurmsaraojtkexlvtomxb/Build/Products/Debug-iphoneos/Grovy.app

CpResource /Users/jannikschill/Library/Developer/Xcode/DerivedData/Garten_Simulation-eroxfyrnurmsaraojtkexlvtomxb/Build/Products/Debug-iphoneos/Grovy.app/corrupt_translations.json /Users/jannikschill/Documents/Garten-Simulation/Garten_Simulation/scratch/corrupt_translations.json (in target 'Garten_Simulation' from project 'Garten_Simulation')
    cd /Users/jannikschill/Documents/Garten-Simulation
    builtin-copy -exclude .DS_Store -exclude CVS -exclude .svn -exclude .git -exclude .hg -resolve-src-symlinks /Users/jannikschill/Documents/Garten-Simulation/Garten_Simulation/scratch/corrupt_translations.json /Users/jannikschill/Library/Developer/Xcode/DerivedData/Garten_Simulation-eroxfyrnurmsaraojtkexlvtomxb/Build/Products/Debug-iphoneos/Grovy.app

CpResource /Users/jannikschill/Library/Developer/Xcode/DerivedData/Garten_Simulation-eroxfyrnurmsaraojtkexlvtomxb/Build/Products/Debug-iphoneos/Grovy.app/clear_english_fallbacks.py /Users/jannikschill/Documents/Garten-Simulation/Garten_Simulation/scratch/clear_english_fallbacks.py (in target 'Garten_Simulation' from project 'Garten_Simulation')
    cd /Users/jannikschill/Documents/Garten-Simulation
    builtin-copy -exclude .DS_Store -exclude CVS -exclude .svn -exclude .git -exclude .hg -resolve-src-symlinks /Users/jannikschill/Documents/Garten-Simulation/Garten_Simulation/scratch/clear_english_fallbacks.py /Users/jannikschill/Library/Developer/Xcode/DerivedData/Garten_Simulation-eroxfyrnurmsaraojtkexlvtomxb/Build/Products/Debug-iphoneos/Grovy.app

CpResource /Users/jannikschill/Library/Developer/Xcode/DerivedData/Garten_Simulation-eroxfyrnurmsaraojtkexlvtomxb/Build/Products/Debug-iphoneos/Grovy.app/check_remaining.py /Users/jannikschill/Documents/Garten-Simulation/Garten_Simulation/scratch/check_remaining.py (in target 'Garten_Simulation' from project 'Garten_Simulation')
    cd /Users/jannikschill/Documents/Garten-Simulation
    builtin-copy -exclude .DS_Store -exclude CVS -exclude .svn -exclude .git -exclude .hg -resolve-src-symlinks /Users/jannikschill/Documents/Garten-Simulation/Garten_Simulation/scratch/check_remaining.py /Users/jannikschill/Library/Developer/Xcode/DerivedData/Garten_Simulation-eroxfyrnurmsaraojtkexlvtomxb/Build/Products/Debug-iphoneos/Grovy.app

CpResource /Users/jannikschill/Library/Developer/Xcode/DerivedData/Garten_Simulation-eroxfyrnurmsaraojtkexlvtomxb/Build/Products/Debug-iphoneos/Grovy.app/check_corrupt.py /Users/jannikschill/Documents/Garten-Simulation/Garten_Simulation/scratch/check_corrupt.py (in target 'Garten_Simulation' from project 'Garten_Simulation')
    cd /Users/jannikschill/Documents/Garten-Simulation
    builtin-copy -exclude .DS_Store -exclude CVS -exclude .svn -exclude .git -exclude .hg -resolve-src-symlinks /Users/jannikschill/Documents/Garten-Simulation/Garten_Simulation/scratch/check_corrupt.py /Users/jannikschill/Library/Developer/Xcode/DerivedData/Garten_Simulation-eroxfyrnurmsaraojtkexlvtomxb/Build/Products/Debug-iphoneos/Grovy.app

CpResource /Users/jannikschill/Library/Developer/Xcode/DerivedData/Garten_Simulation-eroxfyrnurmsaraojtkexlvtomxb/Build/Products/Debug-iphoneos/Grovy.app/character.riv /Users/jannikschill/Documents/Garten-Simulation/Garten_Simulation/Animations/character.riv (in target 'Garten_Simulation' from project 'Garten_Simulation')
    cd /Users/jannikschill/Documents/Garten-Simulation
    builtin-copy -exclude .DS_Store -exclude CVS -exclude .svn -exclude .git -exclude .hg -resolve-src-symlinks /Users/jannikschill/Documents/Garten-Simulation/Garten_Simulation/Animations/character.riv /Users/jannikschill/Library/Developer/Xcode/DerivedData/Garten_Simulation-eroxfyrnurmsaraojtkexlvtomxb/Build/Products/Debug-iphoneos/Grovy.app

CpResource /Users/jannikschill/Library/Developer/Xcode/DerivedData/Garten_Simulation-eroxfyrnurmsaraojtkexlvtomxb/Build/Products/Debug-iphoneos/Grovy.app/batch3.py /Users/jannikschill/Documents/Garten-Simulation/Garten_Simulation/scratch/batch3.py (in target 'Garten_Simulation' from project 'Garten_Simulation')
    cd /Users/jannikschill/Documents/Garten-Simulation
    builtin-copy -exclude .DS_Store -exclude CVS -exclude .svn -exclude .git -exclude .hg -resolve-src-symlinks /Users/jannikschill/Documents/Garten-Simulation/Garten_Simulation/scratch/batch3.py /Users/jannikschill/Library/Developer/Xcode/DerivedData/Garten_Simulation-eroxfyrnurmsaraojtkexlvtomxb/Build/Products/Debug-iphoneos/Grovy.app

CpResource /Users/jannikschill/Library/Developer/Xcode/DerivedData/Garten_Simulation-eroxfyrnurmsaraojtkexlvtomxb/Build/Products/Debug-iphoneos/Grovy.app/batch2.json /Users/jannikschill/Documents/Garten-Simulation/Garten_Simulation/scratch/batch2.json (in target 'Garten_Simulation' from project 'Garten_Simulation')
    cd /Users/jannikschill/Documents/Garten-Simulation
    builtin-copy -exclude .DS_Store -exclude CVS -exclude .svn -exclude .git -exclude .hg -resolve-src-symlinks /Users/jannikschill/Documents/Garten-Simulation/Garten_Simulation/scratch/batch2.json /Users/jannikschill/Library/Developer/Xcode/DerivedData/Garten_Simulation-eroxfyrnurmsaraojtkexlvtomxb/Build/Products/Debug-iphoneos/Grovy.app

CpResource /Users/jannikschill/Library/Developer/Xcode/DerivedData/Garten_Simulation-eroxfyrnurmsaraojtkexlvtomxb/Build/Products/Debug-iphoneos/Grovy.app/batch1.json /Users/jannikschill/Documents/Garten-Simulation/Garten_Simulation/scratch/batch1.json (in target 'Garten_Simulation' from project 'Garten_Simulation')
    cd /Users/jannikschill/Documents/Garten-Simulation
    builtin-copy -exclude .DS_Store -exclude CVS -exclude .svn -exclude .git -exclude .hg -resolve-src-symlinks /Users/jannikschill/Documents/Garten-Simulation/Garten_Simulation/scratch/batch1.json /Users/jannikschill/Library/Developer/Xcode/DerivedData/Garten_Simulation-eroxfyrnurmsaraojtkexlvtomxb/Build/Products/Debug-iphoneos/Grovy.app

CpResource /Users/jannikschill/Library/Developer/Xcode/DerivedData/Garten_Simulation-eroxfyrnurmsaraojtkexlvtomxb/Build/Products/Debug-iphoneos/Grovy.app/apply_patch.py /Users/jannikschill/Documents/Garten-Simulation/Garten_Simulation/scratch/apply_patch.py (in target 'Garten_Simulation' from project 'Garten_Simulation')
    cd /Users/jannikschill/Documents/Garten-Simulation
    builtin-copy -exclude .DS_Store -exclude CVS -exclude .svn -exclude .git -exclude .hg -resolve-src-symlinks /Users/jannikschill/Documents/Garten-Simulation/Garten_Simulation/scratch/apply_patch.py /Users/jannikschill/Library/Developer/Xcode/DerivedData/Garten_Simulation-eroxfyrnurmsaraojtkexlvtomxb/Build/Products/Debug-iphoneos/Grovy.app

CpResource /Users/jannikschill/Library/Developer/Xcode/DerivedData/Garten_Simulation-eroxfyrnurmsaraojtkexlvtomxb/Build/Products/Debug-iphoneos/Grovy.app/apply_final.py /Users/jannikschill/Documents/Garten-Simulation/Garten_Simulation/scratch/apply_final.py (in target 'Garten_Simulation' from project 'Garten_Simulation')
    cd /Users/jannikschill/Documents/Garten-Simulation
    builtin-copy -exclude .DS_Store -exclude CVS -exclude .svn -exclude .git -exclude .hg -resolve-src-symlinks /Users/jannikschill/Documents/Garten-Simulation/Garten_Simulation/scratch/apply_final.py /Users/jannikschill/Library/Developer/Xcode/DerivedData/Garten_Simulation-eroxfyrnurmsaraojtkexlvtomxb/Build/Products/Debug-iphoneos/Grovy.app

CpResource /Users/jannikschill/Library/Developer/Xcode/DerivedData/Garten_Simulation-eroxfyrnurmsaraojtkexlvtomxb/Build/Products/Debug-iphoneos/Grovy.app/add_translated_strings.py /Users/jannikschill/Documents/Garten-Simulation/Garten_Simulation/scratch/add_translated_strings.py (in target 'Garten_Simulation' from project 'Garten_Simulation')
    cd /Users/jannikschill/Documents/Garten-Simulation
    builtin-copy -exclude .DS_Store -exclude CVS -exclude .svn -exclude .git -exclude .hg -resolve-src-symlinks /Users/jannikschill/Documents/Garten-Simulation/Garten_Simulation/scratch/add_translated_strings.py /Users/jannikschill/Library/Developer/Xcode/DerivedData/Garten_Simulation-eroxfyrnurmsaraojtkexlvtomxb/Build/Products/Debug-iphoneos/Grovy.app

CpResource /Users/jannikschill/Library/Developer/Xcode/DerivedData/Garten_Simulation-eroxfyrnurmsaraojtkexlvtomxb/Build/Products/Debug-iphoneos/Grovy.app/add_new_strings.py /Users/jannikschill/Documents/Garten-Simulation/Garten_Simulation/scratch/add_new_strings.py (in target 'Garten_Simulation' from project 'Garten_Simulation')
    cd /Users/jannikschill/Documents/Garten-Simulation
    builtin-copy -exclude .DS_Store -exclude CVS -exclude .svn -exclude .git -exclude .hg -resolve-src-symlinks /Users/jannikschill/Documents/Garten-Simulation/Garten_Simulation/scratch/add_new_strings.py /Users/jannikschill/Library/Developer/Xcode/DerivedData/Garten_Simulation-eroxfyrnurmsaraojtkexlvtomxb/Build/Products/Debug-iphoneos/Grovy.app

CpResource /Users/jannikschill/Library/Developer/Xcode/DerivedData/Garten_Simulation-eroxfyrnurmsaraojtkexlvtomxb/Build/Products/Debug-iphoneos/Grovy.app/TranslatedAssessment.json /Users/jannikschill/Documents/Garten-Simulation/Garten_Simulation/TranslatedAssessment.json (in target 'Garten_Simulation' from project 'Garten_Simulation')
    cd /Users/jannikschill/Documents/Garten-Simulation
    builtin-copy -exclude .DS_Store -exclude CVS -exclude .svn -exclude .git -exclude .hg -resolve-src-symlinks /Users/jannikschill/Documents/Garten-Simulation/Garten_Simulation/TranslatedAssessment.json /Users/jannikschill/Library/Developer/Xcode/DerivedData/Garten_Simulation-eroxfyrnurmsaraojtkexlvtomxb/Build/Products/Debug-iphoneos/Grovy.app

CpResource /Users/jannikschill/Library/Developer/Xcode/DerivedData/Garten_Simulation-eroxfyrnurmsaraojtkexlvtomxb/Build/Products/Debug-iphoneos/Grovy.app/RoutineSessionView.swift.patch /Users/jannikschill/Documents/Garten-Simulation/Garten_Simulation/Views/RoutineSessionView.swift.patch (in target 'Garten_Simulation' from project 'Garten_Simulation')
    cd /Users/jannikschill/Documents/Garten-Simulation
    builtin-copy -exclude .DS_Store -exclude CVS -exclude .svn -exclude .git -exclude .hg -resolve-src-symlinks /Users/jannikschill/Documents/Garten-Simulation/Garten_Simulation/Views/RoutineSessionView.swift.patch /Users/jannikschill/Library/Developer/Xcode/DerivedData/Garten_Simulation-eroxfyrnurmsaraojtkexlvtomxb/Build/Products/Debug-iphoneos/Grovy.app

CpResource /Users/jannikschill/Library/Developer/Xcode/DerivedData/Garten_Simulation-eroxfyrnurmsaraojtkexlvtomxb/Build/Products/Debug-iphoneos/Grovy.app/Products.storekit /Users/jannikschill/Documents/Garten-Simulation/Products.storekit (in target 'Garten_Simulation' from project 'Garten_Simulation')
    cd /Users/jannikschill/Documents/Garten-Simulation
    builtin-copy -exclude .DS_Store -exclude CVS -exclude .svn -exclude .git -exclude .hg -resolve-src-symlinks /Users/jannikschill/Documents/Garten-Simulation/Products.storekit /Users/jannikschill/Library/Developer/Xcode/DerivedData/Garten_Simulation-eroxfyrnurmsaraojtkexlvtomxb/Build/Products/Debug-iphoneos/Grovy.app

CpResource /Users/jannikschill/Library/Developer/Xcode/DerivedData/Garten_Simulation-eroxfyrnurmsaraojtkexlvtomxb/Build/Products/Debug-iphoneos/Grovy.app/PrivacyInfo.xcprivacy /Users/jannikschill/Documents/Garten-Simulation/Garten_Simulation/PrivacyInfo.xcprivacy (in target 'Garten_Simulation' from project 'Garten_Simulation')
    cd /Users/jannikschill/Documents/Garten-Simulation
    builtin-copy -exclude .DS_Store -exclude CVS -exclude .svn -exclude .git -exclude .hg -resolve-src-symlinks /Users/jannikschill/Documents/Garten-Simulation/Garten_Simulation/PrivacyInfo.xcprivacy /Users/jannikschill/Library/Developer/Xcode/DerivedData/Garten_Simulation-eroxfyrnurmsaraojtkexlvtomxb/Build/Products/Debug-iphoneos/Grovy.app

CpResource /Users/jannikschill/Library/Developer/Xcode/DerivedData/Garten_Simulation-eroxfyrnurmsaraojtkexlvtomxb/Build/Products/Debug-iphoneos/Grovy.app/CHANGELOG.md /Users/jannikschill/Documents/Garten-Simulation/Garten_Simulation/CHANGELOG.md (in target 'Garten_Simulation' from project 'Garten_Simulation')
    cd /Users/jannikschill/Documents/Garten-Simulation
    builtin-copy -exclude .DS_Store -exclude CVS -exclude .svn -exclude .git -exclude .hg -resolve-src-symlinks /Users/jannikschill/Documents/Garten-Simulation/Garten_Simulation/CHANGELOG.md /Users/jannikschill/Library/Developer/Xcode/DerivedData/Garten_Simulation-eroxfyrnurmsaraojtkexlvtomxb/Build/Products/Debug-iphoneos/Grovy.app

CopyStringsFile /Users/jannikschill/Library/Developer/Xcode/DerivedData/Garten_Simulation-eroxfyrnurmsaraojtkexlvtomxb/Build/Products/Debug-iphoneos/Grovy.app/tr.lproj/InfoPlist.strings /Users/jannikschill/Documents/Garten-Simulation/Garten_Simulation/tr.lproj/InfoPlist.strings (in target 'Garten_Simulation' from project 'Garten_Simulation')
    cd /Users/jannikschill/Documents/Garten-Simulation
    builtin-copyStrings --validate --outputencoding binary --outfilename InfoPlist.strings --outdir /Users/jannikschill/Library/Developer/Xcode/DerivedData/Garten_Simulation-eroxfyrnurmsaraojtkexlvtomxb/Build/Products/Debug-iphoneos/Grovy.app/tr.lproj -- /Users/jannikschill/Documents/Garten-Simulation/Garten_Simulation/tr.lproj/InfoPlist.strings
/Users/jannikschill/Documents/Garten-Simulation/Garten_Simulation/tr.lproj/InfoPlist.strings:1:1: note: detected encoding of input file as Unicode (UTF-8) (in target 'Garten_Simulation' from project 'Garten_Simulation')

CopyStringsFile /Users/jannikschill/Library/Developer/Xcode/DerivedData/Garten_Simulation-eroxfyrnurmsaraojtkexlvtomxb/Build/Products/Debug-iphoneos/Grovy.app/test.strings /Users/jannikschill/Documents/Garten-Simulation/Garten_Simulation/test.strings (in target 'Garten_Simulation' from project 'Garten_Simulation')
    cd /Users/jannikschill/Documents/Garten-Simulation
    builtin-copyStrings --validate --outputencoding binary --outfilename test.strings --outdir /Users/jannikschill/Library/Developer/Xcode/DerivedData/Garten_Simulation-eroxfyrnurmsaraojtkexlvtomxb/Build/Products/Debug-iphoneos/Grovy.app -- /Users/jannikschill/Documents/Garten-Simulation/Garten_Simulation/test.strings
/Users/jannikschill/Documents/Garten-Simulation/Garten_Simulation/test.strings:1:1: note: detected encoding of input file as Unicode (UTF-8) (in target 'Garten_Simulation' from project 'Garten_Simulation')

CopyStringsFile /Users/jannikschill/Library/Developer/Xcode/DerivedData/Garten_Simulation-eroxfyrnurmsaraojtkexlvtomxb/Build/Products/Debug-iphoneos/Grovy.app/pt.lproj/InfoPlist.strings /Users/jannikschill/Documents/Garten-Simulation/Garten_Simulation/pt.lproj/InfoPlist.strings (in target 'Garten_Simulation' from project 'Garten_Simulation')
    cd /Users/jannikschill/Documents/Garten-Simulation
    builtin-copyStrings --validate --outputencoding binary --outfilename InfoPlist.strings --outdir /Users/jannikschill/Library/Developer/Xcode/DerivedData/Garten_Simulation-eroxfyrnurmsaraojtkexlvtomxb/Build/Products/Debug-iphoneos/Grovy.app/pt.lproj -- /Users/jannikschill/Documents/Garten-Simulation/Garten_Simulation/pt.lproj/InfoPlist.strings
/Users/jannikschill/Documents/Garten-Simulation/Garten_Simulation/pt.lproj/InfoPlist.strings:1:1: note: detected encoding of input file as Unicode (UTF-8) (in target 'Garten_Simulation' from project 'Garten_Simulation')

CopyStringsFile /Users/jannikschill/Library/Developer/Xcode/DerivedData/Garten_Simulation-eroxfyrnurmsaraojtkexlvtomxb/Build/Products/Debug-iphoneos/Grovy.app/pt.lproj/AppShortcuts.strings /Users/jannikschill/Documents/Garten-Simulation/Garten_Simulation/pt.lproj/AppShortcuts.strings (in target 'Garten_Simulation' from project 'Garten_Simulation')
    cd /Users/jannikschill/Documents/Garten-Simulation
    builtin-copyStrings --validate --outputencoding binary --outfilename AppShortcuts.strings --outdir /Users/jannikschill/Library/Developer/Xcode/DerivedData/Garten_Simulation-eroxfyrnurmsaraojtkexlvtomxb/Build/Products/Debug-iphoneos/Grovy.app/pt.lproj -- /Users/jannikschill/Documents/Garten-Simulation/Garten_Simulation/pt.lproj/AppShortcuts.strings
/Users/jannikschill/Documents/Garten-Simulation/Garten_Simulation/pt.lproj/AppShortcuts.strings:1:1: note: detected encoding of input file as Unicode (UTF-8) (in target 'Garten_Simulation' from project 'Garten_Simulation')

CopyStringsFile /Users/jannikschill/Library/Developer/Xcode/DerivedData/Garten_Simulation-eroxfyrnurmsaraojtkexlvtomxb/Build/Products/Debug-iphoneos/Grovy.app/ko.lproj/InfoPlist.strings /Users/jannikschill/Documents/Garten-Simulation/Garten_Simulation/ko.lproj/InfoPlist.strings (in target 'Garten_Simulation' from project 'Garten_Simulation')
    cd /Users/jannikschill/Documents/Garten-Simulation
    builtin-copyStrings --validate --outputencoding binary --outfilename InfoPlist.strings --outdir /Users/jannikschill/Library/Developer/Xcode/DerivedData/Garten_Simulation-eroxfyrnurmsaraojtkexlvtomxb/Build/Products/Debug-iphoneos/Grovy.app/ko.lproj -- /Users/jannikschill/Documents/Garten-Simulation/Garten_Simulation/ko.lproj/InfoPlist.strings
/Users/jannikschill/Documents/Garten-Simulation/Garten_Simulation/ko.lproj/InfoPlist.strings:1:1: note: detected encoding of input file as Unicode (UTF-8) (in target 'Garten_Simulation' from project 'Garten_Simulation')

CopyStringsFile /Users/jannikschill/Library/Developer/Xcode/DerivedData/Garten_Simulation-eroxfyrnurmsaraojtkexlvtomxb/Build/Products/Debug-iphoneos/Grovy.app/nl.lproj/InfoPlist.strings /Users/jannikschill/Documents/Garten-Simulation/Garten_Simulation/nl.lproj/InfoPlist.strings (in target 'Garten_Simulation' from project 'Garten_Simulation')
    cd /Users/jannikschill/Documents/Garten-Simulation
    builtin-copyStrings --validate --outputencoding binary --outfilename InfoPlist.strings --outdir /Users/jannikschill/Library/Developer/Xcode/DerivedData/Garten_Simulation-eroxfyrnurmsaraojtkexlvtomxb/Build/Products/Debug-iphoneos/Grovy.app/nl.lproj -- /Users/jannikschill/Documents/Garten-Simulation/Garten_Simulation/nl.lproj/InfoPlist.strings
/Users/jannikschill/Documents/Garten-Simulation/Garten_Simulation/nl.lproj/InfoPlist.strings:1:1: note: detected encoding of input file as Unicode (UTF-8) (in target 'Garten_Simulation' from project 'Garten_Simulation')

CopyStringsFile /Users/jannikschill/Library/Developer/Xcode/DerivedData/Garten_Simulation-eroxfyrnurmsaraojtkexlvtomxb/Build/Products/Debug-iphoneos/Grovy.app/pl.lproj/InfoPlist.strings /Users/jannikschill/Documents/Garten-Simulation/Garten_Simulation/pl.lproj/InfoPlist.strings (in target 'Garten_Simulation' from project 'Garten_Simulation')
    cd /Users/jannikschill/Documents/Garten-Simulation
    builtin-copyStrings --validate --outputencoding binary --outfilename InfoPlist.strings --outdir /Users/jannikschill/Library/Developer/Xcode/DerivedData/Garten_Simulation-eroxfyrnurmsaraojtkexlvtomxb/Build/Products/Debug-iphoneos/Grovy.app/pl.lproj -- /Users/jannikschill/Documents/Garten-Simulation/Garten_Simulation/pl.lproj/InfoPlist.strings
/Users/jannikschill/Documents/Garten-Simulation/Garten_Simulation/pl.lproj/InfoPlist.strings:1:1: note: detected encoding of input file as Unicode (UTF-8) (in target 'Garten_Simulation' from project 'Garten_Simulation')

CopyStringsFile /Users/jannikschill/Library/Developer/Xcode/DerivedData/Garten_Simulation-eroxfyrnurmsaraojtkexlvtomxb/Build/Products/Debug-iphoneos/Grovy.app/ja.lproj/InfoPlist.strings /Users/jannikschill/Documents/Garten-Simulation/Garten_Simulation/ja.lproj/InfoPlist.strings (in target 'Garten_Simulation' from project 'Garten_Simulation')
    cd /Users/jannikschill/Documents/Garten-Simulation
    builtin-copyStrings --validate --outputencoding binary --outfilename InfoPlist.strings --outdir /Users/jannikschill/Library/Developer/Xcode/DerivedData/Garten_Simulation-eroxfyrnurmsaraojtkexlvtomxb/Build/Products/Debug-iphoneos/Grovy.app/ja.lproj -- /Users/jannikschill/Documents/Garten-Simulation/Garten_Simulation/ja.lproj/InfoPlist.strings
/Users/jannikschill/Documents/Garten-Simulation/Garten_Simulation/ja.lproj/InfoPlist.strings:1:1: note: detected encoding of input file as Unicode (UTF-8) (in target 'Garten_Simulation' from project 'Garten_Simulation')

CopyStringsFile /Users/jannikschill/Library/Developer/Xcode/DerivedData/Garten_Simulation-eroxfyrnurmsaraojtkexlvtomxb/Build/Products/Debug-iphoneos/Grovy.app/it.lproj/InfoPlist.strings /Users/jannikschill/Documents/Garten-Simulation/Garten_Simulation/it.lproj/InfoPlist.strings (in target 'Garten_Simulation' from project 'Garten_Simulation')
    cd /Users/jannikschill/Documents/Garten-Simulation
    builtin-copyStrings --validate --outputencoding binary --outfilename InfoPlist.strings --outdir /Users/jannikschill/Library/Developer/Xcode/DerivedData/Garten_Simulation-eroxfyrnurmsaraojtkexlvtomxb/Build/Products/Debug-iphoneos/Grovy.app/it.lproj -- /Users/jannikschill/Documents/Garten-Simulation/Garten_Simulation/it.lproj/InfoPlist.strings
/Users/jannikschill/Documents/Garten-Simulation/Garten_Simulation/it.lproj/InfoPlist.strings:1:1: note: detected encoding of input file as Unicode (UTF-8) (in target 'Garten_Simulation' from project 'Garten_Simulation')

CopyStringsFile /Users/jannikschill/Library/Developer/Xcode/DerivedData/Garten_Simulation-eroxfyrnurmsaraojtkexlvtomxb/Build/Products/Debug-iphoneos/Grovy.app/it.lproj/AppShortcuts.strings /Users/jannikschill/Documents/Garten-Simulation/Garten_Simulation/it.lproj/AppShortcuts.strings (in target 'Garten_Simulation' from project 'Garten_Simulation')
    cd /Users/jannikschill/Documents/Garten-Simulation
    builtin-copyStrings --validate --outputencoding binary --outfilename AppShortcuts.strings --outdir /Users/jannikschill/Library/Developer/Xcode/DerivedData/Garten_Simulation-eroxfyrnurmsaraojtkexlvtomxb/Build/Products/Debug-iphoneos/Grovy.app/it.lproj -- /Users/jannikschill/Documents/Garten-Simulation/Garten_Simulation/it.lproj/AppShortcuts.strings
/Users/jannikschill/Documents/Garten-Simulation/Garten_Simulation/it.lproj/AppShortcuts.strings:1:1: note: detected encoding of input file as Unicode (UTF-8) (in target 'Garten_Simulation' from project 'Garten_Simulation')

CopyStringsFile /Users/jannikschill/Library/Developer/Xcode/DerivedData/Garten_Simulation-eroxfyrnurmsaraojtkexlvtomxb/Build/Products/Debug-iphoneos/Grovy.app/fr.lproj/InfoPlist.strings /Users/jannikschill/Documents/Garten-Simulation/Garten_Simulation/fr.lproj/InfoPlist.strings (in target 'Garten_Simulation' from project 'Garten_Simulation')
    cd /Users/jannikschill/Documents/Garten-Simulation
    builtin-copyStrings --validate --outputencoding binary --outfilename InfoPlist.strings --outdir /Users/jannikschill/Library/Developer/Xcode/DerivedData/Garten_Simulation-eroxfyrnurmsaraojtkexlvtomxb/Build/Products/Debug-iphoneos/Grovy.app/fr.lproj -- /Users/jannikschill/Documents/Garten-Simulation/Garten_Simulation/fr.lproj/InfoPlist.strings
/Users/jannikschill/Documents/Garten-Simulation/Garten_Simulation/fr.lproj/InfoPlist.strings:1:1: note: detected encoding of input file as Unicode (UTF-8) (in target 'Garten_Simulation' from project 'Garten_Simulation')

CopyStringsFile /Users/jannikschill/Library/Developer/Xcode/DerivedData/Garten_Simulation-eroxfyrnurmsaraojtkexlvtomxb/Build/Products/Debug-iphoneos/Grovy.app/fr.lproj/AppShortcuts.strings /Users/jannikschill/Documents/Garten-Simulation/Garten_Simulation/fr.lproj/AppShortcuts.strings (in target 'Garten_Simulation' from project 'Garten_Simulation')
    cd /Users/jannikschill/Documents/Garten-Simulation
    builtin-copyStrings --validate --outputencoding binary --outfilename AppShortcuts.strings --outdir /Users/jannikschill/Library/Developer/Xcode/DerivedData/Garten_Simulation-eroxfyrnurmsaraojtkexlvtomxb/Build/Products/Debug-iphoneos/Grovy.app/fr.lproj -- /Users/jannikschill/Documents/Garten-Simulation/Garten_Simulation/fr.lproj/AppShortcuts.strings
/Users/jannikschill/Documents/Garten-Simulation/Garten_Simulation/fr.lproj/AppShortcuts.strings:1:1: note: detected encoding of input file as Unicode (UTF-8) (in target 'Garten_Simulation' from project 'Garten_Simulation')

CopyStringsFile /Users/jannikschill/Library/Developer/Xcode/DerivedData/Garten_Simulation-eroxfyrnurmsaraojtkexlvtomxb/Build/Products/Debug-iphoneos/Grovy.app/es.lproj/InfoPlist.strings /Users/jannikschill/Documents/Garten-Simulation/Garten_Simulation/es.lproj/InfoPlist.strings (in target 'Garten_Simulation' from project 'Garten_Simulation')
    cd /Users/jannikschill/Documents/Garten-Simulation
    builtin-copyStrings --validate --outputencoding binary --outfilename InfoPlist.strings --outdir /Users/jannikschill/Library/Developer/Xcode/DerivedData/Garten_Simulation-eroxfyrnurmsaraojtkexlvtomxb/Build/Products/Debug-iphoneos/Grovy.app/es.lproj -- /Users/jannikschill/Documents/Garten-Simulation/Garten_Simulation/es.lproj/InfoPlist.strings
/Users/jannikschill/Documents/Garten-Simulation/Garten_Simulation/es.lproj/InfoPlist.strings:1:1: note: detected encoding of input file as Unicode (UTF-8) (in target 'Garten_Simulation' from project 'Garten_Simulation')

CopyStringsFile /Users/jannikschill/Library/Developer/Xcode/DerivedData/Garten_Simulation-eroxfyrnurmsaraojtkexlvtomxb/Build/Products/Debug-iphoneos/Grovy.app/es.lproj/AppShortcuts.strings /Users/jannikschill/Documents/Garten-Simulation/Garten_Simulation/es.lproj/AppShortcuts.strings (in target 'Garten_Simulation' from project 'Garten_Simulation')
    cd /Users/jannikschill/Documents/Garten-Simulation
    builtin-copyStrings --validate --outputencoding binary --outfilename AppShortcuts.strings --outdir /Users/jannikschill/Library/Developer/Xcode/DerivedData/Garten_Simulation-eroxfyrnurmsaraojtkexlvtomxb/Build/Products/Debug-iphoneos/Grovy.app/es.lproj -- /Users/jannikschill/Documents/Garten-Simulation/Garten_Simulation/es.lproj/AppShortcuts.strings
/Users/jannikschill/Documents/Garten-Simulation/Garten_Simulation/es.lproj/AppShortcuts.strings:1:1: note: detected encoding of input file as Unicode (UTF-8) (in target 'Garten_Simulation' from project 'Garten_Simulation')

CopyStringsFile /Users/jannikschill/Library/Developer/Xcode/DerivedData/Garten_Simulation-eroxfyrnurmsaraojtkexlvtomxb/Build/Products/Debug-iphoneos/Grovy.app/en.lproj/InfoPlist.strings /Users/jannikschill/Documents/Garten-Simulation/Garten_Simulation/en.lproj/InfoPlist.strings (in target 'Garten_Simulation' from project 'Garten_Simulation')
    cd /Users/jannikschill/Documents/Garten-Simulation
    builtin-copyStrings --validate --outputencoding binary --outfilename InfoPlist.strings --outdir /Users/jannikschill/Library/Developer/Xcode/DerivedData/Garten_Simulation-eroxfyrnurmsaraojtkexlvtomxb/Build/Products/Debug-iphoneos/Grovy.app/en.lproj -- /Users/jannikschill/Documents/Garten-Simulation/Garten_Simulation/en.lproj/InfoPlist.strings
/Users/jannikschill/Documents/Garten-Simulation/Garten_Simulation/en.lproj/InfoPlist.strings:1:1: note: detected encoding of input file as Unicode (UTF-8) (in target 'Garten_Simulation' from project 'Garten_Simulation')

CopyStringsFile /Users/jannikschill/Library/Developer/Xcode/DerivedData/Garten_Simulation-eroxfyrnurmsaraojtkexlvtomxb/Build/Products/Debug-iphoneos/Grovy.app/en.lproj/AppShortcuts.strings /Users/jannikschill/Documents/Garten-Simulation/Garten_Simulation/en.lproj/AppShortcuts.strings (in target 'Garten_Simulation' from project 'Garten_Simulation')
    cd /Users/jannikschill/Documents/Garten-Simulation
    builtin-copyStrings --validate --outputencoding binary --outfilename AppShortcuts.strings --outdir /Users/jannikschill/Library/Developer/Xcode/DerivedData/Garten_Simulation-eroxfyrnurmsaraojtkexlvtomxb/Build/Products/Debug-iphoneos/Grovy.app/en.lproj -- /Users/jannikschill/Documents/Garten-Simulation/Garten_Simulation/en.lproj/AppShortcuts.strings
/Users/jannikschill/Documents/Garten-Simulation/Garten_Simulation/en.lproj/AppShortcuts.strings:1:1: note: detected encoding of input file as Unicode (UTF-8) (in target 'Garten_Simulation' from project 'Garten_Simulation')

CopyStringsFile /Users/jannikschill/Library/Developer/Xcode/DerivedData/Garten_Simulation-eroxfyrnurmsaraojtkexlvtomxb/Build/Products/Debug-iphoneos/Grovy.app/de.lproj/InfoPlist.strings /Users/jannikschill/Documents/Garten-Simulation/Garten_Simulation/de.lproj/InfoPlist.strings (in target 'Garten_Simulation' from project 'Garten_Simulation')
    cd /Users/jannikschill/Documents/Garten-Simulation
    builtin-copyStrings --validate --outputencoding binary --outfilename InfoPlist.strings --outdir /Users/jannikschill/Library/Developer/Xcode/DerivedData/Garten_Simulation-eroxfyrnurmsaraojtkexlvtomxb/Build/Products/Debug-iphoneos/Grovy.app/de.lproj -- /Users/jannikschill/Documents/Garten-Simulation/Garten_Simulation/de.lproj/InfoPlist.strings
/Users/jannikschill/Documents/Garten-Simulation/Garten_Simulation/de.lproj/InfoPlist.strings:1:1: note: detected encoding of input file as Unicode (UTF-8) (in target 'Garten_Simulation' from project 'Garten_Simulation')

CopyStringsFile /Users/jannikschill/Library/Developer/Xcode/DerivedData/Garten_Simulation-eroxfyrnurmsaraojtkexlvtomxb/Build/Products/Debug-iphoneos/Grovy.app/de.lproj/AppShortcuts.strings /Users/jannikschill/Documents/Garten-Simulation/Garten_Simulation/de.lproj/AppShortcuts.strings (in target 'Garten_Simulation' from project 'Garten_Simulation')
    cd /Users/jannikschill/Documents/Garten-Simulation
    builtin-copyStrings --validate --outputencoding binary --outfilename AppShortcuts.strings --outdir /Users/jannikschill/Library/Developer/Xcode/DerivedData/Garten_Simulation-eroxfyrnurmsaraojtkexlvtomxb/Build/Products/Debug-iphoneos/Grovy.app/de.lproj -- /Users/jannikschill/Documents/Garten-Simulation/Garten_Simulation/de.lproj/AppShortcuts.strings
/Users/jannikschill/Documents/Garten-Simulation/Garten_Simulation/de.lproj/AppShortcuts.strings:1:1: note: detected encoding of input file as Unicode (UTF-8) (in target 'Garten_Simulation' from project 'Garten_Simulation')

CopyPNGFile /Users/jannikschill/Library/Developer/Xcode/DerivedData/Garten_Simulation-eroxfyrnurmsaraojtkexlvtomxb/Build/Products/Debug-iphoneos/Grovy.app/Splash_Screenicon.png /Users/jannikschill/Documents/Garten-Simulation/Garten_Simulation/Splash_Screenicon.png (in target 'Garten_Simulation' from project 'Garten_Simulation')
    cd /Users/jannikschill/Documents/Garten-Simulation
    /Applications/Xcode.app/Contents/Developer/usr/bin/copypng -compress -strip-PNG-text /Users/jannikschill/Documents/Garten-Simulation/Garten_Simulation/Splash_Screenicon.png /Users/jannikschill/Library/Developer/Xcode/DerivedData/Garten_Simulation-eroxfyrnurmsaraojtkexlvtomxb/Build/Products/Debug-iphoneos/Grovy.app/Splash_Screenicon.png

CompileStoryboard /Users/jannikschill/Documents/Garten-Simulation/Garten_Simulation/LaunchScreen.storyboard (in target 'Garten_Simulation' from project 'Garten_Simulation')
    cd /Users/jannikschill/Documents/Garten-Simulation
    /Applications/Xcode.app/Contents/Developer/usr/bin/ibtool --errors --warnings --notices --module Grovy --output-partial-info-plist /Users/jannikschill/Library/Developer/Xcode/DerivedData/Garten_Simulation-eroxfyrnurmsaraojtkexlvtomxb/Build/Intermediates.noindex/Garten_Simulation.build/Debug-iphoneos/Garten_Simulation.build/LaunchScreen-SBPartialInfo.plist --auto-activate-custom-fonts --target-device iphone --minimum-deployment-target 17.0 --output-format human-readable-text /Users/jannikschill/Documents/Garten-Simulation/Garten_Simulation/LaunchScreen.storyboard --compilation-directory /Users/jannikschill/Library/Developer/Xcode/DerivedData/Garten_Simulation-eroxfyrnurmsaraojtkexlvtomxb/Build/Intermediates.noindex/Garten_Simulation.build/Debug-iphoneos/Garten_Simulation.build

Copy /Users/jannikschill/Library/Developer/Xcode/DerivedData/Garten_Simulation-eroxfyrnurmsaraojtkexlvtomxb/Build/Products/Debug-iphoneos/Grovy.app/Frameworks/RiveRuntime.framework /Users/jannikschill/Library/Developer/Xcode/DerivedData/Garten_Simulation-eroxfyrnurmsaraojtkexlvtomxb/SourcePackages/artifacts/rive-ios/RiveRuntime/RiveRuntime.xcframework/ios-arm64/RiveRuntime.framework (in target 'Garten_Simulation' from project 'Garten_Simulation')
    cd /Users/jannikschill/Documents/Garten-Simulation
    builtin-copy -exclude .DS_Store -exclude CVS -exclude .svn -exclude .git -exclude .hg -exclude Headers -exclude PrivateHeaders -exclude Modules -exclude \*.tbd -bitcode-strip all -bitcode-strip-tool /Applications/Xcode.app/Contents/Developer/Toolchains/XcodeDefault.xctoolchain/usr/bin/bitcode_strip -resolve-src-symlinks -remove-static-executable /Users/jannikschill/Library/Developer/Xcode/DerivedData/Garten_Simulation-eroxfyrnurmsaraojtkexlvtomxb/SourcePackages/artifacts/rive-ios/RiveRuntime/RiveRuntime.xcframework/ios-arm64/RiveRuntime.framework /Users/jannikschill/Library/Developer/Xcode/DerivedData/Garten_Simulation-eroxfyrnurmsaraojtkexlvtomxb/Build/Products/Debug-iphoneos/Grovy.app/Frameworks
/Applications/Xcode.app/Contents/Developer/Toolchains/XcodeDefault.xctoolchain/usr/bin/bitcode_strip /Users/jannikschill/Library/Developer/Xcode/DerivedData/Garten_Simulation-eroxfyrnurmsaraojtkexlvtomxb/SourcePackages/artifacts/rive-ios/RiveRuntime/RiveRuntime.xcframework/ios-arm64/RiveRuntime.framework/RiveRuntime -r -o /Users/jannikschill/Library/Developer/Xcode/DerivedData/Garten_Simulation-eroxfyrnurmsaraojtkexlvtomxb/Build/Products/Debug-iphoneos/Grovy.app/Frameworks/RiveRuntime.framework/RiveRuntime

Copy /Users/jannikschill/Library/Developer/Xcode/DerivedData/Garten_Simulation-eroxfyrnurmsaraojtkexlvtomxb/Build/Products/Debug-iphoneos/Grovy.app/Frameworks/DotLottiePlayer.framework /Users/jannikschill/Library/Developer/Xcode/DerivedData/Garten_Simulation-eroxfyrnurmsaraojtkexlvtomxb/SourcePackages/checkouts/dotlottie-ios/Sources/DotLottieCore/DotLottiePlayer.xcframework/ios-arm64/DotLottiePlayer.framework (in target 'Garten_Simulation' from project 'Garten_Simulation')
    cd /Users/jannikschill/Documents/Garten-Simulation
    builtin-copy -exclude .DS_Store -exclude CVS -exclude .svn -exclude .git -exclude .hg -exclude Headers -exclude PrivateHeaders -exclude Modules -exclude \*.tbd -bitcode-strip all -bitcode-strip-tool /Applications/Xcode.app/Contents/Developer/Toolchains/XcodeDefault.xctoolchain/usr/bin/bitcode_strip -resolve-src-symlinks -remove-static-executable /Users/jannikschill/Library/Developer/Xcode/DerivedData/Garten_Simulation-eroxfyrnurmsaraojtkexlvtomxb/SourcePackages/checkouts/dotlottie-ios/Sources/DotLottieCore/DotLottiePlayer.xcframework/ios-arm64/DotLottiePlayer.framework /Users/jannikschill/Library/Developer/Xcode/DerivedData/Garten_Simulation-eroxfyrnurmsaraojtkexlvtomxb/Build/Products/Debug-iphoneos/Grovy.app/Frameworks
/Applications/Xcode.app/Contents/Developer/Toolchains/XcodeDefault.xctoolchain/usr/bin/bitcode_strip /Users/jannikschill/Library/Developer/Xcode/DerivedData/Garten_Simulation-eroxfyrnurmsaraojtkexlvtomxb/SourcePackages/checkouts/dotlottie-ios/Sources/DotLottieCore/DotLottiePlayer.xcframework/ios-arm64/DotLottiePlayer.framework/DotLottiePlayer -r -o /Users/jannikschill/Library/Developer/Xcode/DerivedData/Garten_Simulation-eroxfyrnurmsaraojtkexlvtomxb/Build/Products/Debug-iphoneos/Grovy.app/Frameworks/DotLottiePlayer.framework/DotLottiePlayer

CodeSign /Users/jannikschill/Library/Developer/Xcode/DerivedData/Garten_Simulation-eroxfyrnurmsaraojtkexlvtomxb/Build/Products/Debug-iphoneos/Grovy.app/Frameworks/DotLottiePlayer.framework (in target 'Garten_Simulation' from project 'Garten_Simulation')
    cd /Users/jannikschill/Documents/Garten-Simulation
    
    Signing Identity:     "Apple Development: jannik.schill.2010@gmail.com (Y3TPBQ8BW8)"
    Provisioning Profile: "iOS Team Provisioning Profile: com.jannik.grovy"
                          (673d198d-5ed4-42af-9700-261967fcb6a0)
    
    /usr/bin/codesign --force --sign 8102FDB7D060355F2112EF227766019935B0F9B4 --timestamp\=none --preserve-metadata\=identifier,entitlements,flags --generate-entitlement-der /Users/jannikschill/Library/Developer/Xcode/DerivedData/Garten_Simulation-eroxfyrnurmsaraojtkexlvtomxb/Build/Products/Debug-iphoneos/Grovy.app/Frameworks/DotLottiePlayer.framework

CodeSign /Users/jannikschill/Library/Developer/Xcode/DerivedData/Garten_Simulation-eroxfyrnurmsaraojtkexlvtomxb/Build/Products/Debug-iphoneos/Grovy.app/Frameworks/RiveRuntime.framework (in target 'Garten_Simulation' from project 'Garten_Simulation')
    cd /Users/jannikschill/Documents/Garten-Simulation
    
    Signing Identity:     "Apple Development: jannik.schill.2010@gmail.com (Y3TPBQ8BW8)"
    Provisioning Profile: "iOS Team Provisioning Profile: com.jannik.grovy"
                          (673d198d-5ed4-42af-9700-261967fcb6a0)
    
    /usr/bin/codesign --force --sign 8102FDB7D060355F2112EF227766019935B0F9B4 --timestamp\=none --preserve-metadata\=identifier,entitlements,flags --generate-entitlement-der /Users/jannikschill/Library/Developer/Xcode/DerivedData/Garten_Simulation-eroxfyrnurmsaraojtkexlvtomxb/Build/Products/Debug-iphoneos/Grovy.app/Frameworks/RiveRuntime.framework

SwiftExplicitDependencyGeneratePcm arm64 /Users/jannikschill/Library/Developer/Xcode/DerivedData/Garten_Simulation-eroxfyrnurmsaraojtkexlvtomxb/Build/Intermediates.noindex/SwiftExplicitPrecompiledModules/DotLottiePlayer-2RY3ER1MSW6YIN502IMICLHO.pcm

SwiftCompile normal arm64 Compiling\ DailyFeedbackView.swift,\ WaterTrackerView.swift,\ BadHabitNoteRowView.swift,\ BodyDataFactoryView.swift,\ BodyTrackingWidgetGroup.swift,\ BonusFloatingTextView.swift,\ CalendarEventsSheet.swift,\ CalorieCalculationSheet.swift,\ CalorieDetailView.swift,\ CheatPunishmentOverlay.swift,\ ComebackBoostOverlayView.swift,\ CreateRoutineCustomToDoSheet.swift,\ DailyWheelComponents.swift,\ DecorationInfoSheet.swift,\ DeveloperView.swift,\ EditRoutineHabitRow.swift,\ EditRoutineSheet.swift,\ FlyingCoinView.swift,\ GameOverOverlayView.swift,\ GartenView.swift,\ GoalLinkView.swift /Users/jannikschill/Documents/Garten-Simulation/Garten_Simulation/Views/WaterTracker/DailyFeedbackView.swift /Users/jannikschill/Documents/Garten-Simulation/Garten_Simulation/Views/WaterTracker/WaterTrackerView.swift /Users/jannikschill/Documents/Garten-Simulation/Garten_Simulation/Views/BadHabitNoteRowView.swift /Users/jannikschill/Documents/Garten-Simulation/Garten_Simulation/Views/BodyDataFactoryView.swift /Users/jannikschill/Documents/Garten-Simulation/Garten_Simulation/Views/BodyTrackingWidgetGroup.swift /Users/jannikschill/Documents/Garten-Simulation/Garten_Simulation/Views/BonusFloatingTextView.swift /Users/jannikschill/Documents/Garten-Simulation/Garten_Simulation/Views/CalendarEventsSheet.swift /Users/jannikschill/Documents/Garten-Simulation/Garten_Simulation/Views/CalorieCalculationSheet.swift /Users/jannikschill/Documents/Garten-Simulation/Garten_Simulation/Views/CalorieDetailView.swift /Users/jannikschill/Documents/Garten-Simulation/Garten_Simulation/Views/CheatPunishmentOverlay.swift /Users/jannikschill/Documents/Garten-Simulation/Garten_Simulation/Views/ComebackBoostOverlayView.swift /Users/jannikschill/Documents/Garten-Simulation/Garten_Simulation/Views/CreateRoutineCustomToDoSheet.swift /Users/jannikschill/Documents/Garten-Simulation/Garten_Simulation/Views/DailyWheelComponents.swift /Users/jannikschill/Documents/Garten-Simulation/Garten_Simulation/Views/DecorationInfoSheet.swift /Users/jannikschill/Documents/Garten-Simulation/Garten_Simulation/Views/DeveloperView.swift /Users/jannikschill/Documents/Garten-Simulation/Garten_Simulation/Views/EditRoutineHabitRow.swift /Users/jannikschill/Documents/Garten-Simulation/Garten_Simulation/Views/EditRoutineSheet.swift /Users/jannikschill/Documents/Garten-Simulation/Garten_Simulation/Views/FlyingCoinView.swift /Users/jannikschill/Documents/Garten-Simulation/Garten_Simulation/Views/GameOverOverlayView.swift /Users/jannikschill/Documents/Garten-Simulation/Garten_Simulation/Views/GartenView.swift /Users/jannikschill/Documents/Garten-Simulation/Garten_Simulation/Views/GoalLinkView.swift (in target 'Garten_Simulation' from project 'Garten_Simulation')

SwiftCompile normal arm64 /Users/jannikschill/Documents/Garten-Simulation/Garten_Simulation/Views/WaterTracker/DailyFeedbackView.swift (in target 'Garten_Simulation' from project 'Garten_Simulation')
    cd /Users/jannikschill/Documents/Garten-Simulation
    

SwiftCompile normal arm64 /Users/jannikschill/Documents/Garten-Simulation/Garten_Simulation/Views/WaterTracker/WaterTrackerView.swift (in target 'Garten_Simulation' from project 'Garten_Simulation')
    cd /Users/jannikschill/Documents/Garten-Simulation
    

SwiftCompile normal arm64 /Users/jannikschill/Documents/Garten-Simulation/Garten_Simulation/Views/BadHabitNoteRowView.swift (in target 'Garten_Simulation' from project 'Garten_Simulation')
    cd /Users/jannikschill/Documents/Garten-Simulation
    

SwiftCompile normal arm64 /Users/jannikschill/Documents/Garten-Simulation/Garten_Simulation/Views/BodyDataFactoryView.swift (in target 'Garten_Simulation' from project 'Garten_Simulation')
    cd /Users/jannikschill/Documents/Garten-Simulation
    

SwiftCompile normal arm64 /Users/jannikschill/Documents/Garten-Simulation/Garten_Simulation/Views/BodyTrackingWidgetGroup.swift (in target 'Garten_Simulation' from project 'Garten_Simulation')
    cd /Users/jannikschill/Documents/Garten-Simulation
    

SwiftCompile normal arm64 /Users/jannikschill/Documents/Garten-Simulation/Garten_Simulation/Views/BonusFloatingTextView.swift (in target 'Garten_Simulation' from project 'Garten_Simulation')
    cd /Users/jannikschill/Documents/Garten-Simulation
    

SwiftCompile normal arm64 /Users/jannikschill/Documents/Garten-Simulation/Garten_Simulation/Views/CalendarEventsSheet.swift (in target 'Garten_Simulation' from project 'Garten_Simulation')
    cd /Users/jannikschill/Documents/Garten-Simulation
    

SwiftCompile normal arm64 /Users/jannikschill/Documents/Garten-Simulation/Garten_Simulation/Views/CalorieCalculationSheet.swift (in target 'Garten_Simulation' from project 'Garten_Simulation')
    cd /Users/jannikschill/Documents/Garten-Simulation
    

SwiftCompile normal arm64 /Users/jannikschill/Documents/Garten-Simulation/Garten_Simulation/Views/CalorieDetailView.swift (in target 'Garten_Simulation' from project 'Garten_Simulation')
    cd /Users/jannikschill/Documents/Garten-Simulation
    

SwiftCompile normal arm64 /Users/jannikschill/Documents/Garten-Simulation/Garten_Simulation/Views/CheatPunishmentOverlay.swift (in target 'Garten_Simulation' from project 'Garten_Simulation')
    cd /Users/jannikschill/Documents/Garten-Simulation
    

SwiftCompile normal arm64 /Users/jannikschill/Documents/Garten-Simulation/Garten_Simulation/Views/ComebackBoostOverlayView.swift (in target 'Garten_Simulation' from project 'Garten_Simulation')
    cd /Users/jannikschill/Documents/Garten-Simulation
    

SwiftCompile normal arm64 /Users/jannikschill/Documents/Garten-Simulation/Garten_Simulation/Views/CreateRoutineCustomToDoSheet.swift (in target 'Garten_Simulation' from project 'Garten_Simulation')
    cd /Users/jannikschill/Documents/Garten-Simulation
    

SwiftCompile normal arm64 /Users/jannikschill/Documents/Garten-Simulation/Garten_Simulation/Views/DailyWheelComponents.swift (in target 'Garten_Simulation' from project 'Garten_Simulation')
    cd /Users/jannikschill/Documents/Garten-Simulation
    

SwiftCompile normal arm64 /Users/jannikschill/Documents/Garten-Simulation/Garten_Simulation/Views/DecorationInfoSheet.swift (in target 'Garten_Simulation' from project 'Garten_Simulation')
    cd /Users/jannikschill/Documents/Garten-Simulation
    

SwiftCompile normal arm64 /Users/jannikschill/Documents/Garten-Simulation/Garten_Simulation/Views/DeveloperView.swift (in target 'Garten_Simulation' from project 'Garten_Simulation')
    cd /Users/jannikschill/Documents/Garten-Simulation
    

SwiftCompile normal arm64 /Users/jannikschill/Documents/Garten-Simulation/Garten_Simulation/Views/EditRoutineHabitRow.swift (in target 'Garten_Simulation' from project 'Garten_Simulation')
    cd /Users/jannikschill/Documents/Garten-Simulation
    

SwiftCompile normal arm64 /Users/jannikschill/Documents/Garten-Simulation/Garten_Simulation/Views/EditRoutineSheet.swift (in target 'Garten_Simulation' from project 'Garten_Simulation')
    cd /Users/jannikschill/Documents/Garten-Simulation
    

SwiftCompile normal arm64 /Users/jannikschill/Documents/Garten-Simulation/Garten_Simulation/Views/FlyingCoinView.swift (in target 'Garten_Simulation' from project 'Garten_Simulation')
    cd /Users/jannikschill/Documents/Garten-Simulation
    

SwiftCompile normal arm64 /Users/jannikschill/Documents/Garten-Simulation/Garten_Simulation/Views/GameOverOverlayView.swift (in target 'Garten_Simulation' from project 'Garten_Simulation')
    cd /Users/jannikschill/Documents/Garten-Simulation
    

SwiftCompile normal arm64 /Users/jannikschill/Documents/Garten-Simulation/Garten_Simulation/Views/GartenView.swift (in target 'Garten_Simulation' from project 'Garten_Simulation')
    cd /Users/jannikschill/Documents/Garten-Simulation
    

SwiftCompile normal arm64 /Users/jannikschill/Documents/Garten-Simulation/Garten_Simulation/Views/GoalLinkView.swift (in target 'Garten_Simulation' from project 'Garten_Simulation')
    cd /Users/jannikschill/Documents/Garten-Simulation
    

SwiftEmitModule normal arm64 Emitting\ module\ for\ Grovy (in target 'Garten_Simulation' from project 'Garten_Simulation')

EmitSwiftModule normal arm64 (in target 'Garten_Simulation' from project 'Garten_Simulation')
    cd /Users/jannikschill/Documents/Garten-Simulation
    

SwiftCompile normal arm64 Compiling\ HabitVerlaufView.swift,\ HealthChartView.swift,\ InteractiveTourOverlay.swift,\ IntradayProgressChartView.swift,\ InventoryItemDetailSheet.swift,\ IsoDekoViews.swift,\ LebenDetailView.swift,\ MacroDetailView.swift,\ NeuerTitelOverlay.swift,\ PaywallView.swift,\ PflanzeDetailSheet.swift,\ PlantIconView.swift,\ ProfileDetailView.swift,\ PurchaseSuccessOverlay.swift,\ RarityLevelUpOverlay.swift,\ RetentionSurveyView.swift,\ RitualPlantPickerSheet.swift,\ RoutinenView.swift,\ RoutineSessionView.swift,\ ScreenTimeSettingsView.swift,\ ScreenTimeSuggestionsView.swift /Users/jannikschill/Documents/Garten-Simulation/Garten_Simulation/Views/HabitVerlaufView.swift /Users/jannikschill/Documents/Garten-Simulation/Garten_Simulation/Views/HealthChartView.swift /Users/jannikschill/Documents/Garten-Simulation/Garten_Simulation/Views/InteractiveTourOverlay.swift /Users/jannikschill/Documents/Garten-Simulation/Garten_Simulation/Views/IntradayProgressChartView.swift /Users/jannikschill/Documents/Garten-Simulation/Garten_Simulation/Views/InventoryItemDetailSheet.swift /Users/jannikschill/Documents/Garten-Simulation/Garten_Simulation/Views/IsoDekoViews.swift /Users/jannikschill/Documents/Garten-Simulation/Garten_Simulation/Views/LebenDetailView.swift /Users/jannikschill/Documents/Garten-Simulation/Garten_Simulation/Views/MacroDetailView.swift /Users/jannikschill/Documents/Garten-Simulation/Garten_Simulation/Views/NeuerTitelOverlay.swift /Users/jannikschill/Documents/Garten-Simulation/Garten_Simulation/Views/PaywallView.swift /Users/jannikschill/Documents/Garten-Simulation/Garten_Simulation/Views/PflanzeDetailSheet.swift /Users/jannikschill/Documents/Garten-Simulation/Garten_Simulation/Views/PlantIconView.swift /Users/jannikschill/Documents/Garten-Simulation/Garten_Simulation/Views/ProfileDetailView.swift /Users/jannikschill/Documents/Garten-Simulation/Garten_Simulation/Views/PurchaseSuccessOverlay.swift /Users/jannikschill/Documents/Garten-Simulation/Garten_Simulation/Views/RarityLevelUpOverlay.swift /Users/jannikschill/Documents/Garten-Simulation/Garten_Simulation/Views/RetentionSurveyView.swift /Users/jannikschill/Documents/Garten-Simulation/Garten_Simulation/Views/RitualPlantPickerSheet.swift /Users/jannikschill/Documents/Garten-Simulation/Garten_Simulation/Views/RoutinenView.swift /Users/jannikschill/Documents/Garten-Simulation/Garten_Simulation/Views/RoutineSessionView.swift /Users/jannikschill/Documents/Garten-Simulation/Garten_Simulation/Views/ScreenTimeSettingsView.swift /Users/jannikschill/Documents/Garten-Simulation/Garten_Simulation/Views/ScreenTimeSuggestionsView.swift (in target 'Garten_Simulation' from project 'Garten_Simulation')

SwiftCompile normal arm64 /Users/jannikschill/Documents/Garten-Simulation/Garten_Simulation/Views/HabitVerlaufView.swift (in target 'Garten_Simulation' from project 'Garten_Simulation')
    cd /Users/jannikschill/Documents/Garten-Simulation
    

SwiftCompile normal arm64 /Users/jannikschill/Documents/Garten-Simulation/Garten_Simulation/Views/HealthChartView.swift (in target 'Garten_Simulation' from project 'Garten_Simulation')
    cd /Users/jannikschill/Documents/Garten-Simulation
    

SwiftCompile normal arm64 /Users/jannikschill/Documents/Garten-Simulation/Garten_Simulation/Views/InteractiveTourOverlay.swift (in target 'Garten_Simulation' from project 'Garten_Simulation')
    cd /Users/jannikschill/Documents/Garten-Simulation
    

SwiftCompile normal arm64 /Users/jannikschill/Documents/Garten-Simulation/Garten_Simulation/Views/IntradayProgressChartView.swift (in target 'Garten_Simulation' from project 'Garten_Simulation')
    cd /Users/jannikschill/Documents/Garten-Simulation
    

SwiftCompile normal arm64 /Users/jannikschill/Documents/Garten-Simulation/Garten_Simulation/Views/InventoryItemDetailSheet.swift (in target 'Garten_Simulation' from project 'Garten_Simulation')
    cd /Users/jannikschill/Documents/Garten-Simulation
    

SwiftCompile normal arm64 /Users/jannikschill/Documents/Garten-Simulation/Garten_Simulation/Views/IsoDekoViews.swift (in target 'Garten_Simulation' from project 'Garten_Simulation')
    cd /Users/jannikschill/Documents/Garten-Simulation
    

SwiftCompile normal arm64 /Users/jannikschill/Documents/Garten-Simulation/Garten_Simulation/Views/LebenDetailView.swift (in target 'Garten_Simulation' from project 'Garten_Simulation')
    cd /Users/jannikschill/Documents/Garten-Simulation
    

SwiftCompile normal arm64 /Users/jannikschill/Documents/Garten-Simulation/Garten_Simulation/Views/MacroDetailView.swift (in target 'Garten_Simulation' from project 'Garten_Simulation')
    cd /Users/jannikschill/Documents/Garten-Simulation
    

SwiftCompile normal arm64 /Users/jannikschill/Documents/Garten-Simulation/Garten_Simulation/Views/NeuerTitelOverlay.swift (in target 'Garten_Simulation' from project 'Garten_Simulation')
    cd /Users/jannikschill/Documents/Garten-Simulation
    

SwiftCompile normal arm64 /Users/jannikschill/Documents/Garten-Simulation/Garten_Simulation/Views/PaywallView.swift (in target 'Garten_Simulation' from project 'Garten_Simulation')
    cd /Users/jannikschill/Documents/Garten-Simulation
    

SwiftCompile normal arm64 /Users/jannikschill/Documents/Garten-Simulation/Garten_Simulation/Views/PflanzeDetailSheet.swift (in target 'Garten_Simulation' from project 'Garten_Simulation')
    cd /Users/jannikschill/Documents/Garten-Simulation
    

SwiftCompile normal arm64 /Users/jannikschill/Documents/Garten-Simulation/Garten_Simulation/Views/PlantIconView.swift (in target 'Garten_Simulation' from project 'Garten_Simulation')
    cd /Users/jannikschill/Documents/Garten-Simulation
    

SwiftCompile normal arm64 /Users/jannikschill/Documents/Garten-Simulation/Garten_Simulation/Views/ProfileDetailView.swift (in target 'Garten_Simulation' from project 'Garten_Simulation')
    cd /Users/jannikschill/Documents/Garten-Simulation
    

SwiftCompile normal arm64 /Users/jannikschill/Documents/Garten-Simulation/Garten_Simulation/Views/PurchaseSuccessOverlay.swift (in target 'Garten_Simulation' from project 'Garten_Simulation')
    cd /Users/jannikschill/Documents/Garten-Simulation
    

SwiftCompile normal arm64 /Users/jannikschill/Documents/Garten-Simulation/Garten_Simulation/Views/RarityLevelUpOverlay.swift (in target 'Garten_Simulation' from project 'Garten_Simulation')
    cd /Users/jannikschill/Documents/Garten-Simulation
    

SwiftCompile normal arm64 /Users/jannikschill/Documents/Garten-Simulation/Garten_Simulation/Views/RetentionSurveyView.swift (in target 'Garten_Simulation' from project 'Garten_Simulation')
    cd /Users/jannikschill/Documents/Garten-Simulation
    

SwiftCompile normal arm64 /Users/jannikschill/Documents/Garten-Simulation/Garten_Simulation/Views/RitualPlantPickerSheet.swift (in target 'Garten_Simulation' from project 'Garten_Simulation')
    cd /Users/jannikschill/Documents/Garten-Simulation
    

SwiftCompile normal arm64 /Users/jannikschill/Documents/Garten-Simulation/Garten_Simulation/Views/RoutinenView.swift (in target 'Garten_Simulation' from project 'Garten_Simulation')
    cd /Users/jannikschill/Documents/Garten-Simulation
    

SwiftCompile normal arm64 /Users/jannikschill/Documents/Garten-Simulation/Garten_Simulation/Views/RoutineSessionView.swift (in target 'Garten_Simulation' from project 'Garten_Simulation')
    cd /Users/jannikschill/Documents/Garten-Simulation
    

SwiftCompile normal arm64 /Users/jannikschill/Documents/Garten-Simulation/Garten_Simulation/Views/ScreenTimeSettingsView.swift (in target 'Garten_Simulation' from project 'Garten_Simulation')
    cd /Users/jannikschill/Documents/Garten-Simulation
    

SwiftCompile normal arm64 /Users/jannikschill/Documents/Garten-Simulation/Garten_Simulation/Views/ScreenTimeSuggestionsView.swift (in target 'Garten_Simulation' from project 'Garten_Simulation')
    cd /Users/jannikschill/Documents/Garten-Simulation
    

SwiftCompile normal arm64 Compiling\ FocusSound.swift,\ FocusTimerRecovery.swift,\ GameDatabase.swift,\ GardenActivityAttributes.swift,\ GartenLevel.swift,\ GartenTierStufe.swift,\ GoalModels.swift,\ GoalPriority.swift,\ GroovyWidgetDataProvider.swift,\ GrowthAssessmentModel.swift,\ HabitModel.swift,\ HabitProgressionGenerator.swift,\ HabitProgressionStrategy.swift,\ HealthManager.swift,\ IgelCustomization.swift,\ LifestyleAssessmentModel.swift,\ MacroCalculator.swift,\ NutrientIndexManager.swift,\ PartnerAppBoost.swift,\ PDFExportManager.swift,\ PflanzenEffekt.swift /Users/jannikschill/Documents/Garten-Simulation/Garten_Simulation/Models/FocusSound.swift /Users/jannikschill/Documents/Garten-Simulation/Garten_Simulation/Models/FocusTimerRecovery.swift /Users/jannikschill/Documents/Garten-Simulation/Garten_Simulation/Models/GameDatabase.swift /Users/jannikschill/Documents/Garten-Simulation/Garten_Simulation/Models/GardenActivityAttributes.swift /Users/jannikschill/Documents/Garten-Simulation/Garten_Simulation/Models/GartenLevel.swift /Users/jannikschill/Documents/Garten-Simulation/Garten_Simulation/Models/GartenTierStufe.swift /Users/jannikschill/Documents/Garten-Simulation/Garten_Simulation/Models/GoalModels.swift /Users/jannikschill/Documents/Garten-Simulation/Garten_Simulation/Models/GoalPriority.swift /Users/jannikschill/Documents/Garten-Simulation/Garten_Simulation/Models/GroovyWidgetDataProvider.swift /Users/jannikschill/Documents/Garten-Simulation/Garten_Simulation/Models/GrowthAssessmentModel.swift /Users/jannikschill/Documents/Garten-Simulation/Garten_Simulation/Models/HabitModel.swift /Users/jannikschill/Documents/Garten-Simulation/Garten_Simulation/Models/HabitProgressionGenerator.swift /Users/jannikschill/Documents/Garten-Simulation/Garten_Simulation/Models/HabitProgressionStrategy.swift /Users/jannikschill/Documents/Garten-Simulation/Garten_Simulation/Models/HealthManager.swift /Users/jannikschill/Documents/Garten-Simulation/Garten_Simulation/Models/IgelCustomization.swift /Users/jannikschill/Documents/Garten-Simulation/Garten_Simulation/Models/LifestyleAssessmentModel.swift /Users/jannikschill/Documents/Garten-Simulation/Garten_Simulation/Models/MacroCalculator.swift /Users/jannikschill/Documents/Garten-Simulation/Garten_Simulation/Models/NutrientIndexManager.swift /Users/jannikschill/Documents/Garten-Simulation/Garten_Simulation/Models/PartnerAppBoost.swift /Users/jannikschill/Documents/Garten-Simulation/Garten_Simulation/Models/PDFExportManager.swift /Users/jannikschill/Documents/Garten-Simulation/Garten_Simulation/Models/PflanzenEffekt.swift (in target 'Garten_Simulation' from project 'Garten_Simulation')

SwiftCompile normal arm64 /Users/jannikschill/Documents/Garten-Simulation/Garten_Simulation/Models/FocusSound.swift (in target 'Garten_Simulation' from project 'Garten_Simulation')
    cd /Users/jannikschill/Documents/Garten-Simulation
    

SwiftCompile normal arm64 /Users/jannikschill/Documents/Garten-Simulation/Garten_Simulation/Models/FocusTimerRecovery.swift (in target 'Garten_Simulation' from project 'Garten_Simulation')
    cd /Users/jannikschill/Documents/Garten-Simulation
    

SwiftCompile normal arm64 /Users/jannikschill/Documents/Garten-Simulation/Garten_Simulation/Models/GameDatabase.swift (in target 'Garten_Simulation' from project 'Garten_Simulation')
    cd /Users/jannikschill/Documents/Garten-Simulation
    

SwiftCompile normal arm64 /Users/jannikschill/Documents/Garten-Simulation/Garten_Simulation/Models/GardenActivityAttributes.swift (in target 'Garten_Simulation' from project 'Garten_Simulation')
    cd /Users/jannikschill/Documents/Garten-Simulation
    

SwiftCompile normal arm64 /Users/jannikschill/Documents/Garten-Simulation/Garten_Simulation/Models/GartenLevel.swift (in target 'Garten_Simulation' from project 'Garten_Simulation')
    cd /Users/jannikschill/Documents/Garten-Simulation
    

SwiftCompile normal arm64 /Users/jannikschill/Documents/Garten-Simulation/Garten_Simulation/Models/GartenTierStufe.swift (in target 'Garten_Simulation' from project 'Garten_Simulation')
    cd /Users/jannikschill/Documents/Garten-Simulation
    

SwiftCompile normal arm64 /Users/jannikschill/Documents/Garten-Simulation/Garten_Simulation/Models/GoalModels.swift (in target 'Garten_Simulation' from project 'Garten_Simulation')
    cd /Users/jannikschill/Documents/Garten-Simulation
    

SwiftCompile normal arm64 /Users/jannikschill/Documents/Garten-Simulation/Garten_Simulation/Models/GoalPriority.swift (in target 'Garten_Simulation' from project 'Garten_Simulation')
    cd /Users/jannikschill/Documents/Garten-Simulation
    

SwiftCompile normal arm64 /Users/jannikschill/Documents/Garten-Simulation/Garten_Simulation/Models/GroovyWidgetDataProvider.swift (in target 'Garten_Simulation' from project 'Garten_Simulation')
    cd /Users/jannikschill/Documents/Garten-Simulation
    

SwiftCompile normal arm64 /Users/jannikschill/Documents/Garten-Simulation/Garten_Simulation/Models/GrowthAssessmentModel.swift (in target 'Garten_Simulation' from project 'Garten_Simulation')
    cd /Users/jannikschill/Documents/Garten-Simulation
    

SwiftCompile normal arm64 /Users/jannikschill/Documents/Garten-Simulation/Garten_Simulation/Models/HabitModel.swift (in target 'Garten_Simulation' from project 'Garten_Simulation')
    cd /Users/jannikschill/Documents/Garten-Simulation
    

SwiftCompile normal arm64 /Users/jannikschill/Documents/Garten-Simulation/Garten_Simulation/Models/HabitProgressionGenerator.swift (in target 'Garten_Simulation' from project 'Garten_Simulation')
    cd /Users/jannikschill/Documents/Garten-Simulation
    

SwiftCompile normal arm64 /Users/jannikschill/Documents/Garten-Simulation/Garten_Simulation/Models/HabitProgressionStrategy.swift (in target 'Garten_Simulation' from project 'Garten_Simulation')
    cd /Users/jannikschill/Documents/Garten-Simulation
    

SwiftCompile normal arm64 /Users/jannikschill/Documents/Garten-Simulation/Garten_Simulation/Models/HealthManager.swift (in target 'Garten_Simulation' from project 'Garten_Simulation')
    cd /Users/jannikschill/Documents/Garten-Simulation
    

SwiftCompile normal arm64 /Users/jannikschill/Documents/Garten-Simulation/Garten_Simulation/Models/IgelCustomization.swift (in target 'Garten_Simulation' from project 'Garten_Simulation')
    cd /Users/jannikschill/Documents/Garten-Simulation
    

SwiftCompile normal arm64 /Users/jannikschill/Documents/Garten-Simulation/Garten_Simulation/Models/LifestyleAssessmentModel.swift (in target 'Garten_Simulation' from project 'Garten_Simulation')
    cd /Users/jannikschill/Documents/Garten-Simulation
    

SwiftCompile normal arm64 /Users/jannikschill/Documents/Garten-Simulation/Garten_Simulation/Models/MacroCalculator.swift (in target 'Garten_Simulation' from project 'Garten_Simulation')
    cd /Users/jannikschill/Documents/Garten-Simulation
    

SwiftCompile normal arm64 /Users/jannikschill/Documents/Garten-Simulation/Garten_Simulation/Models/NutrientIndexManager.swift (in target 'Garten_Simulation' from project 'Garten_Simulation')
    cd /Users/jannikschill/Documents/Garten-Simulation
    

SwiftCompile normal arm64 /Users/jannikschill/Documents/Garten-Simulation/Garten_Simulation/Models/PartnerAppBoost.swift (in target 'Garten_Simulation' from project 'Garten_Simulation')
    cd /Users/jannikschill/Documents/Garten-Simulation
    

SwiftCompile normal arm64 /Users/jannikschill/Documents/Garten-Simulation/Garten_Simulation/Models/PDFExportManager.swift (in target 'Garten_Simulation' from project 'Garten_Simulation')
    cd /Users/jannikschill/Documents/Garten-Simulation
    

SwiftCompile normal arm64 /Users/jannikschill/Documents/Garten-Simulation/Garten_Simulation/Models/PflanzenEffekt.swift (in target 'Garten_Simulation' from project 'Garten_Simulation')
    cd /Users/jannikschill/Documents/Garten-Simulation
    

SwiftCompile normal arm64 Compiling\ PflanzenSeltenheit.swift,\ PflanzenStufe.swift,\ PlayerTitle.swift,\ RetentionGrund.swift,\ ShopDetailPayload.swift,\ SkillModels.swift,\ StatsHelper.swift,\ StatsPeriod.swift,\ TrashCategory.swift,\ TrashItem.swift,\ WaterEntry.swift,\ WeedCrisisState.swift,\ WeedLogic.swift,\ WeedPatch.swift,\ WeeklyStatsManager.swift,\ WeightTrendEngine.swift,\ MonitorExtension.swift,\ ConfettiParticleView.swift,\ FloatingBackgroundView.swift,\ GoalOnboardingView.swift,\ OnboardingCustomPlantView.swift /Users/jannikschill/Documents/Garten-Simulation/Garten_Simulation/Models/PflanzenSeltenheit.swift /Users/jannikschill/Documents/Garten-Simulation/Garten_Simulation/Models/PflanzenStufe.swift /Users/jannikschill/Documents/Garten-Simulation/Garten_Simulation/Models/PlayerTitle.swift /Users/jannikschill/Documents/Garten-Simulation/Garten_Simulation/Models/RetentionGrund.swift /Users/jannikschill/Documents/Garten-Simulation/Garten_Simulation/Models/ShopDetailPayload.swift /Users/jannikschill/Documents/Garten-Simulation/Garten_Simulation/Models/SkillModels.swift /Users/jannikschill/Documents/Garten-Simulation/Garten_Simulation/Models/StatsHelper.swift /Users/jannikschill/Documents/Garten-Simulation/Garten_Simulation/Models/StatsPeriod.swift /Users/jannikschill/Documents/Garten-Simulation/Garten_Simulation/Models/TrashCategory.swift /Users/jannikschill/Documents/Garten-Simulation/Garten_Simulation/Models/TrashItem.swift /Users/jannikschill/Documents/Garten-Simulation/Garten_Simulation/Models/WaterEntry.swift /Users/jannikschill/Documents/Garten-Simulation/Garten_Simulation/Models/WeedCrisisState.swift /Users/jannikschill/Documents/Garten-Simulation/Garten_Simulation/Models/WeedLogic.swift /Users/jannikschill/Documents/Garten-Simulation/Garten_Simulation/Models/WeedPatch.swift /Users/jannikschill/Documents/Garten-Simulation/Garten_Simulation/Models/WeeklyStatsManager.swift /Users/jannikschill/Documents/Garten-Simulation/Garten_Simulation/Models/WeightTrendEngine.swift /Users/jannikschill/Documents/Garten-Simulation/Garten_Simulation/MonitorExtension/MonitorExtension.swift /Users/jannikschill/Documents/Garten-Simulation/Garten_Simulation/Onboarding/ConfettiParticleView.swift /Users/jannikschill/Documents/Garten-Simulation/Garten_Simulation/Onboarding/FloatingBackgroundView.swift /Users/jannikschill/Documents/Garten-Simulation/Garten_Simulation/Onboarding/GoalOnboardingView.swift /Users/jannikschill/Documents/Garten-Simulation/Garten_Simulation/Onboarding/OnboardingCustomPlantView.swift (in target 'Garten_Simulation' from project 'Garten_Simulation')

SwiftCompile normal arm64 /Users/jannikschill/Documents/Garten-Simulation/Garten_Simulation/Models/PflanzenSeltenheit.swift (in target 'Garten_Simulation' from project 'Garten_Simulation')
    cd /Users/jannikschill/Documents/Garten-Simulation
    

SwiftCompile normal arm64 /Users/jannikschill/Documents/Garten-Simulation/Garten_Simulation/Models/PflanzenStufe.swift (in target 'Garten_Simulation' from project 'Garten_Simulation')
    cd /Users/jannikschill/Documents/Garten-Simulation
    

SwiftCompile normal arm64 /Users/jannikschill/Documents/Garten-Simulation/Garten_Simulation/Models/PlayerTitle.swift (in target 'Garten_Simulation' from project 'Garten_Simulation')
    cd /Users/jannikschill/Documents/Garten-Simulation
    

SwiftCompile normal arm64 /Users/jannikschill/Documents/Garten-Simulation/Garten_Simulation/Models/RetentionGrund.swift (in target 'Garten_Simulation' from project 'Garten_Simulation')
    cd /Users/jannikschill/Documents/Garten-Simulation
    

SwiftCompile normal arm64 /Users/jannikschill/Documents/Garten-Simulation/Garten_Simulation/Models/ShopDetailPayload.swift (in target 'Garten_Simulation' from project 'Garten_Simulation')
    cd /Users/jannikschill/Documents/Garten-Simulation
    

SwiftCompile normal arm64 /Users/jannikschill/Documents/Garten-Simulation/Garten_Simulation/Models/SkillModels.swift (in target 'Garten_Simulation' from project 'Garten_Simulation')
    cd /Users/jannikschill/Documents/Garten-Simulation
    

SwiftCompile normal arm64 /Users/jannikschill/Documents/Garten-Simulation/Garten_Simulation/Models/StatsHelper.swift (in target 'Garten_Simulation' from project 'Garten_Simulation')
    cd /Users/jannikschill/Documents/Garten-Simulation
    

SwiftCompile normal arm64 /Users/jannikschill/Documents/Garten-Simulation/Garten_Simulation/Models/StatsPeriod.swift (in target 'Garten_Simulation' from project 'Garten_Simulation')
    cd /Users/jannikschill/Documents/Garten-Simulation
    

SwiftCompile normal arm64 /Users/jannikschill/Documents/Garten-Simulation/Garten_Simulation/Models/TrashCategory.swift (in target 'Garten_Simulation' from project 'Garten_Simulation')
    cd /Users/jannikschill/Documents/Garten-Simulation
    

SwiftCompile normal arm64 /Users/jannikschill/Documents/Garten-Simulation/Garten_Simulation/Models/TrashItem.swift (in target 'Garten_Simulation' from project 'Garten_Simulation')
    cd /Users/jannikschill/Documents/Garten-Simulation
    

SwiftCompile normal arm64 /Users/jannikschill/Documents/Garten-Simulation/Garten_Simulation/Models/WaterEntry.swift (in target 'Garten_Simulation' from project 'Garten_Simulation')
    cd /Users/jannikschill/Documents/Garten-Simulation
    

SwiftCompile normal arm64 /Users/jannikschill/Documents/Garten-Simulation/Garten_Simulation/Models/WeedCrisisState.swift (in target 'Garten_Simulation' from project 'Garten_Simulation')
    cd /Users/jannikschill/Documents/Garten-Simulation
    

SwiftCompile normal arm64 /Users/jannikschill/Documents/Garten-Simulation/Garten_Simulation/Models/WeedLogic.swift (in target 'Garten_Simulation' from project 'Garten_Simulation')
    cd /Users/jannikschill/Documents/Garten-Simulation
    

SwiftCompile normal arm64 /Users/jannikschill/Documents/Garten-Simulation/Garten_Simulation/Models/WeedPatch.swift (in target 'Garten_Simulation' from project 'Garten_Simulation')
    cd /Users/jannikschill/Documents/Garten-Simulation
    

SwiftCompile normal arm64 /Users/jannikschill/Documents/Garten-Simulation/Garten_Simulation/Models/WeeklyStatsManager.swift (in target 'Garten_Simulation' from project 'Garten_Simulation')
    cd /Users/jannikschill/Documents/Garten-Simulation
    

SwiftCompile normal arm64 /Users/jannikschill/Documents/Garten-Simulation/Garten_Simulation/Models/WeightTrendEngine.swift (in target 'Garten_Simulation' from project 'Garten_Simulation')
    cd /Users/jannikschill/Documents/Garten-Simulation
    

SwiftCompile normal arm64 /Users/jannikschill/Documents/Garten-Simulation/Garten_Simulation/MonitorExtension/MonitorExtension.swift (in target 'Garten_Simulation' from project 'Garten_Simulation')
    cd /Users/jannikschill/Documents/Garten-Simulation
    

SwiftCompile normal arm64 /Users/jannikschill/Documents/Garten-Simulation/Garten_Simulation/Onboarding/ConfettiParticleView.swift (in target 'Garten_Simulation' from project 'Garten_Simulation')
    cd /Users/jannikschill/Documents/Garten-Simulation
    

SwiftCompile normal arm64 /Users/jannikschill/Documents/Garten-Simulation/Garten_Simulation/Onboarding/FloatingBackgroundView.swift (in target 'Garten_Simulation' from project 'Garten_Simulation')
    cd /Users/jannikschill/Documents/Garten-Simulation
    

SwiftCompile normal arm64 /Users/jannikschill/Documents/Garten-Simulation/Garten_Simulation/Onboarding/GoalOnboardingView.swift (in target 'Garten_Simulation' from project 'Garten_Simulation')
    cd /Users/jannikschill/Documents/Garten-Simulation
    

SwiftCompile normal arm64 /Users/jannikschill/Documents/Garten-Simulation/Garten_Simulation/Onboarding/OnboardingCustomPlantView.swift (in target 'Garten_Simulation' from project 'Garten_Simulation')
    cd /Users/jannikschill/Documents/Garten-Simulation
    

SwiftCompile normal arm64 Compiling\ FeedbackManager.swift,\ FocusAudioManager.swift,\ NotificationManager.swift,\ QuickActionManager.swift,\ ScreenTimeManager.swift,\ SharedUserDefaults.swift,\ WaterGoalManager.swift,\ AssessmentInsightGenerator.swift,\ AssessmentModel.swift,\ AssessmentResult+Detailed.swift,\ CalendarEventPayload.swift,\ CalendarManager.swift,\ CharacterModel.swift,\ CoinTransaction.swift,\ DailyProgressEntry.swift,\ DecorationModels.swift,\ ErfolgModel.swift,\ FeatureFlags.swift,\ FeedbackRating.swift,\ FeedbackScoringEngine.swift,\ FocusSessionLog.swift /Users/jannikschill/Documents/Garten-Simulation/Garten_Simulation/Managers/FeedbackManager.swift /Users/jannikschill/Documents/Garten-Simulation/Garten_Simulation/Managers/FocusAudioManager.swift /Users/jannikschill/Documents/Garten-Simulation/Garten_Simulation/Managers/NotificationManager.swift /Users/jannikschill/Documents/Garten-Simulation/Garten_Simulation/Managers/QuickActionManager.swift /Users/jannikschill/Documents/Garten-Simulation/Garten_Simulation/Managers/ScreenTimeManager.swift /Users/jannikschill/Documents/Garten-Simulation/Garten_Simulation/Managers/SharedUserDefaults.swift /Users/jannikschill/Documents/Garten-Simulation/Garten_Simulation/Managers/WaterGoalManager.swift /Users/jannikschill/Documents/Garten-Simulation/Garten_Simulation/Models/AssessmentInsightGenerator.swift /Users/jannikschill/Documents/Garten-Simulation/Garten_Simulation/Models/AssessmentModel.swift /Users/jannikschill/Documents/Garten-Simulation/Garten_Simulation/Models/AssessmentResult+Detailed.swift /Users/jannikschill/Documents/Garten-Simulation/Garten_Simulation/Models/CalendarEventPayload.swift /Users/jannikschill/Documents/Garten-Simulation/Garten_Simulation/Models/CalendarManager.swift /Users/jannikschill/Documents/Garten-Simulation/Garten_Simulation/Models/CharacterModel.swift /Users/jannikschill/Documents/Garten-Simulation/Garten_Simulation/Models/CoinTransaction.swift /Users/jannikschill/Documents/Garten-Simulation/Garten_Simulation/Models/DailyProgressEntry.swift /Users/jannikschill/Documents/Garten-Simulation/Garten_Simulation/Models/DecorationModels.swift /Users/jannikschill/Documents/Garten-Simulation/Garten_Simulation/Models/ErfolgModel.swift /Users/jannikschill/Documents/Garten-Simulation/Garten_Simulation/Models/FeatureFlags.swift /Users/jannikschill/Documents/Garten-Simulation/Garten_Simulation/Models/FeedbackRating.swift /Users/jannikschill/Documents/Garten-Simulation/Garten_Simulation/Models/FeedbackScoringEngine.swift /Users/jannikschill/Documents/Garten-Simulation/Garten_Simulation/Models/FocusSessionLog.swift (in target 'Garten_Simulation' from project 'Garten_Simulation')

SwiftCompile normal arm64 /Users/jannikschill/Documents/Garten-Simulation/Garten_Simulation/Managers/FeedbackManager.swift (in target 'Garten_Simulation' from project 'Garten_Simulation')
    cd /Users/jannikschill/Documents/Garten-Simulation
    

SwiftCompile normal arm64 /Users/jannikschill/Documents/Garten-Simulation/Garten_Simulation/Managers/FocusAudioManager.swift (in target 'Garten_Simulation' from project 'Garten_Simulation')
    cd /Users/jannikschill/Documents/Garten-Simulation
    

SwiftCompile normal arm64 /Users/jannikschill/Documents/Garten-Simulation/Garten_Simulation/Managers/NotificationManager.swift (in target 'Garten_Simulation' from project 'Garten_Simulation')
    cd /Users/jannikschill/Documents/Garten-Simulation
    

SwiftCompile normal arm64 /Users/jannikschill/Documents/Garten-Simulation/Garten_Simulation/Managers/QuickActionManager.swift (in target 'Garten_Simulation' from project 'Garten_Simulation')
    cd /Users/jannikschill/Documents/Garten-Simulation
    

SwiftCompile normal arm64 /Users/jannikschill/Documents/Garten-Simulation/Garten_Simulation/Managers/ScreenTimeManager.swift (in target 'Garten_Simulation' from project 'Garten_Simulation')
    cd /Users/jannikschill/Documents/Garten-Simulation
    

SwiftCompile normal arm64 /Users/jannikschill/Documents/Garten-Simulation/Garten_Simulation/Managers/SharedUserDefaults.swift (in target 'Garten_Simulation' from project 'Garten_Simulation')
    cd /Users/jannikschill/Documents/Garten-Simulation
    

SwiftCompile normal arm64 /Users/jannikschill/Documents/Garten-Simulation/Garten_Simulation/Managers/WaterGoalManager.swift (in target 'Garten_Simulation' from project 'Garten_Simulation')
    cd /Users/jannikschill/Documents/Garten-Simulation
    

SwiftCompile normal arm64 /Users/jannikschill/Documents/Garten-Simulation/Garten_Simulation/Models/AssessmentInsightGenerator.swift (in target 'Garten_Simulation' from project 'Garten_Simulation')
    cd /Users/jannikschill/Documents/Garten-Simulation
    

SwiftCompile normal arm64 /Users/jannikschill/Documents/Garten-Simulation/Garten_Simulation/Models/AssessmentModel.swift (in target 'Garten_Simulation' from project 'Garten_Simulation')
    cd /Users/jannikschill/Documents/Garten-Simulation
    

SwiftCompile normal arm64 /Users/jannikschill/Documents/Garten-Simulation/Garten_Simulation/Models/AssessmentResult+Detailed.swift (in target 'Garten_Simulation' from project 'Garten_Simulation')
    cd /Users/jannikschill/Documents/Garten-Simulation
    

SwiftCompile normal arm64 /Users/jannikschill/Documents/Garten-Simulation/Garten_Simulation/Models/CalendarEventPayload.swift (in target 'Garten_Simulation' from project 'Garten_Simulation')
    cd /Users/jannikschill/Documents/Garten-Simulation
    

SwiftCompile normal arm64 /Users/jannikschill/Documents/Garten-Simulation/Garten_Simulation/Models/CalendarManager.swift (in target 'Garten_Simulation' from project 'Garten_Simulation')
    cd /Users/jannikschill/Documents/Garten-Simulation
    

SwiftCompile normal arm64 /Users/jannikschill/Documents/Garten-Simulation/Garten_Simulation/Models/CharacterModel.swift (in target 'Garten_Simulation' from project 'Garten_Simulation')
    cd /Users/jannikschill/Documents/Garten-Simulation
    

SwiftCompile normal arm64 /Users/jannikschill/Documents/Garten-Simulation/Garten_Simulation/Models/CoinTransaction.swift (in target 'Garten_Simulation' from project 'Garten_Simulation')
    cd /Users/jannikschill/Documents/Garten-Simulation
    

SwiftCompile normal arm64 /Users/jannikschill/Documents/Garten-Simulation/Garten_Simulation/Models/DailyProgressEntry.swift (in target 'Garten_Simulation' from project 'Garten_Simulation')
    cd /Users/jannikschill/Documents/Garten-Simulation
    

SwiftCompile normal arm64 /Users/jannikschill/Documents/Garten-Simulation/Garten_Simulation/Models/DecorationModels.swift (in target 'Garten_Simulation' from project 'Garten_Simulation')
    cd /Users/jannikschill/Documents/Garten-Simulation
    

SwiftCompile normal arm64 /Users/jannikschill/Documents/Garten-Simulation/Garten_Simulation/Models/ErfolgModel.swift (in target 'Garten_Simulation' from project 'Garten_Simulation')
    cd /Users/jannikschill/Documents/Garten-Simulation
    

SwiftCompile normal arm64 /Users/jannikschill/Documents/Garten-Simulation/Garten_Simulation/Models/FeatureFlags.swift (in target 'Garten_Simulation' from project 'Garten_Simulation')
    cd /Users/jannikschill/Documents/Garten-Simulation
    

SwiftCompile normal arm64 /Users/jannikschill/Documents/Garten-Simulation/Garten_Simulation/Models/FeedbackRating.swift (in target 'Garten_Simulation' from project 'Garten_Simulation')
    cd /Users/jannikschill/Documents/Garten-Simulation
    

SwiftCompile normal arm64 /Users/jannikschill/Documents/Garten-Simulation/Garten_Simulation/Models/FeedbackScoringEngine.swift (in target 'Garten_Simulation' from project 'Garten_Simulation')
    cd /Users/jannikschill/Documents/Garten-Simulation
    

SwiftCompile normal arm64 /Users/jannikschill/Documents/Garten-Simulation/Garten_Simulation/Models/FocusSessionLog.swift (in target 'Garten_Simulation' from project 'Garten_Simulation')
    cd /Users/jannikschill/Documents/Garten-Simulation
    

SwiftCompile normal arm64 Compiling\ OnboardingData.swift,\ OnboardingFertigView.swift,\ OnboardingIgelView.swift,\ OnboardingInteractiveTutorialView.swift,\ OnboardingLegalView.swift,\ OnboardingNotificationView.swift,\ OnboardingPflanzenView.swift,\ OnboardingProgressBar.swift,\ OnboardingScreenTimeView.swift,\ OnboardingTutorialWeedView.swift,\ OnboardingView.swift,\ OnboardingWillkommenView.swift,\ OnboardingZeitView.swift,\ OnboardingZielModel.swift,\ OnboardingZielView.swift,\ WeeklyGoalOnboardingView.swift,\ AchievementStore.swift,\ AssessmentStore.swift,\ FeedbackStore.swift,\ GardenStore.swift,\ GoalStore.swift /Users/jannikschill/Documents/Garten-Simulation/Garten_Simulation/Onboarding/OnboardingData.swift /Users/jannikschill/Documents/Garten-Simulation/Garten_Simulation/Onboarding/OnboardingFertigView.swift /Users/jannikschill/Documents/Garten-Simulation/Garten_Simulation/Onboarding/OnboardingIgelView.swift /Users/jannikschill/Documents/Garten-Simulation/Garten_Simulation/Onboarding/OnboardingInteractiveTutorialView.swift /Users/jannikschill/Documents/Garten-Simulation/Garten_Simulation/Onboarding/OnboardingLegalView.swift /Users/jannikschill/Documents/Garten-Simulation/Garten_Simulation/Onboarding/OnboardingNotificationView.swift /Users/jannikschill/Documents/Garten-Simulation/Garten_Simulation/Onboarding/OnboardingPflanzenView.swift /Users/jannikschill/Documents/Garten-Simulation/Garten_Simulation/Onboarding/OnboardingProgressBar.swift /Users/jannikschill/Documents/Garten-Simulation/Garten_Simulation/Onboarding/OnboardingScreenTimeView.swift /Users/jannikschill/Documents/Garten-Simulation/Garten_Simulation/Onboarding/OnboardingTutorialWeedView.swift /Users/jannikschill/Documents/Garten-Simulation/Garten_Simulation/Onboarding/OnboardingView.swift /Users/jannikschill/Documents/Garten-Simulation/Garten_Simulation/Onboarding/OnboardingWillkommenView.swift /Users/jannikschill/Documents/Garten-Simulation/Garten_Simulation/Onboarding/OnboardingZeitView.swift /Users/jannikschill/Documents/Garten-Simulation/Garten_Simulation/Onboarding/OnboardingZielModel.swift /Users/jannikschill/Documents/Garten-Simulation/Garten_Simulation/Onboarding/OnboardingZielView.swift /Users/jannikschill/Documents/Garten-Simulation/Garten_Simulation/Onboarding/WeeklyGoalOnboardingView.swift /Users/jannikschill/Documents/Garten-Simulation/Garten_Simulation/Stores/AchievementStore.swift /Users/jannikschill/Documents/Garten-Simulation/Garten_Simulation/Stores/AssessmentStore.swift /Users/jannikschill/Documents/Garten-Simulation/Garten_Simulation/Stores/FeedbackStore.swift /Users/jannikschill/Documents/Garten-Simulation/Garten_Simulation/Stores/GardenStore.swift /Users/jannikschill/Documents/Garten-Simulation/Garten_Simulation/Stores/GoalStore.swift (in target 'Garten_Simulation' from project 'Garten_Simulation')

SwiftCompile normal arm64 /Users/jannikschill/Documents/Garten-Simulation/Garten_Simulation/Onboarding/OnboardingData.swift (in target 'Garten_Simulation' from project 'Garten_Simulation')
    cd /Users/jannikschill/Documents/Garten-Simulation
    

SwiftCompile normal arm64 /Users/jannikschill/Documents/Garten-Simulation/Garten_Simulation/Onboarding/OnboardingFertigView.swift (in target 'Garten_Simulation' from project 'Garten_Simulation')
    cd /Users/jannikschill/Documents/Garten-Simulation
    

SwiftCompile normal arm64 /Users/jannikschill/Documents/Garten-Simulation/Garten_Simulation/Onboarding/OnboardingIgelView.swift (in target 'Garten_Simulation' from project 'Garten_Simulation')
    cd /Users/jannikschill/Documents/Garten-Simulation
    

SwiftCompile normal arm64 /Users/jannikschill/Documents/Garten-Simulation/Garten_Simulation/Onboarding/OnboardingInteractiveTutorialView.swift (in target 'Garten_Simulation' from project 'Garten_Simulation')
    cd /Users/jannikschill/Documents/Garten-Simulation
    

SwiftCompile normal arm64 /Users/jannikschill/Documents/Garten-Simulation/Garten_Simulation/Onboarding/OnboardingLegalView.swift (in target 'Garten_Simulation' from project 'Garten_Simulation')
    cd /Users/jannikschill/Documents/Garten-Simulation
    

SwiftCompile normal arm64 /Users/jannikschill/Documents/Garten-Simulation/Garten_Simulation/Onboarding/OnboardingNotificationView.swift (in target 'Garten_Simulation' from project 'Garten_Simulation')
    cd /Users/jannikschill/Documents/Garten-Simulation
    

SwiftCompile normal arm64 /Users/jannikschill/Documents/Garten-Simulation/Garten_Simulation/Onboarding/OnboardingPflanzenView.swift (in target 'Garten_Simulation' from project 'Garten_Simulation')
    cd /Users/jannikschill/Documents/Garten-Simulation
    

SwiftCompile normal arm64 /Users/jannikschill/Documents/Garten-Simulation/Garten_Simulation/Onboarding/OnboardingProgressBar.swift (in target 'Garten_Simulation' from project 'Garten_Simulation')
    cd /Users/jannikschill/Documents/Garten-Simulation
    

SwiftCompile normal arm64 /Users/jannikschill/Documents/Garten-Simulation/Garten_Simulation/Onboarding/OnboardingScreenTimeView.swift (in target 'Garten_Simulation' from project 'Garten_Simulation')
    cd /Users/jannikschill/Documents/Garten-Simulation
    

SwiftCompile normal arm64 /Users/jannikschill/Documents/Garten-Simulation/Garten_Simulation/Onboarding/OnboardingTutorialWeedView.swift (in target 'Garten_Simulation' from project 'Garten_Simulation')
    cd /Users/jannikschill/Documents/Garten-Simulation
    

SwiftCompile normal arm64 /Users/jannikschill/Documents/Garten-Simulation/Garten_Simulation/Onboarding/OnboardingView.swift (in target 'Garten_Simulation' from project 'Garten_Simulation')
    cd /Users/jannikschill/Documents/Garten-Simulation
    

SwiftCompile normal arm64 /Users/jannikschill/Documents/Garten-Simulation/Garten_Simulation/Onboarding/OnboardingWillkommenView.swift (in target 'Garten_Simulation' from project 'Garten_Simulation')
    cd /Users/jannikschill/Documents/Garten-Simulation
    

SwiftCompile normal arm64 /Users/jannikschill/Documents/Garten-Simulation/Garten_Simulation/Onboarding/OnboardingZeitView.swift (in target 'Garten_Simulation' from project 'Garten_Simulation')
    cd /Users/jannikschill/Documents/Garten-Simulation
    

SwiftCompile normal arm64 /Users/jannikschill/Documents/Garten-Simulation/Garten_Simulation/Onboarding/OnboardingZielModel.swift (in target 'Garten_Simulation' from project 'Garten_Simulation')
    cd /Users/jannikschill/Documents/Garten-Simulation
    

SwiftCompile normal arm64 /Users/jannikschill/Documents/Garten-Simulation/Garten_Simulation/Onboarding/OnboardingZielView.swift (in target 'Garten_Simulation' from project 'Garten_Simulation')
    cd /Users/jannikschill/Documents/Garten-Simulation
    

SwiftCompile normal arm64 /Users/jannikschill/Documents/Garten-Simulation/Garten_Simulation/Onboarding/WeeklyGoalOnboardingView.swift (in target 'Garten_Simulation' from project 'Garten_Simulation')
    cd /Users/jannikschill/Documents/Garten-Simulation
    

SwiftCompile normal arm64 /Users/jannikschill/Documents/Garten-Simulation/Garten_Simulation/Stores/AchievementStore.swift (in target 'Garten_Simulation' from project 'Garten_Simulation')
    cd /Users/jannikschill/Documents/Garten-Simulation
    

SwiftCompile normal arm64 /Users/jannikschill/Documents/Garten-Simulation/Garten_Simulation/Stores/AssessmentStore.swift (in target 'Garten_Simulation' from project 'Garten_Simulation')
    cd /Users/jannikschill/Documents/Garten-Simulation
    

SwiftCompile normal arm64 /Users/jannikschill/Documents/Garten-Simulation/Garten_Simulation/Stores/FeedbackStore.swift (in target 'Garten_Simulation' from project 'Garten_Simulation')
    cd /Users/jannikschill/Documents/Garten-Simulation
    

SwiftCompile normal arm64 /Users/jannikschill/Documents/Garten-Simulation/Garten_Simulation/Stores/GardenStore.swift (in target 'Garten_Simulation' from project 'Garten_Simulation')
    cd /Users/jannikschill/Documents/Garten-Simulation
    

SwiftCompile normal arm64 /Users/jannikschill/Documents/Garten-Simulation/Garten_Simulation/Stores/GoalStore.swift (in target 'Garten_Simulation' from project 'Garten_Simulation')
    cd /Users/jannikschill/Documents/Garten-Simulation
    

SwiftCompile normal arm64 Compiling\ DetailedAssessmentAnalysisView.swift,\ DynamicAssessmentInsightsView.swift,\ ErfolgDetailSheet.swift,\ ErfolgeDetailView.swift,\ ErfolgeInfoSheet.swift,\ ExportImportView.swift,\ FitnessAssessmentViews.swift,\ GenericFocusTimerSetupSheet.swift,\ GrowthAssessmentViews.swift,\ HealthAssessmentViews.swift,\ IgelView.swift,\ LifestyleAssessmentViews.swift,\ MentalAssessmentViews.swift,\ PDFExportConfigView.swift,\ ProfilComponents.swift,\ QuizScreenshotView.swift,\ RadarChartView.swift,\ ResultHabitsCard.swift,\ WasserDetailView.swift,\ WeeklyReportDashboardView.swift,\ XPInfoSheet.swift /Users/jannikschill/Documents/Garten-Simulation/Garten_Simulation/Views/Profile/DetailedAssessmentAnalysisView.swift /Users/jannikschill/Documents/Garten-Simulation/Garten_Simulation/Views/Profile/DynamicAssessmentInsightsView.swift /Users/jannikschill/Documents/Garten-Simulation/Garten_Simulation/Views/Profile/ErfolgDetailSheet.swift /Users/jannikschill/Documents/Garten-Simulation/Garten_Simulation/Views/Profile/ErfolgeDetailView.swift /Users/jannikschill/Documents/Garten-Simulation/Garten_Simulation/Views/Profile/ErfolgeInfoSheet.swift /Users/jannikschill/Documents/Garten-Simulation/Garten_Simulation/Views/Profile/ExportImportView.swift /Users/jannikschill/Documents/Garten-Simulation/Garten_Simulation/Views/Profile/FitnessAssessmentViews.swift /Users/jannikschill/Documents/Garten-Simulation/Garten_Simulation/Views/Profile/GenericFocusTimerSetupSheet.swift /Users/jannikschill/Documents/Garten-Simulation/Garten_Simulation/Views/Profile/GrowthAssessmentViews.swift /Users/jannikschill/Documents/Garten-Simulation/Garten_Simulation/Views/Profile/HealthAssessmentViews.swift /Users/jannikschill/Documents/Garten-Simulation/Garten_Simulation/Views/Profile/IgelView.swift /Users/jannikschill/Documents/Garten-Simulation/Garten_Simulation/Views/Profile/LifestyleAssessmentViews.swift /Users/jannikschill/Documents/Garten-Simulation/Garten_Simulation/Views/Profile/MentalAssessmentViews.swift /Users/jannikschill/Documents/Garten-Simulation/Garten_Simulation/Views/Profile/PDFExportConfigView.swift /Users/jannikschill/Documents/Garten-Simulation/Garten_Simulation/Views/Profile/ProfilComponents.swift /Users/jannikschill/Documents/Garten-Simulation/Garten_Simulation/Views/Profile/QuizScreenshotView.swift /Users/jannikschill/Documents/Garten-Simulation/Garten_Simulation/Views/Profile/RadarChartView.swift /Users/jannikschill/Documents/Garten-Simulation/Garten_Simulation/Views/Profile/ResultHabitsCard.swift /Users/jannikschill/Documents/Garten-Simulation/Garten_Simulation/Views/Profile/WasserDetailView.swift /Users/jannikschill/Documents/Garten-Simulation/Garten_Simulation/Views/Profile/WeeklyReportDashboardView.swift /Users/jannikschill/Documents/Garten-Simulation/Garten_Simulation/Views/Profile/XPInfoSheet.swift (in target 'Garten_Simulation' from project 'Garten_Simulation')

SwiftCompile normal arm64 /Users/jannikschill/Documents/Garten-Simulation/Garten_Simulation/Views/Profile/DetailedAssessmentAnalysisView.swift (in target 'Garten_Simulation' from project 'Garten_Simulation')
    cd /Users/jannikschill/Documents/Garten-Simulation
    

SwiftCompile normal arm64 /Users/jannikschill/Documents/Garten-Simulation/Garten_Simulation/Views/Profile/DynamicAssessmentInsightsView.swift (in target 'Garten_Simulation' from project 'Garten_Simulation')
    cd /Users/jannikschill/Documents/Garten-Simulation
    

SwiftCompile normal arm64 /Users/jannikschill/Documents/Garten-Simulation/Garten_Simulation/Views/Profile/ErfolgDetailSheet.swift (in target 'Garten_Simulation' from project 'Garten_Simulation')
    cd /Users/jannikschill/Documents/Garten-Simulation
    

SwiftCompile normal arm64 /Users/jannikschill/Documents/Garten-Simulation/Garten_Simulation/Views/Profile/ErfolgeDetailView.swift (in target 'Garten_Simulation' from project 'Garten_Simulation')
    cd /Users/jannikschill/Documents/Garten-Simulation
    

SwiftCompile normal arm64 /Users/jannikschill/Documents/Garten-Simulation/Garten_Simulation/Views/Profile/ErfolgeInfoSheet.swift (in target 'Garten_Simulation' from project 'Garten_Simulation')
    cd /Users/jannikschill/Documents/Garten-Simulation
    

SwiftCompile normal arm64 /Users/jannikschill/Documents/Garten-Simulation/Garten_Simulation/Views/Profile/ExportImportView.swift (in target 'Garten_Simulation' from project 'Garten_Simulation')
    cd /Users/jannikschill/Documents/Garten-Simulation
    

SwiftCompile normal arm64 /Users/jannikschill/Documents/Garten-Simulation/Garten_Simulation/Views/Profile/FitnessAssessmentViews.swift (in target 'Garten_Simulation' from project 'Garten_Simulation')
    cd /Users/jannikschill/Documents/Garten-Simulation
    

SwiftCompile normal arm64 /Users/jannikschill/Documents/Garten-Simulation/Garten_Simulation/Views/Profile/GenericFocusTimerSetupSheet.swift (in target 'Garten_Simulation' from project 'Garten_Simulation')
    cd /Users/jannikschill/Documents/Garten-Simulation
    

SwiftCompile normal arm64 /Users/jannikschill/Documents/Garten-Simulation/Garten_Simulation/Views/Profile/GrowthAssessmentViews.swift (in target 'Garten_Simulation' from project 'Garten_Simulation')
    cd /Users/jannikschill/Documents/Garten-Simulation
    

SwiftCompile normal arm64 /Users/jannikschill/Documents/Garten-Simulation/Garten_Simulation/Views/Profile/HealthAssessmentViews.swift (in target 'Garten_Simulation' from project 'Garten_Simulation')
    cd /Users/jannikschill/Documents/Garten-Simulation
    

SwiftCompile normal arm64 /Users/jannikschill/Documents/Garten-Simulation/Garten_Simulation/Views/Profile/IgelView.swift (in target 'Garten_Simulation' from project 'Garten_Simulation')
    cd /Users/jannikschill/Documents/Garten-Simulation
    

SwiftCompile normal arm64 /Users/jannikschill/Documents/Garten-Simulation/Garten_Simulation/Views/Profile/LifestyleAssessmentViews.swift (in target 'Garten_Simulation' from project 'Garten_Simulation')
    cd /Users/jannikschill/Documents/Garten-Simulation
    

SwiftCompile normal arm64 /Users/jannikschill/Documents/Garten-Simulation/Garten_Simulation/Views/Profile/MentalAssessmentViews.swift (in target 'Garten_Simulation' from project 'Garten_Simulation')
    cd /Users/jannikschill/Documents/Garten-Simulation
    

SwiftCompile normal arm64 /Users/jannikschill/Documents/Garten-Simulation/Garten_Simulation/Views/Profile/PDFExportConfigView.swift (in target 'Garten_Simulation' from project 'Garten_Simulation')
    cd /Users/jannikschill/Documents/Garten-Simulation
    

SwiftCompile normal arm64 /Users/jannikschill/Documents/Garten-Simulation/Garten_Simulation/Views/Profile/ProfilComponents.swift (in target 'Garten_Simulation' from project 'Garten_Simulation')
    cd /Users/jannikschill/Documents/Garten-Simulation
    

SwiftCompile normal arm64 /Users/jannikschill/Documents/Garten-Simulation/Garten_Simulation/Views/Profile/QuizScreenshotView.swift (in target 'Garten_Simulation' from project 'Garten_Simulation')
    cd /Users/jannikschill/Documents/Garten-Simulation
    

SwiftCompile normal arm64 /Users/jannikschill/Documents/Garten-Simulation/Garten_Simulation/Views/Profile/RadarChartView.swift (in target 'Garten_Simulation' from project 'Garten_Simulation')
    cd /Users/jannikschill/Documents/Garten-Simulation
    

SwiftCompile normal arm64 /Users/jannikschill/Documents/Garten-Simulation/Garten_Simulation/Views/Profile/ResultHabitsCard.swift (in target 'Garten_Simulation' from project 'Garten_Simulation')
    cd /Users/jannikschill/Documents/Garten-Simulation
    

SwiftCompile normal arm64 /Users/jannikschill/Documents/Garten-Simulation/Garten_Simulation/Views/Profile/WasserDetailView.swift (in target 'Garten_Simulation' from project 'Garten_Simulation')
    cd /Users/jannikschill/Documents/Garten-Simulation
    

SwiftCompile normal arm64 /Users/jannikschill/Documents/Garten-Simulation/Garten_Simulation/Views/Profile/WeeklyReportDashboardView.swift (in target 'Garten_Simulation' from project 'Garten_Simulation')
    cd /Users/jannikschill/Documents/Garten-Simulation
    

SwiftCompile normal arm64 /Users/jannikschill/Documents/Garten-Simulation/Garten_Simulation/Views/Profile/XPInfoSheet.swift (in target 'Garten_Simulation' from project 'Garten_Simulation')
    cd /Users/jannikschill/Documents/Garten-Simulation
    

SwiftCompile normal arm64 Compiling\ ShareSheet.swift,\ SleepRoutineHealthCard.swift,\ StandardNavigationModifier.swift,\ StreakIcon.swift,\ TitelTextView.swift,\ TrashItemCard.swift,\ WasserTrinkenCard.swift,\ WaterDuolingoComponents.swift,\ WeedStackIndicator.swift,\ WeeklyGoalBannerView.swift,\ XPIcon.swift,\ YearGoalBannerView.swift,\ ZoomIndikatorView.swift,\ GameConstants.swift,\ AppStrings.swift,\ Int+Streak.swift,\ NotificationTexts.swift,\ PercentHelper.swift,\ AutoBackupManager.swift,\ DataExportImportManager.swift,\ DeviceActivityManager.swift /Users/jannikschill/Documents/Garten-Simulation/Garten_Simulation/Components/ShareSheet.swift /Users/jannikschill/Documents/Garten-Simulation/Garten_Simulation/Components/SleepRoutineHealthCard.swift /Users/jannikschill/Documents/Garten-Simulation/Garten_Simulation/Components/StandardNavigationModifier.swift /Users/jannikschill/Documents/Garten-Simulation/Garten_Simulation/Components/StreakIcon.swift /Users/jannikschill/Documents/Garten-Simulation/Garten_Simulation/Components/TitelTextView.swift /Users/jannikschill/Documents/Garten-Simulation/Garten_Simulation/Components/TrashItemCard.swift /Users/jannikschill/Documents/Garten-Simulation/Garten_Simulation/Components/WasserTrinkenCard.swift /Users/jannikschill/Documents/Garten-Simulation/Garten_Simulation/Components/WaterDuolingoComponents.swift /Users/jannikschill/Documents/Garten-Simulation/Garten_Simulation/Components/WeedStackIndicator.swift /Users/jannikschill/Documents/Garten-Simulation/Garten_Simulation/Components/WeeklyGoalBannerView.swift /Users/jannikschill/Documents/Garten-Simulation/Garten_Simulation/Components/XPIcon.swift /Users/jannikschill/Documents/Garten-Simulation/Garten_Simulation/Components/YearGoalBannerView.swift /Users/jannikschill/Documents/Garten-Simulation/Garten_Simulation/Components/ZoomIndikatorView.swift /Users/jannikschill/Documents/Garten-Simulation/Garten_Simulation/Config/GameConstants.swift /Users/jannikschill/Documents/Garten-Simulation/Garten_Simulation/Localization/AppStrings.swift /Users/jannikschill/Documents/Garten-Simulation/Garten_Simulation/Localization/Int+Streak.swift /Users/jannikschill/Documents/Garten-Simulation/Garten_Simulation/Localization/NotificationTexts.swift /Users/jannikschill/Documents/Garten-Simulation/Garten_Simulation/Localization/PercentHelper.swift /Users/jannikschill/Documents/Garten-Simulation/Garten_Simulation/Managers/AutoBackupManager.swift /Users/jannikschill/Documents/Garten-Simulation/Garten_Simulation/Managers/DataExportImportManager.swift /Users/jannikschill/Documents/Garten-Simulation/Garten_Simulation/Managers/DeviceActivityManager.swift (in target 'Garten_Simulation' from project 'Garten_Simulation')

SwiftCompile normal arm64 /Users/jannikschill/Documents/Garten-Simulation/Garten_Simulation/Components/ShareSheet.swift (in target 'Garten_Simulation' from project 'Garten_Simulation')
    cd /Users/jannikschill/Documents/Garten-Simulation
    

SwiftCompile normal arm64 /Users/jannikschill/Documents/Garten-Simulation/Garten_Simulation/Components/SleepRoutineHealthCard.swift (in target 'Garten_Simulation' from project 'Garten_Simulation')
    cd /Users/jannikschill/Documents/Garten-Simulation
    

SwiftCompile normal arm64 /Users/jannikschill/Documents/Garten-Simulation/Garten_Simulation/Components/StandardNavigationModifier.swift (in target 'Garten_Simulation' from project 'Garten_Simulation')
    cd /Users/jannikschill/Documents/Garten-Simulation
    

SwiftCompile normal arm64 /Users/jannikschill/Documents/Garten-Simulation/Garten_Simulation/Components/StreakIcon.swift (in target 'Garten_Simulation' from project 'Garten_Simulation')
    cd /Users/jannikschill/Documents/Garten-Simulation
    

SwiftCompile normal arm64 /Users/jannikschill/Documents/Garten-Simulation/Garten_Simulation/Components/TitelTextView.swift (in target 'Garten_Simulation' from project 'Garten_Simulation')
    cd /Users/jannikschill/Documents/Garten-Simulation
    

SwiftCompile normal arm64 /Users/jannikschill/Documents/Garten-Simulation/Garten_Simulation/Components/TrashItemCard.swift (in target 'Garten_Simulation' from project 'Garten_Simulation')
    cd /Users/jannikschill/Documents/Garten-Simulation
    

SwiftCompile normal arm64 /Users/jannikschill/Documents/Garten-Simulation/Garten_Simulation/Components/WasserTrinkenCard.swift (in target 'Garten_Simulation' from project 'Garten_Simulation')
    cd /Users/jannikschill/Documents/Garten-Simulation
    

SwiftCompile normal arm64 /Users/jannikschill/Documents/Garten-Simulation/Garten_Simulation/Components/WaterDuolingoComponents.swift (in target 'Garten_Simulation' from project 'Garten_Simulation')
    cd /Users/jannikschill/Documents/Garten-Simulation
    

SwiftCompile normal arm64 /Users/jannikschill/Documents/Garten-Simulation/Garten_Simulation/Components/WeedStackIndicator.swift (in target 'Garten_Simulation' from project 'Garten_Simulation')
    cd /Users/jannikschill/Documents/Garten-Simulation
    

SwiftCompile normal arm64 /Users/jannikschill/Documents/Garten-Simulation/Garten_Simulation/Components/WeeklyGoalBannerView.swift (in target 'Garten_Simulation' from project 'Garten_Simulation')
    cd /Users/jannikschill/Documents/Garten-Simulation
    

SwiftCompile normal arm64 /Users/jannikschill/Documents/Garten-Simulation/Garten_Simulation/Components/XPIcon.swift (in target 'Garten_Simulation' from project 'Garten_Simulation')
    cd /Users/jannikschill/Documents/Garten-Simulation
    

SwiftCompile normal arm64 /Users/jannikschill/Documents/Garten-Simulation/Garten_Simulation/Components/YearGoalBannerView.swift (in target 'Garten_Simulation' from project 'Garten_Simulation')
    cd /Users/jannikschill/Documents/Garten-Simulation
    

SwiftCompile normal arm64 /Users/jannikschill/Documents/Garten-Simulation/Garten_Simulation/Components/ZoomIndikatorView.swift (in target 'Garten_Simulation' from project 'Garten_Simulation')
    cd /Users/jannikschill/Documents/Garten-Simulation
    

SwiftCompile normal arm64 /Users/jannikschill/Documents/Garten-Simulation/Garten_Simulation/Config/GameConstants.swift (in target 'Garten_Simulation' from project 'Garten_Simulation')
    cd /Users/jannikschill/Documents/Garten-Simulation
    

SwiftCompile normal arm64 /Users/jannikschill/Documents/Garten-Simulation/Garten_Simulation/Localization/AppStrings.swift (in target 'Garten_Simulation' from project 'Garten_Simulation')
    cd /Users/jannikschill/Documents/Garten-Simulation
    

SwiftCompile normal arm64 /Users/jannikschill/Documents/Garten-Simulation/Garten_Simulation/Localization/Int+Streak.swift (in target 'Garten_Simulation' from project 'Garten_Simulation')
    cd /Users/jannikschill/Documents/Garten-Simulation
    

SwiftCompile normal arm64 /Users/jannikschill/Documents/Garten-Simulation/Garten_Simulation/Localization/NotificationTexts.swift (in target 'Garten_Simulation' from project 'Garten_Simulation')
    cd /Users/jannikschill/Documents/Garten-Simulation
    

SwiftCompile normal arm64 /Users/jannikschill/Documents/Garten-Simulation/Garten_Simulation/Localization/PercentHelper.swift (in target 'Garten_Simulation' from project 'Garten_Simulation')
    cd /Users/jannikschill/Documents/Garten-Simulation
    

SwiftCompile normal arm64 /Users/jannikschill/Documents/Garten-Simulation/Garten_Simulation/Managers/AutoBackupManager.swift (in target 'Garten_Simulation' from project 'Garten_Simulation')
    cd /Users/jannikschill/Documents/Garten-Simulation
    

SwiftCompile normal arm64 /Users/jannikschill/Documents/Garten-Simulation/Garten_Simulation/Managers/DataExportImportManager.swift (in target 'Garten_Simulation' from project 'Garten_Simulation')
    cd /Users/jannikschill/Documents/Garten-Simulation
    

SwiftCompile normal arm64 /Users/jannikschill/Documents/Garten-Simulation/Garten_Simulation/Managers/DeviceActivityManager.swift (in target 'Garten_Simulation' from project 'Garten_Simulation')
    cd /Users/jannikschill/Documents/Garten-Simulation
    

SwiftCompile normal arm64 Compiling\ SettingsDetailView.swift,\ SettingsView.swift,\ ShopItemDetailView.swift,\ SplashScreenView.swift,\ StreakIceInfoPopup.swift,\ StreakIncreaseOverlayView.swift,\ StreakView.swift,\ TitelAuswahlSheet.swift,\ TodosTabView.swift,\ TriggerSelectionSheet.swift,\ UnifiedShopView.swift,\ WeedDetailView.swift,\ WeeklyReviewTeaserPopup.swift,\ WeightTargetEditView.swift,\ WheelOfFortuneView.swift,\ ContentView.swift,\ Garten_SimulationApp.swift,\ ProfilView.swift,\ SeltenheitProgressRing.swift,\ GeneratedAssetSymbols.swift,\ GeneratedStringSymbols_Localizable.swift /Users/jannikschill/Documents/Garten-Simulation/Garten_Simulation/Views/SettingsDetailView.swift /Users/jannikschill/Documents/Garten-Simulation/Garten_Simulation/Views/SettingsView.swift /Users/jannikschill/Documents/Garten-Simulation/Garten_Simulation/Views/ShopItemDetailView.swift /Users/jannikschill/Documents/Garten-Simulation/Garten_Simulation/Views/SplashScreenView.swift /Users/jannikschill/Documents/Garten-Simulation/Garten_Simulation/Views/StreakIceInfoPopup.swift /Users/jannikschill/Documents/Garten-Simulation/Garten_Simulation/Views/StreakIncreaseOverlayView.swift /Users/jannikschill/Documents/Garten-Simulation/Garten_Simulation/Views/StreakView.swift /Users/jannikschill/Documents/Garten-Simulation/Garten_Simulation/Views/TitelAuswahlSheet.swift /Users/jannikschill/Documents/Garten-Simulation/Garten_Simulation/Views/TodosTabView.swift /Users/jannikschill/Documents/Garten-Simulation/Garten_Simulation/Views/TriggerSelectionSheet.swift /Users/jannikschill/Documents/Garten-Simulation/Garten_Simulation/Views/UnifiedShopView.swift /Users/jannikschill/Documents/Garten-Simulation/Garten_Simulation/Views/WeedDetailView.swift /Users/jannikschill/Documents/Garten-Simulation/Garten_Simulation/Views/WeeklyReviewTeaserPopup.swift /Users/jannikschill/Documents/Garten-Simulation/Garten_Simulation/Views/WeightTargetEditView.swift /Users/jannikschill/Documents/Garten-Simulation/Garten_Simulation/Views/WheelOfFortuneView.swift /Users/jannikschill/Documents/Garten-Simulation/Garten_Simulation/ContentView.swift /Users/jannikschill/Documents/Garten-Simulation/Garten_Simulation/Garten_SimulationApp.swift /Users/jannikschill/Documents/Garten-Simulation/Garten_Simulation/ProfilView.swift /Users/jannikschill/Documents/Garten-Simulation/SeltenheitProgressRing.swift /Users/jannikschill/Library/Developer/Xcode/DerivedData/Garten_Simulation-eroxfyrnurmsaraojtkexlvtomxb/Build/Intermediates.noindex/Garten_Simulation.build/Debug-iphoneos/Garten_Simulation.build/DerivedSources/GeneratedAssetSymbols.swift /Users/jannikschill/Library/Developer/Xcode/DerivedData/Garten_Simulation-eroxfyrnurmsaraojtkexlvtomxb/Build/Intermediates.noindex/Garten_Simulation.build/Debug-iphoneos/Garten_Simulation.build/DerivedSources/GeneratedStringSymbols_Localizable.swift (in target 'Garten_Simulation' from project 'Garten_Simulation')

SwiftCompile normal arm64 /Users/jannikschill/Documents/Garten-Simulation/Garten_Simulation/Views/SettingsDetailView.swift (in target 'Garten_Simulation' from project 'Garten_Simulation')
    cd /Users/jannikschill/Documents/Garten-Simulation
    

SwiftCompile normal arm64 /Users/jannikschill/Documents/Garten-Simulation/Garten_Simulation/Views/SettingsView.swift (in target 'Garten_Simulation' from project 'Garten_Simulation')
    cd /Users/jannikschill/Documents/Garten-Simulation
    

SwiftCompile normal arm64 /Users/jannikschill/Documents/Garten-Simulation/Garten_Simulation/Views/ShopItemDetailView.swift (in target 'Garten_Simulation' from project 'Garten_Simulation')
    cd /Users/jannikschill/Documents/Garten-Simulation
    

SwiftCompile normal arm64 /Users/jannikschill/Documents/Garten-Simulation/Garten_Simulation/Views/SplashScreenView.swift (in target 'Garten_Simulation' from project 'Garten_Simulation')
    cd /Users/jannikschill/Documents/Garten-Simulation
    

SwiftCompile normal arm64 /Users/jannikschill/Documents/Garten-Simulation/Garten_Simulation/Views/StreakIceInfoPopup.swift (in target 'Garten_Simulation' from project 'Garten_Simulation')
    cd /Users/jannikschill/Documents/Garten-Simulation
    

SwiftCompile normal arm64 /Users/jannikschill/Documents/Garten-Simulation/Garten_Simulation/Views/StreakIncreaseOverlayView.swift (in target 'Garten_Simulation' from project 'Garten_Simulation')
    cd /Users/jannikschill/Documents/Garten-Simulation
    

SwiftCompile normal arm64 /Users/jannikschill/Documents/Garten-Simulation/Garten_Simulation/Views/StreakView.swift (in target 'Garten_Simulation' from project 'Garten_Simulation')
    cd /Users/jannikschill/Documents/Garten-Simulation
    

SwiftCompile normal arm64 /Users/jannikschill/Documents/Garten-Simulation/Garten_Simulation/Views/TitelAuswahlSheet.swift (in target 'Garten_Simulation' from project 'Garten_Simulation')
    cd /Users/jannikschill/Documents/Garten-Simulation
    

SwiftCompile normal arm64 /Users/jannikschill/Documents/Garten-Simulation/Garten_Simulation/Views/TodosTabView.swift (in target 'Garten_Simulation' from project 'Garten_Simulation')
    cd /Users/jannikschill/Documents/Garten-Simulation
    

SwiftCompile normal arm64 /Users/jannikschill/Documents/Garten-Simulation/Garten_Simulation/Views/TriggerSelectionSheet.swift (in target 'Garten_Simulation' from project 'Garten_Simulation')
    cd /Users/jannikschill/Documents/Garten-Simulation
    

SwiftCompile normal arm64 /Users/jannikschill/Documents/Garten-Simulation/Garten_Simulation/Views/UnifiedShopView.swift (in target 'Garten_Simulation' from project 'Garten_Simulation')
    cd /Users/jannikschill/Documents/Garten-Simulation
    

SwiftCompile normal arm64 /Users/jannikschill/Documents/Garten-Simulation/Garten_Simulation/Views/WeedDetailView.swift (in target 'Garten_Simulation' from project 'Garten_Simulation')
    cd /Users/jannikschill/Documents/Garten-Simulation
    

SwiftCompile normal arm64 /Users/jannikschill/Documents/Garten-Simulation/Garten_Simulation/Views/WeeklyReviewTeaserPopup.swift (in target 'Garten_Simulation' from project 'Garten_Simulation')
    cd /Users/jannikschill/Documents/Garten-Simulation
    

SwiftCompile normal arm64 /Users/jannikschill/Documents/Garten-Simulation/Garten_Simulation/Views/WeightTargetEditView.swift (in target 'Garten_Simulation' from project 'Garten_Simulation')
    cd /Users/jannikschill/Documents/Garten-Simulation
    

SwiftCompile normal arm64 /Users/jannikschill/Documents/Garten-Simulation/Garten_Simulation/Views/WheelOfFortuneView.swift (in target 'Garten_Simulation' from project 'Garten_Simulation')
    cd /Users/jannikschill/Documents/Garten-Simulation
    

SwiftCompile normal arm64 /Users/jannikschill/Documents/Garten-Simulation/Garten_Simulation/ContentView.swift (in target 'Garten_Simulation' from project 'Garten_Simulation')
    cd /Users/jannikschill/Documents/Garten-Simulation
    

SwiftCompile normal arm64 /Users/jannikschill/Documents/Garten-Simulation/Garten_Simulation/Garten_SimulationApp.swift (in target 'Garten_Simulation' from project 'Garten_Simulation')
    cd /Users/jannikschill/Documents/Garten-Simulation
    

SwiftCompile normal arm64 /Users/jannikschill/Documents/Garten-Simulation/Garten_Simulation/ProfilView.swift (in target 'Garten_Simulation' from project 'Garten_Simulation')
    cd /Users/jannikschill/Documents/Garten-Simulation
    

SwiftCompile normal arm64 /Users/jannikschill/Documents/Garten-Simulation/SeltenheitProgressRing.swift (in target 'Garten_Simulation' from project 'Garten_Simulation')
    cd /Users/jannikschill/Documents/Garten-Simulation
    

SwiftCompile normal arm64 /Users/jannikschill/Library/Developer/Xcode/DerivedData/Garten_Simulation-eroxfyrnurmsaraojtkexlvtomxb/Build/Intermediates.noindex/Garten_Simulation.build/Debug-iphoneos/Garten_Simulation.build/DerivedSources/GeneratedAssetSymbols.swift (in target 'Garten_Simulation' from project 'Garten_Simulation')
    cd /Users/jannikschill/Documents/Garten-Simulation
    

SwiftCompile normal arm64 /Users/jannikschill/Library/Developer/Xcode/DerivedData/Garten_Simulation-eroxfyrnurmsaraojtkexlvtomxb/Build/Intermediates.noindex/Garten_Simulation.build/Debug-iphoneos/Garten_Simulation.build/DerivedSources/GeneratedStringSymbols_Localizable.swift (in target 'Garten_Simulation' from project 'Garten_Simulation')
    cd /Users/jannikschill/Documents/Garten-Simulation
    

SwiftCompile normal arm64 Compiling\ AnimatedStripesBackground.swift,\ AntiPasteTextEditor.swift,\ AppColors.swift,\ AppTypografie.swift,\ AvatarView.swift,\ BadHabitCard.swift,\ CardParticleEmitterView.swift,\ CardPositionPreference.swift,\ CoinPackCard.swift,\ DailyWateringRingView.swift,\ DashboardCard.swift,\ DragToWater.swift,\ DuolingoButton.swift,\ DuolingoCard.swift,\ DuolingoKaufButton.swift,\ EffektDetailSheet.swift,\ EffektIkonButton.swift,\ ErfolgBadgeView.swift,\ GartenIgelView.swift,\ GartenStatsBar.swift,\ GemsIcon.swift,\ GesundKochenCard.swift /Users/jannikschill/Documents/Garten-Simulation/Garten_Simulation/Components/AnimatedStripesBackground.swift /Users/jannikschill/Documents/Garten-Simulation/Garten_Simulation/Components/AntiPasteTextEditor.swift /Users/jannikschill/Documents/Garten-Simulation/Garten_Simulation/Components/AppColors.swift /Users/jannikschill/Documents/Garten-Simulation/Garten_Simulation/Components/AppTypografie.swift /Users/jannikschill/Documents/Garten-Simulation/Garten_Simulation/Components/AvatarView.swift /Users/jannikschill/Documents/Garten-Simulation/Garten_Simulation/Components/BadHabitCard.swift /Users/jannikschill/Documents/Garten-Simulation/Garten_Simulation/Components/CardParticleEmitterView.swift /Users/jannikschill/Documents/Garten-Simulation/Garten_Simulation/Components/CardPositionPreference.swift /Users/jannikschill/Documents/Garten-Simulation/Garten_Simulation/Components/CoinPackCard.swift /Users/jannikschill/Documents/Garten-Simulation/Garten_Simulation/Components/DailyWateringRingView.swift /Users/jannikschill/Documents/Garten-Simulation/Garten_Simulation/Components/DashboardCard.swift /Users/jannikschill/Documents/Garten-Simulation/Garten_Simulation/Components/DragToWater.swift /Users/jannikschill/Documents/Garten-Simulation/Garten_Simulation/Components/DuolingoButton.swift /Users/jannikschill/Documents/Garten-Simulation/Garten_Simulation/Components/DuolingoCard.swift /Users/jannikschill/Documents/Garten-Simulation/Garten_Simulation/Components/DuolingoKaufButton.swift /Users/jannikschill/Documents/Garten-Simulation/Garten_Simulation/Components/EffektDetailSheet.swift /Users/jannikschill/Documents/Garten-Simulation/Garten_Simulation/Components/EffektIkonButton.swift /Users/jannikschill/Documents/Garten-Simulation/Garten_Simulation/Components/ErfolgBadgeView.swift /Users/jannikschill/Documents/Garten-Simulation/Garten_Simulation/Components/GartenIgelView.swift /Users/jannikschill/Documents/Garten-Simulation/Garten_Simulation/Components/GartenStatsBar.swift /Users/jannikschill/Documents/Garten-Simulation/Garten_Simulation/Components/GemsIcon.swift /Users/jannikschill/Documents/Garten-Simulation/Garten_Simulation/Components/GesundKochenCard.swift (in target 'Garten_Simulation' from project 'Garten_Simulation')

SwiftCompile normal arm64 /Users/jannikschill/Documents/Garten-Simulation/Garten_Simulation/Components/AnimatedStripesBackground.swift (in target 'Garten_Simulation' from project 'Garten_Simulation')
    cd /Users/jannikschill/Documents/Garten-Simulation
    

SwiftCompile normal arm64 /Users/jannikschill/Documents/Garten-Simulation/Garten_Simulation/Components/AntiPasteTextEditor.swift (in target 'Garten_Simulation' from project 'Garten_Simulation')
    cd /Users/jannikschill/Documents/Garten-Simulation
    

SwiftCompile normal arm64 /Users/jannikschill/Documents/Garten-Simulation/Garten_Simulation/Components/AppColors.swift (in target 'Garten_Simulation' from project 'Garten_Simulation')
    cd /Users/jannikschill/Documents/Garten-Simulation
    

SwiftCompile normal arm64 /Users/jannikschill/Documents/Garten-Simulation/Garten_Simulation/Components/AppTypografie.swift (in target 'Garten_Simulation' from project 'Garten_Simulation')
    cd /Users/jannikschill/Documents/Garten-Simulation
    

SwiftCompile normal arm64 /Users/jannikschill/Documents/Garten-Simulation/Garten_Simulation/Components/AvatarView.swift (in target 'Garten_Simulation' from project 'Garten_Simulation')
    cd /Users/jannikschill/Documents/Garten-Simulation
    

SwiftCompile normal arm64 /Users/jannikschill/Documents/Garten-Simulation/Garten_Simulation/Components/BadHabitCard.swift (in target 'Garten_Simulation' from project 'Garten_Simulation')
    cd /Users/jannikschill/Documents/Garten-Simulation
    

SwiftCompile normal arm64 /Users/jannikschill/Documents/Garten-Simulation/Garten_Simulation/Components/CardParticleEmitterView.swift (in target 'Garten_Simulation' from project 'Garten_Simulation')
    cd /Users/jannikschill/Documents/Garten-Simulation
    

SwiftCompile normal arm64 /Users/jannikschill/Documents/Garten-Simulation/Garten_Simulation/Components/CardPositionPreference.swift (in target 'Garten_Simulation' from project 'Garten_Simulation')
    cd /Users/jannikschill/Documents/Garten-Simulation
    

SwiftCompile normal arm64 /Users/jannikschill/Documents/Garten-Simulation/Garten_Simulation/Components/CoinPackCard.swift (in target 'Garten_Simulation' from project 'Garten_Simulation')
    cd /Users/jannikschill/Documents/Garten-Simulation
    

SwiftCompile normal arm64 /Users/jannikschill/Documents/Garten-Simulation/Garten_Simulation/Components/DailyWateringRingView.swift (in target 'Garten_Simulation' from project 'Garten_Simulation')
    cd /Users/jannikschill/Documents/Garten-Simulation
    

SwiftCompile normal arm64 /Users/jannikschill/Documents/Garten-Simulation/Garten_Simulation/Components/DashboardCard.swift (in target 'Garten_Simulation' from project 'Garten_Simulation')
    cd /Users/jannikschill/Documents/Garten-Simulation
    

SwiftCompile normal arm64 /Users/jannikschill/Documents/Garten-Simulation/Garten_Simulation/Components/DragToWater.swift (in target 'Garten_Simulation' from project 'Garten_Simulation')
    cd /Users/jannikschill/Documents/Garten-Simulation
    

SwiftCompile normal arm64 /Users/jannikschill/Documents/Garten-Simulation/Garten_Simulation/Components/DuolingoButton.swift (in target 'Garten_Simulation' from project 'Garten_Simulation')
    cd /Users/jannikschill/Documents/Garten-Simulation
    

SwiftCompile normal arm64 /Users/jannikschill/Documents/Garten-Simulation/Garten_Simulation/Components/DuolingoCard.swift (in target 'Garten_Simulation' from project 'Garten_Simulation')
    cd /Users/jannikschill/Documents/Garten-Simulation
    

SwiftCompile normal arm64 /Users/jannikschill/Documents/Garten-Simulation/Garten_Simulation/Components/DuolingoKaufButton.swift (in target 'Garten_Simulation' from project 'Garten_Simulation')
    cd /Users/jannikschill/Documents/Garten-Simulation
    

SwiftCompile normal arm64 /Users/jannikschill/Documents/Garten-Simulation/Garten_Simulation/Components/EffektDetailSheet.swift (in target 'Garten_Simulation' from project 'Garten_Simulation')
    cd /Users/jannikschill/Documents/Garten-Simulation
    

SwiftCompile normal arm64 /Users/jannikschill/Documents/Garten-Simulation/Garten_Simulation/Components/EffektIkonButton.swift (in target 'Garten_Simulation' from project 'Garten_Simulation')
    cd /Users/jannikschill/Documents/Garten-Simulation
    

SwiftCompile normal arm64 /Users/jannikschill/Documents/Garten-Simulation/Garten_Simulation/Components/ErfolgBadgeView.swift (in target 'Garten_Simulation' from project 'Garten_Simulation')
    cd /Users/jannikschill/Documents/Garten-Simulation
    

SwiftCompile normal arm64 /Users/jannikschill/Documents/Garten-Simulation/Garten_Simulation/Components/GartenIgelView.swift (in target 'Garten_Simulation' from project 'Garten_Simulation')
    cd /Users/jannikschill/Documents/Garten-Simulation
    

SwiftCompile normal arm64 /Users/jannikschill/Documents/Garten-Simulation/Garten_Simulation/Components/GartenStatsBar.swift (in target 'Garten_Simulation' from project 'Garten_Simulation')
    cd /Users/jannikschill/Documents/Garten-Simulation
    

SwiftCompile normal arm64 /Users/jannikschill/Documents/Garten-Simulation/Garten_Simulation/Components/GemsIcon.swift (in target 'Garten_Simulation' from project 'Garten_Simulation')
    cd /Users/jannikschill/Documents/Garten-Simulation
    

SwiftCompile normal arm64 /Users/jannikschill/Documents/Garten-Simulation/Garten_Simulation/Components/GesundKochenCard.swift (in target 'Garten_Simulation' from project 'Garten_Simulation')
    cd /Users/jannikschill/Documents/Garten-Simulation
    

SwiftCompile normal arm64 Compiling\ GlobalDragToWater.swift,\ GlobalDragToWeed.swift,\ GoalEditSheet.swift,\ GoalPointsBannerView.swift,\ GruenerBanner.swift,\ HerzenIcon.swift,\ IsometricGrassBackground.swift,\ IsometricMath.swift,\ Item3DButton.swift,\ Item3DText.swift,\ LiquidGlass.swift,\ LiquidGlassDismissButton.swift,\ LiquidGlassFilterPill.swift,\ LottieView.swift,\ NutrientCategoryDetailView.swift,\ NutrientIndexView.swift,\ ObstGemueseHealthCard.swift,\ PflanzenButton.swift,\ PflanzenCard.swift,\ RarityBackgroundView.swift,\ ScrollToTopButton.swift,\ SeltenheitsBadge.swift /Users/jannikschill/Documents/Garten-Simulation/Garten_Simulation/Components/GlobalDragToWater.swift /Users/jannikschill/Documents/Garten-Simulation/Garten_Simulation/Components/GlobalDragToWeed.swift /Users/jannikschill/Documents/Garten-Simulation/Garten_Simulation/Components/GoalEditSheet.swift /Users/jannikschill/Documents/Garten-Simulation/Garten_Simulation/Components/GoalPointsBannerView.swift /Users/jannikschill/Documents/Garten-Simulation/Garten_Simulation/Components/GruenerBanner.swift /Users/jannikschill/Documents/Garten-Simulation/Garten_Simulation/Components/HerzenIcon.swift /Users/jannikschill/Documents/Garten-Simulation/Garten_Simulation/Components/IsometricGrassBackground.swift /Users/jannikschill/Documents/Garten-Simulation/Garten_Simulation/Components/IsometricMath.swift /Users/jannikschill/Documents/Garten-Simulation/Garten_Simulation/Components/Item3DButton.swift /Users/jannikschill/Documents/Garten-Simulation/Garten_Simulation/Components/Item3DText.swift /Users/jannikschill/Documents/Garten-Simulation/Garten_Simulation/Components/LiquidGlass.swift /Users/jannikschill/Documents/Garten-Simulation/Garten_Simulation/Components/LiquidGlassDismissButton.swift /Users/jannikschill/Documents/Garten-Simulation/Garten_Simulation/Components/LiquidGlassFilterPill.swift /Users/jannikschill/Documents/Garten-Simulation/Garten_Simulation/Components/LottieView.swift /Users/jannikschill/Documents/Garten-Simulation/Garten_Simulation/Components/NutrientCategoryDetailView.swift /Users/jannikschill/Documents/Garten-Simulation/Garten_Simulation/Components/NutrientIndexView.swift /Users/jannikschill/Documents/Garten-Simulation/Garten_Simulation/Components/ObstGemueseHealthCard.swift /Users/jannikschill/Documents/Garten-Simulation/Garten_Simulation/Components/PflanzenButton.swift /Users/jannikschill/Documents/Garten-Simulation/Garten_Simulation/Components/PflanzenCard.swift /Users/jannikschill/Documents/Garten-Simulation/Garten_Simulation/Components/RarityBackgroundView.swift /Users/jannikschill/Documents/Garten-Simulation/Garten_Simulation/Components/ScrollToTopButton.swift /Users/jannikschill/Documents/Garten-Simulation/Garten_Simulation/Components/SeltenheitsBadge.swift (in target 'Garten_Simulation' from project 'Garten_Simulation')

SwiftCompile normal arm64 /Users/jannikschill/Documents/Garten-Simulation/Garten_Simulation/Components/GlobalDragToWater.swift (in target 'Garten_Simulation' from project 'Garten_Simulation')
    cd /Users/jannikschill/Documents/Garten-Simulation
    

SwiftCompile normal arm64 /Users/jannikschill/Documents/Garten-Simulation/Garten_Simulation/Components/GlobalDragToWeed.swift (in target 'Garten_Simulation' from project 'Garten_Simulation')
    cd /Users/jannikschill/Documents/Garten-Simulation
    

SwiftCompile normal arm64 /Users/jannikschill/Documents/Garten-Simulation/Garten_Simulation/Components/GoalEditSheet.swift (in target 'Garten_Simulation' from project 'Garten_Simulation')
    cd /Users/jannikschill/Documents/Garten-Simulation
    

SwiftCompile normal arm64 /Users/jannikschill/Documents/Garten-Simulation/Garten_Simulation/Components/GoalPointsBannerView.swift (in target 'Garten_Simulation' from project 'Garten_Simulation')
    cd /Users/jannikschill/Documents/Garten-Simulation
    

SwiftCompile normal arm64 /Users/jannikschill/Documents/Garten-Simulation/Garten_Simulation/Components/GruenerBanner.swift (in target 'Garten_Simulation' from project 'Garten_Simulation')
    cd /Users/jannikschill/Documents/Garten-Simulation
    

SwiftCompile normal arm64 /Users/jannikschill/Documents/Garten-Simulation/Garten_Simulation/Components/HerzenIcon.swift (in target 'Garten_Simulation' from project 'Garten_Simulation')
    cd /Users/jannikschill/Documents/Garten-Simulation
    

SwiftCompile normal arm64 /Users/jannikschill/Documents/Garten-Simulation/Garten_Simulation/Components/IsometricGrassBackground.swift (in target 'Garten_Simulation' from project 'Garten_Simulation')
    cd /Users/jannikschill/Documents/Garten-Simulation
    

SwiftCompile normal arm64 /Users/jannikschill/Documents/Garten-Simulation/Garten_Simulation/Components/IsometricMath.swift (in target 'Garten_Simulation' from project 'Garten_Simulation')
    cd /Users/jannikschill/Documents/Garten-Simulation
    

SwiftCompile normal arm64 /Users/jannikschill/Documents/Garten-Simulation/Garten_Simulation/Components/Item3DButton.swift (in target 'Garten_Simulation' from project 'Garten_Simulation')
    cd /Users/jannikschill/Documents/Garten-Simulation
    

SwiftCompile normal arm64 /Users/jannikschill/Documents/Garten-Simulation/Garten_Simulation/Components/Item3DText.swift (in target 'Garten_Simulation' from project 'Garten_Simulation')
    cd /Users/jannikschill/Documents/Garten-Simulation
    

SwiftCompile normal arm64 /Users/jannikschill/Documents/Garten-Simulation/Garten_Simulation/Components/LiquidGlass.swift (in target 'Garten_Simulation' from project 'Garten_Simulation')
    cd /Users/jannikschill/Documents/Garten-Simulation
    

SwiftCompile normal arm64 /Users/jannikschill/Documents/Garten-Simulation/Garten_Simulation/Components/LiquidGlassDismissButton.swift (in target 'Garten_Simulation' from project 'Garten_Simulation')
    cd /Users/jannikschill/Documents/Garten-Simulation
    

SwiftCompile normal arm64 /Users/jannikschill/Documents/Garten-Simulation/Garten_Simulation/Components/LiquidGlassFilterPill.swift (in target 'Garten_Simulation' from project 'Garten_Simulation')
    cd /Users/jannikschill/Documents/Garten-Simulation
    

SwiftCompile normal arm64 /Users/jannikschill/Documents/Garten-Simulation/Garten_Simulation/Components/LottieView.swift (in target 'Garten_Simulation' from project 'Garten_Simulation')
    cd /Users/jannikschill/Documents/Garten-Simulation
    

SwiftCompile normal arm64 /Users/jannikschill/Documents/Garten-Simulation/Garten_Simulation/Components/NutrientCategoryDetailView.swift (in target 'Garten_Simulation' from project 'Garten_Simulation')
    cd /Users/jannikschill/Documents/Garten-Simulation
    

SwiftCompile normal arm64 /Users/jannikschill/Documents/Garten-Simulation/Garten_Simulation/Components/NutrientIndexView.swift (in target 'Garten_Simulation' from project 'Garten_Simulation')
    cd /Users/jannikschill/Documents/Garten-Simulation
    

SwiftCompile normal arm64 /Users/jannikschill/Documents/Garten-Simulation/Garten_Simulation/Components/ObstGemueseHealthCard.swift (in target 'Garten_Simulation' from project 'Garten_Simulation')
    cd /Users/jannikschill/Documents/Garten-Simulation
    

SwiftCompile normal arm64 /Users/jannikschill/Documents/Garten-Simulation/Garten_Simulation/Components/PflanzenButton.swift (in target 'Garten_Simulation' from project 'Garten_Simulation')
    cd /Users/jannikschill/Documents/Garten-Simulation
    

SwiftCompile normal arm64 /Users/jannikschill/Documents/Garten-Simulation/Garten_Simulation/Components/PflanzenCard.swift (in target 'Garten_Simulation' from project 'Garten_Simulation')
    cd /Users/jannikschill/Documents/Garten-Simulation
    

SwiftCompile normal arm64 /Users/jannikschill/Documents/Garten-Simulation/Garten_Simulation/Components/RarityBackgroundView.swift (in target 'Garten_Simulation' from project 'Garten_Simulation')
    cd /Users/jannikschill/Documents/Garten-Simulation
    

SwiftCompile normal arm64 /Users/jannikschill/Documents/Garten-Simulation/Garten_Simulation/Components/ScrollToTopButton.swift (in target 'Garten_Simulation' from project 'Garten_Simulation')
    cd /Users/jannikschill/Documents/Garten-Simulation
    

SwiftCompile normal arm64 /Users/jannikschill/Documents/Garten-Simulation/Garten_Simulation/Components/SeltenheitsBadge.swift (in target 'Garten_Simulation' from project 'Garten_Simulation')
    cd /Users/jannikschill/Documents/Garten-Simulation
    

SwiftDriverJobDiscovery normal arm64 Compiling PflanzenSeltenheit.swift, PflanzenStufe.swift, PlayerTitle.swift, RetentionGrund.swift, ShopDetailPayload.swift, SkillModels.swift, StatsHelper.swift, StatsPeriod.swift, TrashCategory.swift, TrashItem.swift, WaterEntry.swift, WeedCrisisState.swift, WeedLogic.swift, WeedPatch.swift, WeeklyStatsManager.swift, WeightTrendEngine.swift, MonitorExtension.swift, ConfettiParticleView.swift, FloatingBackgroundView.swift, GoalOnboardingView.swift, OnboardingCustomPlantView.swift (in target 'Garten_Simulation' from project 'Garten_Simulation')

LinkStoryboards (in target 'Garten_Simulation' from project 'Garten_Simulation')
    cd /Users/jannikschill/Documents/Garten-Simulation
    /Applications/Xcode.app/Contents/Developer/usr/bin/ibtool --errors --warnings --notices --module Grovy --target-device iphone --minimum-deployment-target 17.0 --output-format human-readable-text --link /Users/jannikschill/Library/Developer/Xcode/DerivedData/Garten_Simulation-eroxfyrnurmsaraojtkexlvtomxb/Build/Products/Debug-iphoneos/Grovy.app /Users/jannikschill/Library/Developer/Xcode/DerivedData/Garten_Simulation-eroxfyrnurmsaraojtkexlvtomxb/Build/Intermediates.noindex/Garten_Simulation.build/Debug-iphoneos/Garten_Simulation.build/LaunchScreen.storyboardc

SwiftDriverJobDiscovery normal arm64 Compiling ShareSheet.swift, SleepRoutineHealthCard.swift, StandardNavigationModifier.swift, StreakIcon.swift, TitelTextView.swift, TrashItemCard.swift, WasserTrinkenCard.swift, WaterDuolingoComponents.swift, WeedStackIndicator.swift, WeeklyGoalBannerView.swift, XPIcon.swift, YearGoalBannerView.swift, ZoomIndikatorView.swift, GameConstants.swift, AppStrings.swift, Int+Streak.swift, NotificationTexts.swift, PercentHelper.swift, AutoBackupManager.swift, DataExportImportManager.swift, DeviceActivityManager.swift (in target 'Garten_Simulation' from project 'Garten_Simulation')

SwiftCompile normal arm64 Compiling\ IAPStore.swift,\ InteractiveTourManager.swift,\ SettingsStore.swift,\ ShopStore.swift,\ StreakStore.swift,\ TitelStore.swift,\ DailyFeedbackViewModel.swift,\ StatDetailViewModel.swift,\ WaterTrackerViewModel.swift,\ FocusScreenTimePickerView.swift,\ FocusSessionPreparationStep.swift,\ FocusSessionView.swift,\ FocusSoundControlView.swift,\ MathChallengeView.swift,\ WalkOfShameView.swift,\ WaterSplashParticleView.swift,\ AssessmentView.swift,\ AutoBackupListView.swift,\ CharacterCustomizationView.swift,\ CoinsDetailView.swift,\ CustomPlantCreationView.swift /Users/jannikschill/Documents/Garten-Simulation/Garten_Simulation/Stores/IAPStore.swift /Users/jannikschill/Documents/Garten-Simulation/Garten_Simulation/Stores/InteractiveTourManager.swift /Users/jannikschill/Documents/Garten-Simulation/Garten_Simulation/Stores/SettingsStore.swift /Users/jannikschill/Documents/Garten-Simulation/Garten_Simulation/Stores/ShopStore.swift /Users/jannikschill/Documents/Garten-Simulation/Garten_Simulation/Stores/StreakStore.swift /Users/jannikschill/Documents/Garten-Simulation/Garten_Simulation/Stores/TitelStore.swift /Users/jannikschill/Documents/Garten-Simulation/Garten_Simulation/ViewModels/DailyFeedbackViewModel.swift /Users/jannikschill/Documents/Garten-Simulation/Garten_Simulation/ViewModels/StatDetailViewModel.swift /Users/jannikschill/Documents/Garten-Simulation/Garten_Simulation/ViewModels/WaterTrackerViewModel.swift /Users/jannikschill/Documents/Garten-Simulation/Garten_Simulation/Views/FocusSession/FocusScreenTimePickerView.swift /Users/jannikschill/Documents/Garten-Simulation/Garten_Simulation/Views/FocusSession/FocusSessionPreparationStep.swift /Users/jannikschill/Documents/Garten-Simulation/Garten_Simulation/Views/FocusSession/FocusSessionView.swift /Users/jannikschill/Documents/Garten-Simulation/Garten_Simulation/Views/FocusSession/FocusSoundControlView.swift /Users/jannikschill/Documents/Garten-Simulation/Garten_Simulation/Views/FocusSession/MathChallengeView.swift /Users/jannikschill/Documents/Garten-Simulation/Garten_Simulation/Views/FocusSession/WalkOfShameView.swift /Users/jannikschill/Documents/Garten-Simulation/Garten_Simulation/Views/Particles/WaterSplashParticleView.swift /Users/jannikschill/Documents/Garten-Simulation/Garten_Simulation/Views/Profile/AssessmentView.swift /Users/jannikschill/Documents/Garten-Simulation/Garten_Simulation/Views/Profile/AutoBackupListView.swift /Users/jannikschill/Documents/Garten-Simulation/Garten_Simulation/Views/Profile/CharacterCustomizationView.swift /Users/jannikschill/Documents/Garten-Simulation/Garten_Simulation/Views/Profile/CoinsDetailView.swift /Users/jannikschill/Documents/Garten-Simulation/Garten_Simulation/Views/Profile/CustomPlantCreationView.swift (in target 'Garten_Simulation' from project 'Garten_Simulation')

SwiftCompile normal arm64 /Users/jannikschill/Documents/Garten-Simulation/Garten_Simulation/Stores/IAPStore.swift (in target 'Garten_Simulation' from project 'Garten_Simulation')
    cd /Users/jannikschill/Documents/Garten-Simulation
    

SwiftCompile normal arm64 /Users/jannikschill/Documents/Garten-Simulation/Garten_Simulation/Stores/InteractiveTourManager.swift (in target 'Garten_Simulation' from project 'Garten_Simulation')
    cd /Users/jannikschill/Documents/Garten-Simulation
    

SwiftCompile normal arm64 /Users/jannikschill/Documents/Garten-Simulation/Garten_Simulation/Stores/SettingsStore.swift (in target 'Garten_Simulation' from project 'Garten_Simulation')
    cd /Users/jannikschill/Documents/Garten-Simulation
    

SwiftCompile normal arm64 /Users/jannikschill/Documents/Garten-Simulation/Garten_Simulation/Stores/ShopStore.swift (in target 'Garten_Simulation' from project 'Garten_Simulation')
    cd /Users/jannikschill/Documents/Garten-Simulation
    

SwiftCompile normal arm64 /Users/jannikschill/Documents/Garten-Simulation/Garten_Simulation/Stores/StreakStore.swift (in target 'Garten_Simulation' from project 'Garten_Simulation')
    cd /Users/jannikschill/Documents/Garten-Simulation
    

SwiftCompile normal arm64 /Users/jannikschill/Documents/Garten-Simulation/Garten_Simulation/Stores/TitelStore.swift (in target 'Garten_Simulation' from project 'Garten_Simulation')
    cd /Users/jannikschill/Documents/Garten-Simulation
    

SwiftCompile normal arm64 /Users/jannikschill/Documents/Garten-Simulation/Garten_Simulation/ViewModels/DailyFeedbackViewModel.swift (in target 'Garten_Simulation' from project 'Garten_Simulation')
    cd /Users/jannikschill/Documents/Garten-Simulation
    

SwiftCompile normal arm64 /Users/jannikschill/Documents/Garten-Simulation/Garten_Simulation/ViewModels/StatDetailViewModel.swift (in target 'Garten_Simulation' from project 'Garten_Simulation')
    cd /Users/jannikschill/Documents/Garten-Simulation
    

SwiftCompile normal arm64 /Users/jannikschill/Documents/Garten-Simulation/Garten_Simulation/ViewModels/WaterTrackerViewModel.swift (in target 'Garten_Simulation' from project 'Garten_Simulation')
    cd /Users/jannikschill/Documents/Garten-Simulation
    

SwiftCompile normal arm64 /Users/jannikschill/Documents/Garten-Simulation/Garten_Simulation/Views/FocusSession/FocusScreenTimePickerView.swift (in target 'Garten_Simulation' from project 'Garten_Simulation')
    cd /Users/jannikschill/Documents/Garten-Simulation
    

SwiftCompile normal arm64 /Users/jannikschill/Documents/Garten-Simulation/Garten_Simulation/Views/FocusSession/FocusSessionPreparationStep.swift (in target 'Garten_Simulation' from project 'Garten_Simulation')
    cd /Users/jannikschill/Documents/Garten-Simulation
    

SwiftCompile normal arm64 /Users/jannikschill/Documents/Garten-Simulation/Garten_Simulation/Views/FocusSession/FocusSessionView.swift (in target 'Garten_Simulation' from project 'Garten_Simulation')
    cd /Users/jannikschill/Documents/Garten-Simulation
    

SwiftCompile normal arm64 /Users/jannikschill/Documents/Garten-Simulation/Garten_Simulation/Views/FocusSession/FocusSoundControlView.swift (in target 'Garten_Simulation' from project 'Garten_Simulation')
    cd /Users/jannikschill/Documents/Garten-Simulation
    

SwiftCompile normal arm64 /Users/jannikschill/Documents/Garten-Simulation/Garten_Simulation/Views/FocusSession/MathChallengeView.swift (in target 'Garten_Simulation' from project 'Garten_Simulation')
    cd /Users/jannikschill/Documents/Garten-Simulation
    

SwiftCompile normal arm64 /Users/jannikschill/Documents/Garten-Simulation/Garten_Simulation/Views/FocusSession/WalkOfShameView.swift (in target 'Garten_Simulation' from project 'Garten_Simulation')
    cd /Users/jannikschill/Documents/Garten-Simulation
    

SwiftCompile normal arm64 /Users/jannikschill/Documents/Garten-Simulation/Garten_Simulation/Views/Particles/WaterSplashParticleView.swift (in target 'Garten_Simulation' from project 'Garten_Simulation')
    cd /Users/jannikschill/Documents/Garten-Simulation
    

SwiftCompile normal arm64 /Users/jannikschill/Documents/Garten-Simulation/Garten_Simulation/Views/Profile/AssessmentView.swift (in target 'Garten_Simulation' from project 'Garten_Simulation')
    cd /Users/jannikschill/Documents/Garten-Simulation
    

SwiftCompile normal arm64 /Users/jannikschill/Documents/Garten-Simulation/Garten_Simulation/Views/Profile/AutoBackupListView.swift (in target 'Garten_Simulation' from project 'Garten_Simulation')
    cd /Users/jannikschill/Documents/Garten-Simulation
    

SwiftCompile normal arm64 /Users/jannikschill/Documents/Garten-Simulation/Garten_Simulation/Views/Profile/CharacterCustomizationView.swift (in target 'Garten_Simulation' from project 'Garten_Simulation')
    cd /Users/jannikschill/Documents/Garten-Simulation
    

SwiftCompile normal arm64 /Users/jannikschill/Documents/Garten-Simulation/Garten_Simulation/Views/Profile/CoinsDetailView.swift (in target 'Garten_Simulation' from project 'Garten_Simulation')
    cd /Users/jannikschill/Documents/Garten-Simulation
    

SwiftCompile normal arm64 /Users/jannikschill/Documents/Garten-Simulation/Garten_Simulation/Views/Profile/CustomPlantCreationView.swift (in target 'Garten_Simulation' from project 'Garten_Simulation')
    cd /Users/jannikschill/Documents/Garten-Simulation
    

SwiftDriverJobDiscovery normal arm64 Emitting module for Grovy (in target 'Garten_Simulation' from project 'Garten_Simulation')

SwiftDriver\ Compilation\ Requirements Garten_Simulation normal arm64 com.apple.xcode.tools.swift.compiler (in target 'Garten_Simulation' from project 'Garten_Simulation')
    cd /Users/jannikschill/Documents/Garten-Simulation
    builtin-Swift-Compilation-Requirements -- /Applications/Xcode.app/Contents/Developer/Toolchains/XcodeDefault.xctoolchain/usr/bin/swiftc -module-name Grovy -Onone @/Users/jannikschill/Library/Developer/Xcode/DerivedData/Garten_Simulation-eroxfyrnurmsaraojtkexlvtomxb/Build/Intermediates.noindex/Garten_Simulation.build/Debug-iphoneos/Garten_Simulation.build/Objects-normal/arm64/Grovy.SwiftFileList -DDEBUG -default-isolation\=MainActor -enable-bare-slash-regex -enable-upcoming-feature DisableOutwardActorInference -enable-upcoming-feature InferSendableFromCaptures -enable-upcoming-feature GlobalActorIsolatedTypesUsability -enable-upcoming-feature MemberImportVisibility -enable-upcoming-feature InferIsolatedConformances -enable-upcoming-feature NonisolatedNonsendingByDefault -enable-experimental-feature DebugDescriptionMacro -sdk /Applications/Xcode.app/Contents/Developer/Platforms/iPhoneOS.platform/Developer/SDKs/iPhoneOS26.5.sdk -target arm64-apple-ios17.0 -g -module-cache-path /Users/jannikschill/Library/Developer/Xcode/DerivedData/ModuleCache.noindex -Xfrontend -serialize-debugging-options -enable-testing -index-store-path /Users/jannikschill/Library/Developer/Xcode/DerivedData/Garten_Simulation-eroxfyrnurmsaraojtkexlvtomxb/Index.noindex/DataStore -Xcc -D_LIBCPP_HARDENING_MODE\=_LIBCPP_HARDENING_MODE_DEBUG -swift-version 5 -I /Users/jannikschill/Library/Developer/Xcode/DerivedData/Garten_Simulation-eroxfyrnurmsaraojtkexlvtomxb/Build/Products/Debug-iphoneos -F /Users/jannikschill/Library/Developer/Xcode/DerivedData/Garten_Simulation-eroxfyrnurmsaraojtkexlvtomxb/Build/Products/Debug-iphoneos/PackageFrameworks -F /Users/jannikschill/Library/Developer/Xcode/DerivedData/Garten_Simulation-eroxfyrnurmsaraojtkexlvtomxb/Build/Products/Debug-iphoneos -emit-localized-strings -emit-localized-strings-path /Users/jannikschill/Library/Developer/Xcode/DerivedData/Garten_Simulation-eroxfyrnurmsaraojtkexlvtomxb/Build/Intermediates.noindex/Garten_Simulation.build/Debug-iphoneos/Garten_Simulation.build/Objects-normal/arm64 -c -j12 -enable-batch-mode -incremental -Xcc -ivfsstatcache -Xcc /Users/jannikschill/Library/Developer/Xcode/DerivedData/SDKStatCaches.noindex/iphoneos26.5-23F81a-688ef53f1462e2c8f657fdc38a81448f32daed1954a7d5dd0789fcaf2a9bb78b.sdkstatcache -output-file-map /Users/jannikschill/Library/Developer/Xcode/DerivedData/Garten_Simulation-eroxfyrnurmsaraojtkexlvtomxb/Build/Intermediates.noindex/Garten_Simulation.build/Debug-iphoneos/Garten_Simulation.build/Objects-normal/arm64/Garten_Simulation-OutputFileMap.json -use-frontend-parseable-output -save-temps -no-color-diagnostics -explicit-module-build -module-cache-path /Users/jannikschill/Library/Developer/Xcode/DerivedData/Garten_Simulation-eroxfyrnurmsaraojtkexlvtomxb/Build/Intermediates.noindex/SwiftExplicitPrecompiledModules -clang-scanner-module-cache-path /Users/jannikschill/Library/Developer/Xcode/DerivedData/ModuleCache.noindex -sdk-module-cache-path /Users/jannikschill/Library/Developer/Xcode/DerivedData/ModuleCache.noindex -serialize-diagnostics -emit-dependencies -emit-module -emit-module-path /Users/jannikschill/Library/Developer/Xcode/DerivedData/Garten_Simulation-eroxfyrnurmsaraojtkexlvtomxb/Build/Intermediates.noindex/Garten_Simulation.build/Debug-iphoneos/Garten_Simulation.build/Objects-normal/arm64/Grovy.swiftmodule -validate-clang-modules-once -clang-build-session-file /Users/jannikschill/Library/Developer/Xcode/DerivedData/ModuleCache.noindex/Session.modulevalidation -Xcc -I/Users/jannikschill/Library/Developer/Xcode/DerivedData/Garten_Simulation-eroxfyrnurmsaraojtkexlvtomxb/Build/Intermediates.noindex/Garten_Simulation.build/Debug-iphoneos/Garten_Simulation.build/swift-overrides.hmap -emit-const-values -Xfrontend -const-gather-protocols-file -Xfrontend /Users/jannikschill/Library/Developer/Xcode/DerivedData/Garten_Simulation-eroxfyrnurmsaraojtkexlvtomxb/Build/Intermediates.noindex/Garten_Simulation.build/Debug-iphoneos/Garten_Simulation.build/Objects-normal/arm64/Garten_Simulation_const_extract_protocols.json -Xcc -iquote -Xcc /Users/jannikschill/Library/Developer/Xcode/DerivedData/Garten_Simulation-eroxfyrnurmsaraojtkexlvtomxb/Build/Intermediates.noindex/Garten_Simulation.build/Debug-iphoneos/Garten_Simulation.build/Grovy-generated-files.hmap -Xcc -I/Users/jannikschill/Library/Developer/Xcode/DerivedData/Garten_Simulation-eroxfyrnurmsaraojtkexlvtomxb/Build/Intermediates.noindex/Garten_Simulation.build/Debug-iphoneos/Garten_Simulation.build/Grovy-own-target-headers.hmap -Xcc -I/Users/jannikschill/Library/Developer/Xcode/DerivedData/Garten_Simulation-eroxfyrnurmsaraojtkexlvtomxb/Build/Intermediates.noindex/Garten_Simulation.build/Debug-iphoneos/Garten_Simulation.build/Grovy-all-non-framework-target-headers.hmap -Xcc -ivfsoverlay -Xcc /Users/jannikschill/Library/Developer/Xcode/DerivedData/Garten_Simulation-eroxfyrnurmsaraojtkexlvtomxb/Build/Intermediates.noindex/Garten_Simulation.build/Debug-iphoneos/Garten_Simulation-49394399678d88b76108bd64d45cffb0-VFS-iphoneos/all-product-headers.yaml -Xcc -iquote -Xcc /Users/jannikschill/Library/Developer/Xcode/DerivedData/Garten_Simulation-eroxfyrnurmsaraojtkexlvtomxb/Build/Intermediates.noindex/Garten_Simulation.build/Debug-iphoneos/Garten_Simulation.build/Grovy-project-headers.hmap -Xcc -I/Users/jannikschill/Library/Developer/Xcode/DerivedData/Garten_Simulation-eroxfyrnurmsaraojtkexlvtomxb/Build/Products/Debug-iphoneos/include -Xcc -I/Users/jannikschill/Library/Developer/Xcode/DerivedData/Garten_Simulation-eroxfyrnurmsaraojtkexlvtomxb/Build/Intermediates.noindex/Garten_Simulation.build/Debug-iphoneos/Garten_Simulation.build/DerivedSources-normal/arm64 -Xcc -I/Users/jannikschill/Library/Developer/Xcode/DerivedData/Garten_Simulation-eroxfyrnurmsaraojtkexlvtomxb/Build/Intermediates.noindex/Garten_Simulation.build/Debug-iphoneos/Garten_Simulation.build/DerivedSources/arm64 -Xcc -I/Users/jannikschill/Library/Developer/Xcode/DerivedData/Garten_Simulation-eroxfyrnurmsaraojtkexlvtomxb/Build/Intermediates.noindex/Garten_Simulation.build/Debug-iphoneos/Garten_Simulation.build/DerivedSources -Xcc -DDEBUG\=1 -emit-objc-header -emit-objc-header-path /Users/jannikschill/Library/Developer/Xcode/DerivedData/Garten_Simulation-eroxfyrnurmsaraojtkexlvtomxb/Build/Intermediates.noindex/Garten_Simulation.build/Debug-iphoneos/Garten_Simulation.build/Objects-normal/arm64/Grovy-Swift.h -working-directory /Users/jannikschill/Documents/Garten-Simulation -experimental-emit-module-separately -disable-cmo

SwiftMergeGeneratedHeaders /Users/jannikschill/Library/Developer/Xcode/DerivedData/Garten_Simulation-eroxfyrnurmsaraojtkexlvtomxb/Build/Intermediates.noindex/Garten_Simulation.build/Debug-iphoneos/Garten_Simulation.build/DerivedSources/Grovy-Swift.h /Users/jannikschill/Library/Developer/Xcode/DerivedData/Garten_Simulation-eroxfyrnurmsaraojtkexlvtomxb/Build/Intermediates.noindex/Garten_Simulation.build/Debug-iphoneos/Garten_Simulation.build/Objects-normal/arm64/Grovy-Swift.h (in target 'Garten_Simulation' from project 'Garten_Simulation')
    cd /Users/jannikschill/Documents/Garten-Simulation
    builtin-swiftHeaderTool -arch arm64 /Users/jannikschill/Library/Developer/Xcode/DerivedData/Garten_Simulation-eroxfyrnurmsaraojtkexlvtomxb/Build/Intermediates.noindex/Garten_Simulation.build/Debug-iphoneos/Garten_Simulation.build/Objects-normal/arm64/Grovy-Swift.h -o /Users/jannikschill/Library/Developer/Xcode/DerivedData/Garten_Simulation-eroxfyrnurmsaraojtkexlvtomxb/Build/Intermediates.noindex/Garten_Simulation.build/Debug-iphoneos/Garten_Simulation.build/DerivedSources/Grovy-Swift.h

Copy /Users/jannikschill/Library/Developer/Xcode/DerivedData/Garten_Simulation-eroxfyrnurmsaraojtkexlvtomxb/Build/Products/Debug-iphoneos/Grovy.swiftmodule/arm64-apple-ios.swiftmodule /Users/jannikschill/Library/Developer/Xcode/DerivedData/Garten_Simulation-eroxfyrnurmsaraojtkexlvtomxb/Build/Intermediates.noindex/Garten_Simulation.build/Debug-iphoneos/Garten_Simulation.build/Objects-normal/arm64/Grovy.swiftmodule (in target 'Garten_Simulation' from project 'Garten_Simulation')
    cd /Users/jannikschill/Documents/Garten-Simulation
    builtin-copy -exclude .DS_Store -exclude CVS -exclude .svn -exclude .git -exclude .hg -resolve-src-symlinks -rename /Users/jannikschill/Library/Developer/Xcode/DerivedData/Garten_Simulation-eroxfyrnurmsaraojtkexlvtomxb/Build/Intermediates.noindex/Garten_Simulation.build/Debug-iphoneos/Garten_Simulation.build/Objects-normal/arm64/Grovy.swiftmodule /Users/jannikschill/Library/Developer/Xcode/DerivedData/Garten_Simulation-eroxfyrnurmsaraojtkexlvtomxb/Build/Products/Debug-iphoneos/Grovy.swiftmodule/arm64-apple-ios.swiftmodule

Copy /Users/jannikschill/Library/Developer/Xcode/DerivedData/Garten_Simulation-eroxfyrnurmsaraojtkexlvtomxb/Build/Products/Debug-iphoneos/Grovy.swiftmodule/arm64-apple-ios.swiftdoc /Users/jannikschill/Library/Developer/Xcode/DerivedData/Garten_Simulation-eroxfyrnurmsaraojtkexlvtomxb/Build/Intermediates.noindex/Garten_Simulation.build/Debug-iphoneos/Garten_Simulation.build/Objects-normal/arm64/Grovy.swiftdoc (in target 'Garten_Simulation' from project 'Garten_Simulation')
    cd /Users/jannikschill/Documents/Garten-Simulation
    builtin-copy -exclude .DS_Store -exclude CVS -exclude .svn -exclude .git -exclude .hg -resolve-src-symlinks -rename /Users/jannikschill/Library/Developer/Xcode/DerivedData/Garten_Simulation-eroxfyrnurmsaraojtkexlvtomxb/Build/Intermediates.noindex/Garten_Simulation.build/Debug-iphoneos/Garten_Simulation.build/Objects-normal/arm64/Grovy.swiftdoc /Users/jannikschill/Library/Developer/Xcode/DerivedData/Garten_Simulation-eroxfyrnurmsaraojtkexlvtomxb/Build/Products/Debug-iphoneos/Grovy.swiftmodule/arm64-apple-ios.swiftdoc

Copy /Users/jannikschill/Library/Developer/Xcode/DerivedData/Garten_Simulation-eroxfyrnurmsaraojtkexlvtomxb/Build/Products/Debug-iphoneos/Grovy.swiftmodule/arm64-apple-ios.abi.json /Users/jannikschill/Library/Developer/Xcode/DerivedData/Garten_Simulation-eroxfyrnurmsaraojtkexlvtomxb/Build/Intermediates.noindex/Garten_Simulation.build/Debug-iphoneos/Garten_Simulation.build/Objects-normal/arm64/Grovy.abi.json (in target 'Garten_Simulation' from project 'Garten_Simulation')
    cd /Users/jannikschill/Documents/Garten-Simulation
    builtin-copy -exclude .DS_Store -exclude CVS -exclude .svn -exclude .git -exclude .hg -resolve-src-symlinks -rename /Users/jannikschill/Library/Developer/Xcode/DerivedData/Garten_Simulation-eroxfyrnurmsaraojtkexlvtomxb/Build/Intermediates.noindex/Garten_Simulation.build/Debug-iphoneos/Garten_Simulation.build/Objects-normal/arm64/Grovy.abi.json /Users/jannikschill/Library/Developer/Xcode/DerivedData/Garten_Simulation-eroxfyrnurmsaraojtkexlvtomxb/Build/Products/Debug-iphoneos/Grovy.swiftmodule/arm64-apple-ios.abi.json

SwiftDriverJobDiscovery normal arm64 Compiling FeedbackManager.swift, FocusAudioManager.swift, NotificationManager.swift, QuickActionManager.swift, ScreenTimeManager.swift, SharedUserDefaults.swift, WaterGoalManager.swift, AssessmentInsightGenerator.swift, AssessmentModel.swift, AssessmentResult+Detailed.swift, CalendarEventPayload.swift, CalendarManager.swift, CharacterModel.swift, CoinTransaction.swift, DailyProgressEntry.swift, DecorationModels.swift, ErfolgModel.swift, FeatureFlags.swift, FeedbackRating.swift, FeedbackScoringEngine.swift, FocusSessionLog.swift (in target 'Garten_Simulation' from project 'Garten_Simulation')

Copy /Users/jannikschill/Library/Developer/Xcode/DerivedData/Garten_Simulation-eroxfyrnurmsaraojtkexlvtomxb/Build/Products/Debug-iphoneos/Grovy.swiftmodule/Project/arm64-apple-ios.swiftsourceinfo /Users/jannikschill/Library/Developer/Xcode/DerivedData/Garten_Simulation-eroxfyrnurmsaraojtkexlvtomxb/Build/Intermediates.noindex/Garten_Simulation.build/Debug-iphoneos/Garten_Simulation.build/Objects-normal/arm64/Grovy.swiftsourceinfo (in target 'Garten_Simulation' from project 'Garten_Simulation')
    cd /Users/jannikschill/Documents/Garten-Simulation
    builtin-copy -exclude .DS_Store -exclude CVS -exclude .svn -exclude .git -exclude .hg -resolve-src-symlinks -rename /Users/jannikschill/Library/Developer/Xcode/DerivedData/Garten_Simulation-eroxfyrnurmsaraojtkexlvtomxb/Build/Intermediates.noindex/Garten_Simulation.build/Debug-iphoneos/Garten_Simulation.build/Objects-normal/arm64/Grovy.swiftsourceinfo /Users/jannikschill/Library/Developer/Xcode/DerivedData/Garten_Simulation-eroxfyrnurmsaraojtkexlvtomxb/Build/Products/Debug-iphoneos/Grovy.swiftmodule/Project/arm64-apple-ios.swiftsourceinfo

SwiftDriverJobDiscovery normal arm64 Compiling AnimatedStripesBackground.swift, AntiPasteTextEditor.swift, AppColors.swift, AppTypografie.swift, AvatarView.swift, BadHabitCard.swift, CardParticleEmitterView.swift, CardPositionPreference.swift, CoinPackCard.swift, DailyWateringRingView.swift, DashboardCard.swift, DragToWater.swift, DuolingoButton.swift, DuolingoCard.swift, DuolingoKaufButton.swift, EffektDetailSheet.swift, EffektIkonButton.swift, ErfolgBadgeView.swift, GartenIgelView.swift, GartenStatsBar.swift, GemsIcon.swift, GesundKochenCard.swift (in target 'Garten_Simulation' from project 'Garten_Simulation')

SwiftDriverJobDiscovery normal arm64 Compiling FocusSound.swift, FocusTimerRecovery.swift, GameDatabase.swift, GardenActivityAttributes.swift, GartenLevel.swift, GartenTierStufe.swift, GoalModels.swift, GoalPriority.swift, GroovyWidgetDataProvider.swift, GrowthAssessmentModel.swift, HabitModel.swift, HabitProgressionGenerator.swift, HabitProgressionStrategy.swift, HealthManager.swift, IgelCustomization.swift, LifestyleAssessmentModel.swift, MacroCalculator.swift, NutrientIndexManager.swift, PartnerAppBoost.swift, PDFExportManager.swift, PflanzenEffekt.swift (in target 'Garten_Simulation' from project 'Garten_Simulation')

SwiftDriverJobDiscovery normal arm64 Compiling OnboardingData.swift, OnboardingFertigView.swift, OnboardingIgelView.swift, OnboardingInteractiveTutorialView.swift, OnboardingLegalView.swift, OnboardingNotificationView.swift, OnboardingPflanzenView.swift, OnboardingProgressBar.swift, OnboardingScreenTimeView.swift, OnboardingTutorialWeedView.swift, OnboardingView.swift, OnboardingWillkommenView.swift, OnboardingZeitView.swift, OnboardingZielModel.swift, OnboardingZielView.swift, WeeklyGoalOnboardingView.swift, AchievementStore.swift, AssessmentStore.swift, FeedbackStore.swift, GardenStore.swift, GoalStore.swift (in target 'Garten_Simulation' from project 'Garten_Simulation')

SwiftDriverJobDiscovery normal arm64 Compiling GlobalDragToWater.swift, GlobalDragToWeed.swift, GoalEditSheet.swift, GoalPointsBannerView.swift, GruenerBanner.swift, HerzenIcon.swift, IsometricGrassBackground.swift, IsometricMath.swift, Item3DButton.swift, Item3DText.swift, LiquidGlass.swift, LiquidGlassDismissButton.swift, LiquidGlassFilterPill.swift, LottieView.swift, NutrientCategoryDetailView.swift, NutrientIndexView.swift, ObstGemueseHealthCard.swift, PflanzenButton.swift, PflanzenCard.swift, RarityBackgroundView.swift, ScrollToTopButton.swift, SeltenheitsBadge.swift (in target 'Garten_Simulation' from project 'Garten_Simulation')

SwiftDriverJobDiscovery normal arm64 Compiling DailyFeedbackView.swift, WaterTrackerView.swift, BadHabitNoteRowView.swift, BodyDataFactoryView.swift, BodyTrackingWidgetGroup.swift, BonusFloatingTextView.swift, CalendarEventsSheet.swift, CalorieCalculationSheet.swift, CalorieDetailView.swift, CheatPunishmentOverlay.swift, ComebackBoostOverlayView.swift, CreateRoutineCustomToDoSheet.swift, DailyWheelComponents.swift, DecorationInfoSheet.swift, DeveloperView.swift, EditRoutineHabitRow.swift, EditRoutineSheet.swift, FlyingCoinView.swift, GameOverOverlayView.swift, GartenView.swift, GoalLinkView.swift (in target 'Garten_Simulation' from project 'Garten_Simulation')

SwiftDriverJobDiscovery normal arm64 Compiling IAPStore.swift, InteractiveTourManager.swift, SettingsStore.swift, ShopStore.swift, StreakStore.swift, TitelStore.swift, DailyFeedbackViewModel.swift, StatDetailViewModel.swift, WaterTrackerViewModel.swift, FocusScreenTimePickerView.swift, FocusSessionPreparationStep.swift, FocusSessionView.swift, FocusSoundControlView.swift, MathChallengeView.swift, WalkOfShameView.swift, WaterSplashParticleView.swift, AssessmentView.swift, AutoBackupListView.swift, CharacterCustomizationView.swift, CoinsDetailView.swift, CustomPlantCreationView.swift (in target 'Garten_Simulation' from project 'Garten_Simulation')

SwiftDriverJobDiscovery normal arm64 Compiling SettingsDetailView.swift, SettingsView.swift, ShopItemDetailView.swift, SplashScreenView.swift, StreakIceInfoPopup.swift, StreakIncreaseOverlayView.swift, StreakView.swift, TitelAuswahlSheet.swift, TodosTabView.swift, TriggerSelectionSheet.swift, UnifiedShopView.swift, WeedDetailView.swift, WeeklyReviewTeaserPopup.swift, WeightTargetEditView.swift, WheelOfFortuneView.swift, ContentView.swift, Garten_SimulationApp.swift, ProfilView.swift, SeltenheitProgressRing.swift, GeneratedAssetSymbols.swift, GeneratedStringSymbols_Localizable.swift (in target 'Garten_Simulation' from project 'Garten_Simulation')

SwiftDriverJobDiscovery normal arm64 Compiling HabitVerlaufView.swift, HealthChartView.swift, InteractiveTourOverlay.swift, IntradayProgressChartView.swift, InventoryItemDetailSheet.swift, IsoDekoViews.swift, LebenDetailView.swift, MacroDetailView.swift, NeuerTitelOverlay.swift, PaywallView.swift, PflanzeDetailSheet.swift, PlantIconView.swift, ProfileDetailView.swift, PurchaseSuccessOverlay.swift, RarityLevelUpOverlay.swift, RetentionSurveyView.swift, RitualPlantPickerSheet.swift, RoutinenView.swift, RoutineSessionView.swift, ScreenTimeSettingsView.swift, ScreenTimeSuggestionsView.swift (in target 'Garten_Simulation' from project 'Garten_Simulation')

SwiftDriverJobDiscovery normal arm64 Compiling DetailedAssessmentAnalysisView.swift, DynamicAssessmentInsightsView.swift, ErfolgDetailSheet.swift, ErfolgeDetailView.swift, ErfolgeInfoSheet.swift, ExportImportView.swift, FitnessAssessmentViews.swift, GenericFocusTimerSetupSheet.swift, GrowthAssessmentViews.swift, HealthAssessmentViews.swift, IgelView.swift, LifestyleAssessmentViews.swift, MentalAssessmentViews.swift, PDFExportConfigView.swift, ProfilComponents.swift, QuizScreenshotView.swift, RadarChartView.swift, ResultHabitsCard.swift, WasserDetailView.swift, WeeklyReportDashboardView.swift, XPInfoSheet.swift (in target 'Garten_Simulation' from project 'Garten_Simulation')

SwiftDriver\ Compilation Garten_Simulation normal arm64 com.apple.xcode.tools.swift.compiler (in target 'Garten_Simulation' from project 'Garten_Simulation')
    cd /Users/jannikschill/Documents/Garten-Simulation
    builtin-Swift-Compilation -- /Applications/Xcode.app/Contents/Developer/Toolchains/XcodeDefault.xctoolchain/usr/bin/swiftc -module-name Grovy -Onone @/Users/jannikschill/Library/Developer/Xcode/DerivedData/Garten_Simulation-eroxfyrnurmsaraojtkexlvtomxb/Build/Intermediates.noindex/Garten_Simulation.build/Debug-iphoneos/Garten_Simulation.build/Objects-normal/arm64/Grovy.SwiftFileList -DDEBUG -default-isolation\=MainActor -enable-bare-slash-regex -enable-upcoming-feature DisableOutwardActorInference -enable-upcoming-feature InferSendableFromCaptures -enable-upcoming-feature GlobalActorIsolatedTypesUsability -enable-upcoming-feature MemberImportVisibility -enable-upcoming-feature InferIsolatedConformances -enable-upcoming-feature NonisolatedNonsendingByDefault -enable-experimental-feature DebugDescriptionMacro -sdk /Applications/Xcode.app/Contents/Developer/Platforms/iPhoneOS.platform/Developer/SDKs/iPhoneOS26.5.sdk -target arm64-apple-ios17.0 -g -module-cache-path /Users/jannikschill/Library/Developer/Xcode/DerivedData/ModuleCache.noindex -Xfrontend -serialize-debugging-options -enable-testing -index-store-path /Users/jannikschill/Library/Developer/Xcode/DerivedData/Garten_Simulation-eroxfyrnurmsaraojtkexlvtomxb/Index.noindex/DataStore -Xcc -D_LIBCPP_HARDENING_MODE\=_LIBCPP_HARDENING_MODE_DEBUG -swift-version 5 -I /Users/jannikschill/Library/Developer/Xcode/DerivedData/Garten_Simulation-eroxfyrnurmsaraojtkexlvtomxb/Build/Products/Debug-iphoneos -F /Users/jannikschill/Library/Developer/Xcode/DerivedData/Garten_Simulation-eroxfyrnurmsaraojtkexlvtomxb/Build/Products/Debug-iphoneos/PackageFrameworks -F /Users/jannikschill/Library/Developer/Xcode/DerivedData/Garten_Simulation-eroxfyrnurmsaraojtkexlvtomxb/Build/Products/Debug-iphoneos -emit-localized-strings -emit-localized-strings-path /Users/jannikschill/Library/Developer/Xcode/DerivedData/Garten_Simulation-eroxfyrnurmsaraojtkexlvtomxb/Build/Intermediates.noindex/Garten_Simulation.build/Debug-iphoneos/Garten_Simulation.build/Objects-normal/arm64 -c -j12 -enable-batch-mode -incremental -Xcc -ivfsstatcache -Xcc /Users/jannikschill/Library/Developer/Xcode/DerivedData/SDKStatCaches.noindex/iphoneos26.5-23F81a-688ef53f1462e2c8f657fdc38a81448f32daed1954a7d5dd0789fcaf2a9bb78b.sdkstatcache -output-file-map /Users/jannikschill/Library/Developer/Xcode/DerivedData/Garten_Simulation-eroxfyrnurmsaraojtkexlvtomxb/Build/Intermediates.noindex/Garten_Simulation.build/Debug-iphoneos/Garten_Simulation.build/Objects-normal/arm64/Garten_Simulation-OutputFileMap.json -use-frontend-parseable-output -save-temps -no-color-diagnostics -explicit-module-build -module-cache-path /Users/jannikschill/Library/Developer/Xcode/DerivedData/Garten_Simulation-eroxfyrnurmsaraojtkexlvtomxb/Build/Intermediates.noindex/SwiftExplicitPrecompiledModules -clang-scanner-module-cache-path /Users/jannikschill/Library/Developer/Xcode/DerivedData/ModuleCache.noindex -sdk-module-cache-path /Users/jannikschill/Library/Developer/Xcode/DerivedData/ModuleCache.noindex -serialize-diagnostics -emit-dependencies -emit-module -emit-module-path /Users/jannikschill/Library/Developer/Xcode/DerivedData/Garten_Simulation-eroxfyrnurmsaraojtkexlvtomxb/Build/Intermediates.noindex/Garten_Simulation.build/Debug-iphoneos/Garten_Simulation.build/Objects-normal/arm64/Grovy.swiftmodule -validate-clang-modules-once -clang-build-session-file /Users/jannikschill/Library/Developer/Xcode/DerivedData/ModuleCache.noindex/Session.modulevalidation -Xcc -I/Users/jannikschill/Library/Developer/Xcode/DerivedData/Garten_Simulation-eroxfyrnurmsaraojtkexlvtomxb/Build/Intermediates.noindex/Garten_Simulation.build/Debug-iphoneos/Garten_Simulation.build/swift-overrides.hmap -emit-const-values -Xfrontend -const-gather-protocols-file -Xfrontend /Users/jannikschill/Library/Developer/Xcode/DerivedData/Garten_Simulation-eroxfyrnurmsaraojtkexlvtomxb/Build/Intermediates.noindex/Garten_Simulation.build/Debug-iphoneos/Garten_Simulation.build/Objects-normal/arm64/Garten_Simulation_const_extract_protocols.json -Xcc -iquote -Xcc /Users/jannikschill/Library/Developer/Xcode/DerivedData/Garten_Simulation-eroxfyrnurmsaraojtkexlvtomxb/Build/Intermediates.noindex/Garten_Simulation.build/Debug-iphoneos/Garten_Simulation.build/Grovy-generated-files.hmap -Xcc -I/Users/jannikschill/Library/Developer/Xcode/DerivedData/Garten_Simulation-eroxfyrnurmsaraojtkexlvtomxb/Build/Intermediates.noindex/Garten_Simulation.build/Debug-iphoneos/Garten_Simulation.build/Grovy-own-target-headers.hmap -Xcc -I/Users/jannikschill/Library/Developer/Xcode/DerivedData/Garten_Simulation-eroxfyrnurmsaraojtkexlvtomxb/Build/Intermediates.noindex/Garten_Simulation.build/Debug-iphoneos/Garten_Simulation.build/Grovy-all-non-framework-target-headers.hmap -Xcc -ivfsoverlay -Xcc /Users/jannikschill/Library/Developer/Xcode/DerivedData/Garten_Simulation-eroxfyrnurmsaraojtkexlvtomxb/Build/Intermediates.noindex/Garten_Simulation.build/Debug-iphoneos/Garten_Simulation-49394399678d88b76108bd64d45cffb0-VFS-iphoneos/all-product-headers.yaml -Xcc -iquote -Xcc /Users/jannikschill/Library/Developer/Xcode/DerivedData/Garten_Simulation-eroxfyrnurmsaraojtkexlvtomxb/Build/Intermediates.noindex/Garten_Simulation.build/Debug-iphoneos/Garten_Simulation.build/Grovy-project-headers.hmap -Xcc -I/Users/jannikschill/Library/Developer/Xcode/DerivedData/Garten_Simulation-eroxfyrnurmsaraojtkexlvtomxb/Build/Products/Debug-iphoneos/include -Xcc -I/Users/jannikschill/Library/Developer/Xcode/DerivedData/Garten_Simulation-eroxfyrnurmsaraojtkexlvtomxb/Build/Intermediates.noindex/Garten_Simulation.build/Debug-iphoneos/Garten_Simulation.build/DerivedSources-normal/arm64 -Xcc -I/Users/jannikschill/Library/Developer/Xcode/DerivedData/Garten_Simulation-eroxfyrnurmsaraojtkexlvtomxb/Build/Intermediates.noindex/Garten_Simulation.build/Debug-iphoneos/Garten_Simulation.build/DerivedSources/arm64 -Xcc -I/Users/jannikschill/Library/Developer/Xcode/DerivedData/Garten_Simulation-eroxfyrnurmsaraojtkexlvtomxb/Build/Intermediates.noindex/Garten_Simulation.build/Debug-iphoneos/Garten_Simulation.build/DerivedSources -Xcc -DDEBUG\=1 -emit-objc-header -emit-objc-header-path /Users/jannikschill/Library/Developer/Xcode/DerivedData/Garten_Simulation-eroxfyrnurmsaraojtkexlvtomxb/Build/Intermediates.noindex/Garten_Simulation.build/Debug-iphoneos/Garten_Simulation.build/Objects-normal/arm64/Grovy-Swift.h -working-directory /Users/jannikschill/Documents/Garten-Simulation -experimental-emit-module-separately -disable-cmo

Ld /Users/jannikschill/Library/Developer/Xcode/DerivedData/Garten_Simulation-eroxfyrnurmsaraojtkexlvtomxb/Build/Products/Debug-iphoneos/Grovy.app/Grovy.debug.dylib normal (in target 'Garten_Simulation' from project 'Garten_Simulation')
    cd /Users/jannikschill/Documents/Garten-Simulation
    /Applications/Xcode.app/Contents/Developer/Toolchains/XcodeDefault.xctoolchain/usr/bin/clang -Xlinker -reproducible -target arm64-apple-ios17.0 -dynamiclib -isysroot /Applications/Xcode.app/Contents/Developer/Platforms/iPhoneOS.platform/Developer/SDKs/iPhoneOS26.5.sdk -O0 -L/Users/jannikschill/Library/Developer/Xcode/DerivedData/Garten_Simulation-eroxfyrnurmsaraojtkexlvtomxb/Build/Intermediates.noindex/EagerLinkingTBDs/Debug-iphoneos -L/Users/jannikschill/Library/Developer/Xcode/DerivedData/Garten_Simulation-eroxfyrnurmsaraojtkexlvtomxb/Build/Products/Debug-iphoneos -F/Users/jannikschill/Library/Developer/Xcode/DerivedData/Garten_Simulation-eroxfyrnurmsaraojtkexlvtomxb/Build/Intermediates.noindex/EagerLinkingTBDs/Debug-iphoneos -F/Users/jannikschill/Library/Developer/Xcode/DerivedData/Garten_Simulation-eroxfyrnurmsaraojtkexlvtomxb/Build/Products/Debug-iphoneos/PackageFrameworks -F/Users/jannikschill/Library/Developer/Xcode/DerivedData/Garten_Simulation-eroxfyrnurmsaraojtkexlvtomxb/Build/Products/Debug-iphoneos -filelist /Users/jannikschill/Library/Developer/Xcode/DerivedData/Garten_Simulation-eroxfyrnurmsaraojtkexlvtomxb/Build/Intermediates.noindex/Garten_Simulation.build/Debug-iphoneos/Garten_Simulation.build/Objects-normal/arm64/Grovy.LinkFileList -install_name @rpath/Grovy.debug.dylib -Xlinker -rpath -Xlinker /usr/lib/swift -Xlinker -rpath -Xlinker /Users/jannikschill/Library/Developer/Xcode/DerivedData/Garten_Simulation-eroxfyrnurmsaraojtkexlvtomxb/Build/Products/Debug-iphoneos/PackageFrameworks -Xlinker -rpath -Xlinker @executable_path/Frameworks -Xlinker -dead_strip -Xlinker -object_path_lto -Xlinker /Users/jannikschill/Library/Developer/Xcode/DerivedData/Garten_Simulation-eroxfyrnurmsaraojtkexlvtomxb/Build/Intermediates.noindex/Garten_Simulation.build/Debug-iphoneos/Garten_Simulation.build/Objects-normal/arm64/Grovy_lto.o -rdynamic -Xlinker -no_deduplicate -Xlinker -dependency_info -Xlinker /Users/jannikschill/Library/Developer/Xcode/DerivedData/Garten_Simulation-eroxfyrnurmsaraojtkexlvtomxb/Build/Intermediates.noindex/Garten_Simulation.build/Debug-iphoneos/Garten_Simulation.build/Objects-normal/arm64/Grovy_dependency_info.dat -fobjc-link-runtime -L/Applications/Xcode.app/Contents/Developer/Toolchains/XcodeDefault.xctoolchain/usr/lib/swift/iphoneos -L/usr/lib/swift -Xlinker -add_ast_path -Xlinker /Users/jannikschill/Library/Developer/Xcode/DerivedData/Garten_Simulation-eroxfyrnurmsaraojtkexlvtomxb/Build/Intermediates.noindex/Garten_Simulation.build/Debug-iphoneos/Garten_Simulation.build/Objects-normal/arm64/Grovy.swiftmodule @/Users/jannikschill/Library/Developer/Xcode/DerivedData/Garten_Simulation-eroxfyrnurmsaraojtkexlvtomxb/Build/Intermediates.noindex/Garten_Simulation.build/Debug-iphoneos/Garten_Simulation.build/Objects-normal/arm64/Grovy-linker-args.resp -Wl,-no_warn_duplicate_libraries -Xlinker -alias -Xlinker _main -Xlinker ___debug_main_executable_dylib_entry_point -framework StoreKit -framework RiveRuntime -framework DotLottiePlayer -framework DotLottiePlayer -Xlinker -no_adhoc_codesign -o /Users/jannikschill/Library/Developer/Xcode/DerivedData/Garten_Simulation-eroxfyrnurmsaraojtkexlvtomxb/Build/Products/Debug-iphoneos/Grovy.app/Grovy.debug.dylib -Xlinker -add_ast_path -Xlinker /Users/jannikschill/Library/Developer/Xcode/DerivedData/Garten_Simulation-eroxfyrnurmsaraojtkexlvtomxb/Build/Intermediates.noindex/DotLottie.build/Debug-iphoneos/DotLottie.build/Objects-normal/arm64/DotLottie.swiftmodule @/Users/jannikschill/Library/Developer/Xcode/DerivedData/Garten_Simulation-eroxfyrnurmsaraojtkexlvtomxb/Build/Intermediates.noindex/DotLottie.build/Debug-iphoneos/DotLottie.build/Objects-normal/arm64/DotLottie-linker-args.resp

ConstructStubExecutorLinkFileList /Users/jannikschill/Library/Developer/Xcode/DerivedData/Garten_Simulation-eroxfyrnurmsaraojtkexlvtomxb/Build/Intermediates.noindex/Garten_Simulation.build/Debug-iphoneos/Garten_Simulation.build/Grovy-ExecutorLinkFileList-normal-arm64.txt (in target 'Garten_Simulation' from project 'Garten_Simulation')
    cd /Users/jannikschill/Documents/Garten-Simulation
    construct-stub-executor-link-file-list /Users/jannikschill/Library/Developer/Xcode/DerivedData/Garten_Simulation-eroxfyrnurmsaraojtkexlvtomxb/Build/Products/Debug-iphoneos/Grovy.app/Grovy.debug.dylib /Applications/Xcode.app/Contents/Developer/Platforms/iPhoneOS.platform/Developer/usr/lib/libPreviewsJITStubExecutor_no_swift_entry_point.a /Applications/Xcode.app/Contents/Developer/Platforms/iPhoneOS.platform/Developer/usr/lib/libPreviewsJITStubExecutor.a --output /Users/jannikschill/Library/Developer/Xcode/DerivedData/Garten_Simulation-eroxfyrnurmsaraojtkexlvtomxb/Build/Intermediates.noindex/Garten_Simulation.build/Debug-iphoneos/Garten_Simulation.build/Grovy-ExecutorLinkFileList-normal-arm64.txt
note: Using stub executor library with Swift entry point. (in target 'Garten_Simulation' from project 'Garten_Simulation')

Ld /Users/jannikschill/Library/Developer/Xcode/DerivedData/Garten_Simulation-eroxfyrnurmsaraojtkexlvtomxb/Build/Products/Debug-iphoneos/Grovy.app/Grovy normal (in target 'Garten_Simulation' from project 'Garten_Simulation')
    cd /Users/jannikschill/Documents/Garten-Simulation
    /Applications/Xcode.app/Contents/Developer/Toolchains/XcodeDefault.xctoolchain/usr/bin/clang -Xlinker -reproducible -target arm64-apple-ios17.0 -isysroot /Applications/Xcode.app/Contents/Developer/Platforms/iPhoneOS.platform/Developer/SDKs/iPhoneOS26.5.sdk -O0 -L/Users/jannikschill/Library/Developer/Xcode/DerivedData/Garten_Simulation-eroxfyrnurmsaraojtkexlvtomxb/Build/Products/Debug-iphoneos -F/Users/jannikschill/Library/Developer/Xcode/DerivedData/Garten_Simulation-eroxfyrnurmsaraojtkexlvtomxb/Build/Products/Debug-iphoneos/PackageFrameworks -F/Users/jannikschill/Library/Developer/Xcode/DerivedData/Garten_Simulation-eroxfyrnurmsaraojtkexlvtomxb/Build/Products/Debug-iphoneos -Xlinker -rpath -Xlinker @executable_path -Xlinker -rpath -Xlinker /Users/jannikschill/Library/Developer/Xcode/DerivedData/Garten_Simulation-eroxfyrnurmsaraojtkexlvtomxb/Build/Products/Debug-iphoneos/PackageFrameworks -Xlinker -rpath -Xlinker @executable_path/Frameworks -rdynamic -Xlinker -no_deduplicate -e ___debug_blank_executor_main -Xlinker -sectcreate -Xlinker __TEXT -Xlinker __debug_dylib -Xlinker /Users/jannikschill/Library/Developer/Xcode/DerivedData/Garten_Simulation-eroxfyrnurmsaraojtkexlvtomxb/Build/Intermediates.noindex/Garten_Simulation.build/Debug-iphoneos/Garten_Simulation.build/Grovy-DebugDylibPath-normal-arm64.txt -Xlinker -sectcreate -Xlinker __TEXT -Xlinker __debug_instlnm -Xlinker /Users/jannikschill/Library/Developer/Xcode/DerivedData/Garten_Simulation-eroxfyrnurmsaraojtkexlvtomxb/Build/Intermediates.noindex/Garten_Simulation.build/Debug-iphoneos/Garten_Simulation.build/Grovy-DebugDylibInstallName-normal-arm64.txt -Xlinker -filelist -Xlinker /Users/jannikschill/Library/Developer/Xcode/DerivedData/Garten_Simulation-eroxfyrnurmsaraojtkexlvtomxb/Build/Intermediates.noindex/Garten_Simulation.build/Debug-iphoneos/Garten_Simulation.build/Grovy-ExecutorLinkFileList-normal-arm64.txt /Users/jannikschill/Library/Developer/Xcode/DerivedData/Garten_Simulation-eroxfyrnurmsaraojtkexlvtomxb/Build/Products/Debug-iphoneos/Grovy.app/Grovy.debug.dylib -Xlinker -no_adhoc_codesign -o /Users/jannikschill/Library/Developer/Xcode/DerivedData/Garten_Simulation-eroxfyrnurmsaraojtkexlvtomxb/Build/Products/Debug-iphoneos/Grovy.app/Grovy

LinkAssetCatalog /Users/jannikschill/Documents/Garten-Simulation/Garten_Simulation/Assets.xcassets (in target 'Garten_Simulation' from project 'Garten_Simulation')
    cd /Users/jannikschill/Documents/Garten-Simulation
    builtin-linkAssetCatalog --thinned /Users/jannikschill/Library/Developer/Xcode/DerivedData/Garten_Simulation-eroxfyrnurmsaraojtkexlvtomxb/Build/Intermediates.noindex/Garten_Simulation.build/Debug-iphoneos/Garten_Simulation.build/assetcatalog_output/thinned --thinned-dependencies /Users/jannikschill/Library/Developer/Xcode/DerivedData/Garten_Simulation-eroxfyrnurmsaraojtkexlvtomxb/Build/Intermediates.noindex/Garten_Simulation.build/Debug-iphoneos/Garten_Simulation.build/assetcatalog_dependencies_thinned --thinned-info-plist-content /Users/jannikschill/Library/Developer/Xcode/DerivedData/Garten_Simulation-eroxfyrnurmsaraojtkexlvtomxb/Build/Intermediates.noindex/Garten_Simulation.build/Debug-iphoneos/Garten_Simulation.build/assetcatalog_generated_info.plist_thinned --unthinned /Users/jannikschill/Library/Developer/Xcode/DerivedData/Garten_Simulation-eroxfyrnurmsaraojtkexlvtomxb/Build/Intermediates.noindex/Garten_Simulation.build/Debug-iphoneos/Garten_Simulation.build/assetcatalog_output/unthinned --unthinned-dependencies /Users/jannikschill/Library/Developer/Xcode/DerivedData/Garten_Simulation-eroxfyrnurmsaraojtkexlvtomxb/Build/Intermediates.noindex/Garten_Simulation.build/Debug-iphoneos/Garten_Simulation.build/assetcatalog_dependencies_unthinned --unthinned-info-plist-content /Users/jannikschill/Library/Developer/Xcode/DerivedData/Garten_Simulation-eroxfyrnurmsaraojtkexlvtomxb/Build/Intermediates.noindex/Garten_Simulation.build/Debug-iphoneos/Garten_Simulation.build/assetcatalog_generated_info.plist_unthinned --output /Users/jannikschill/Library/Developer/Xcode/DerivedData/Garten_Simulation-eroxfyrnurmsaraojtkexlvtomxb/Build/Products/Debug-iphoneos/Grovy.app --plist-output /Users/jannikschill/Library/Developer/Xcode/DerivedData/Garten_Simulation-eroxfyrnurmsaraojtkexlvtomxb/Build/Intermediates.noindex/Garten_Simulation.build/Debug-iphoneos/Garten_Simulation.build/assetcatalog_generated_info.plist
note: Emplaced /Users/jannikschill/Library/Developer/Xcode/DerivedData/Garten_Simulation-eroxfyrnurmsaraojtkexlvtomxb/Build/Products/Debug-iphoneos/Grovy.app/AppIcon76x76@2x~ipad.png (in target 'Garten_Simulation' from project 'Garten_Simulation')
note: Emplaced /Users/jannikschill/Library/Developer/Xcode/DerivedData/Garten_Simulation-eroxfyrnurmsaraojtkexlvtomxb/Build/Products/Debug-iphoneos/Grovy.app/AppIcon60x60@2x.png (in target 'Garten_Simulation' from project 'Garten_Simulation')
note: Emplaced /Users/jannikschill/Library/Developer/Xcode/DerivedData/Garten_Simulation-eroxfyrnurmsaraojtkexlvtomxb/Build/Products/Debug-iphoneos/Grovy.app/Assets.car (in target 'Garten_Simulation' from project 'Garten_Simulation')

Copy /Users/jannikschill/Library/Developer/Xcode/DerivedData/Garten_Simulation-eroxfyrnurmsaraojtkexlvtomxb/Build/Products/Debug-iphoneos/Grovy.app/PlugIns/GrovyDNSFilter.appex /Users/jannikschill/Library/Developer/Xcode/DerivedData/Garten_Simulation-eroxfyrnurmsaraojtkexlvtomxb/Build/Products/Debug-iphoneos/GrovyDNSFilter.appex (in target 'Garten_Simulation' from project 'Garten_Simulation')
    cd /Users/jannikschill/Documents/Garten-Simulation
    builtin-copy -exclude .DS_Store -exclude CVS -exclude .svn -exclude .git -exclude .hg -exclude Headers -exclude PrivateHeaders -exclude Modules -exclude \*.tbd -resolve-src-symlinks -remove-static-executable /Users/jannikschill/Library/Developer/Xcode/DerivedData/Garten_Simulation-eroxfyrnurmsaraojtkexlvtomxb/Build/Products/Debug-iphoneos/GrovyDNSFilter.appex /Users/jannikschill/Library/Developer/Xcode/DerivedData/Garten_Simulation-eroxfyrnurmsaraojtkexlvtomxb/Build/Products/Debug-iphoneos/Grovy.app/PlugIns

Copy /Users/jannikschill/Library/Developer/Xcode/DerivedData/Garten_Simulation-eroxfyrnurmsaraojtkexlvtomxb/Build/Products/Debug-iphoneos/Grovy.app/PlugIns/GartenWidgetExtension.appex /Users/jannikschill/Library/Developer/Xcode/DerivedData/Garten_Simulation-eroxfyrnurmsaraojtkexlvtomxb/Build/Products/Debug-iphoneos/GartenWidgetExtension.appex (in target 'Garten_Simulation' from project 'Garten_Simulation')
    cd /Users/jannikschill/Documents/Garten-Simulation
    builtin-copy -exclude .DS_Store -exclude CVS -exclude .svn -exclude .git -exclude .hg -exclude Headers -exclude PrivateHeaders -exclude Modules -exclude \*.tbd -resolve-src-symlinks -remove-static-executable /Users/jannikschill/Library/Developer/Xcode/DerivedData/Garten_Simulation-eroxfyrnurmsaraojtkexlvtomxb/Build/Products/Debug-iphoneos/GartenWidgetExtension.appex /Users/jannikschill/Library/Developer/Xcode/DerivedData/Garten_Simulation-eroxfyrnurmsaraojtkexlvtomxb/Build/Products/Debug-iphoneos/Grovy.app/PlugIns

Copy /Users/jannikschill/Library/Developer/Xcode/DerivedData/Garten_Simulation-eroxfyrnurmsaraojtkexlvtomxb/Build/Products/Debug-iphoneos/Grovy.app/PlugIns/ScreenTimeMonitor.appex /Users/jannikschill/Library/Developer/Xcode/DerivedData/Garten_Simulation-eroxfyrnurmsaraojtkexlvtomxb/Build/Products/Debug-iphoneos/ScreenTimeMonitor.appex (in target 'Garten_Simulation' from project 'Garten_Simulation')
    cd /Users/jannikschill/Documents/Garten-Simulation
    builtin-copy -exclude .DS_Store -exclude CVS -exclude .svn -exclude .git -exclude .hg -exclude Headers -exclude PrivateHeaders -exclude Modules -exclude \*.tbd -resolve-src-symlinks -remove-static-executable /Users/jannikschill/Library/Developer/Xcode/DerivedData/Garten_Simulation-eroxfyrnurmsaraojtkexlvtomxb/Build/Products/Debug-iphoneos/ScreenTimeMonitor.appex /Users/jannikschill/Library/Developer/Xcode/DerivedData/Garten_Simulation-eroxfyrnurmsaraojtkexlvtomxb/Build/Products/Debug-iphoneos/Grovy.app/PlugIns

ProcessInfoPlistFile /Users/jannikschill/Library/Developer/Xcode/DerivedData/Garten_Simulation-eroxfyrnurmsaraojtkexlvtomxb/Build/Products/Debug-iphoneos/Grovy.app/Info.plist /Users/jannikschill/Documents/Garten-Simulation/Garten_Simulation/Info.plist (in target 'Garten_Simulation' from project 'Garten_Simulation')
    cd /Users/jannikschill/Documents/Garten-Simulation
    builtin-infoPlistUtility /Users/jannikschill/Documents/Garten-Simulation/Garten_Simulation/Info.plist -producttype com.apple.product-type.application -genpkginfo /Users/jannikschill/Library/Developer/Xcode/DerivedData/Garten_Simulation-eroxfyrnurmsaraojtkexlvtomxb/Build/Products/Debug-iphoneos/Grovy.app/PkgInfo -expandbuildsettings -format binary -platform iphoneos -additionalcontentfile /Users/jannikschill/Library/Developer/Xcode/DerivedData/Garten_Simulation-eroxfyrnurmsaraojtkexlvtomxb/Build/Intermediates.noindex/Garten_Simulation.build/Debug-iphoneos/Garten_Simulation.build/LaunchScreen-SBPartialInfo.plist -additionalcontentfile /Users/jannikschill/Library/Developer/Xcode/DerivedData/Garten_Simulation-eroxfyrnurmsaraojtkexlvtomxb/Build/Intermediates.noindex/Garten_Simulation.build/Debug-iphoneos/Garten_Simulation.build/assetcatalog_generated_info.plist -scanforprivacyfile /Users/jannikschill/Library/Developer/Xcode/DerivedData/Garten_Simulation-eroxfyrnurmsaraojtkexlvtomxb/Build/Products/Debug-iphoneos/Grovy.app/Frameworks/DotLottiePlayer.framework -scanforprivacyfile /Users/jannikschill/Library/Developer/Xcode/DerivedData/Garten_Simulation-eroxfyrnurmsaraojtkexlvtomxb/Build/Products/Debug-iphoneos/Grovy.app/Frameworks/RiveRuntime.framework -scanforprivacyfile /Users/jannikschill/Library/Developer/Xcode/DerivedData/Garten_Simulation-eroxfyrnurmsaraojtkexlvtomxb/Build/Products/Debug-iphoneos/Grovy.app/PlugIns/GartenWidgetExtension.appex -scanforprivacyfile /Users/jannikschill/Library/Developer/Xcode/DerivedData/Garten_Simulation-eroxfyrnurmsaraojtkexlvtomxb/Build/Products/Debug-iphoneos/Grovy.app/PlugIns/GrovyDNSFilter.appex -scanforprivacyfile /Users/jannikschill/Library/Developer/Xcode/DerivedData/Garten_Simulation-eroxfyrnurmsaraojtkexlvtomxb/Build/Products/Debug-iphoneos/Grovy.app/PlugIns/ScreenTimeMonitor.appex -requiredArchitecture arm64 -o /Users/jannikschill/Library/Developer/Xcode/DerivedData/Garten_Simulation-eroxfyrnurmsaraojtkexlvtomxb/Build/Products/Debug-iphoneos/Grovy.app/Info.plist

CopySwiftLibs /Users/jannikschill/Library/Developer/Xcode/DerivedData/Garten_Simulation-eroxfyrnurmsaraojtkexlvtomxb/Build/Products/Debug-iphoneos/Grovy.app (in target 'Garten_Simulation' from project 'Garten_Simulation')
    cd /Users/jannikschill/Documents/Garten-Simulation
    builtin-swiftStdLibTool --copy --verbose --sign 8102FDB7D060355F2112EF227766019935B0F9B4 --scan-executable /Users/jannikschill/Library/Developer/Xcode/DerivedData/Garten_Simulation-eroxfyrnurmsaraojtkexlvtomxb/Build/Products/Debug-iphoneos/Grovy.app/Grovy.debug.dylib --scan-folder /Users/jannikschill/Library/Developer/Xcode/DerivedData/Garten_Simulation-eroxfyrnurmsaraojtkexlvtomxb/Build/Products/Debug-iphoneos/Grovy.app/Frameworks --scan-folder /Users/jannikschill/Library/Developer/Xcode/DerivedData/Garten_Simulation-eroxfyrnurmsaraojtkexlvtomxb/Build/Products/Debug-iphoneos/Grovy.app/PlugIns --scan-folder /Users/jannikschill/Library/Developer/Xcode/DerivedData/Garten_Simulation-eroxfyrnurmsaraojtkexlvtomxb/Build/Products/Debug-iphoneos/Grovy.app/SystemExtensions --scan-folder /Users/jannikschill/Library/Developer/Xcode/DerivedData/Garten_Simulation-eroxfyrnurmsaraojtkexlvtomxb/Build/Products/Debug-iphoneos/Grovy.app/Extensions --scan-folder /Applications/Xcode.app/Contents/Developer/Platforms/iPhoneOS.platform/Developer/SDKs/iPhoneOS26.5.sdk/System/Library/Frameworks/StoreKit.framework --platform iphoneos --toolchain /var/run/com.apple.security.cryptexd/mnt/com.apple.MobileAsset.MetalToolchain-v17.6.109.0.6H7FzB/Metal.xctoolchain --toolchain /Applications/Xcode.app/Contents/Developer/Toolchains/XcodeDefault.xctoolchain --destination /Users/jannikschill/Library/Developer/Xcode/DerivedData/Garten_Simulation-eroxfyrnurmsaraojtkexlvtomxb/Build/Products/Debug-iphoneos/Grovy.app/Frameworks --strip-bitcode --strip-bitcode-tool /Applications/Xcode.app/Contents/Developer/Toolchains/XcodeDefault.xctoolchain/usr/bin/bitcode_strip --emit-dependency-info /Users/jannikschill/Library/Developer/Xcode/DerivedData/Garten_Simulation-eroxfyrnurmsaraojtkexlvtomxb/Build/Intermediates.noindex/Garten_Simulation.build/Debug-iphoneos/Garten_Simulation.build/SwiftStdLibToolInputDependencies.dep --filter-for-swift-os --back-deploy-swift-span

ExtractAppIntentsMetadata (in target 'Garten_Simulation' from project 'Garten_Simulation')
    cd /Users/jannikschill/Documents/Garten-Simulation
    /Applications/Xcode.app/Contents/Developer/Toolchains/XcodeDefault.xctoolchain/usr/bin/appintentsmetadataprocessor --toolchain-dir /var/run/com.apple.security.cryptexd/mnt/com.apple.MobileAsset.MetalToolchain-v17.6.109.0.6H7FzB/Metal.xctoolchain --module-name Grovy --sdk-root /Applications/Xcode.app/Contents/Developer/Platforms/iPhoneOS.platform/Developer/SDKs/iPhoneOS26.5.sdk --xcode-version 17F113 --platform-family iOS --deployment-target 17.0 --bundle-identifier com.jannik.grovy --output /Users/jannikschill/Library/Developer/Xcode/DerivedData/Garten_Simulation-eroxfyrnurmsaraojtkexlvtomxb/Build/Products/Debug-iphoneos/Grovy.app --target-triple arm64-apple-ios17.0 --binary-file /Users/jannikschill/Library/Developer/Xcode/DerivedData/Garten_Simulation-eroxfyrnurmsaraojtkexlvtomxb/Build/Products/Debug-iphoneos/Grovy.app/Grovy --dependency-file /Users/jannikschill/Library/Developer/Xcode/DerivedData/Garten_Simulation-eroxfyrnurmsaraojtkexlvtomxb/Build/Intermediates.noindex/Garten_Simulation.build/Debug-iphoneos/Garten_Simulation.build/Objects-normal/arm64/Grovy_dependency_info.dat --stringsdata-file /Users/jannikschill/Library/Developer/Xcode/DerivedData/Garten_Simulation-eroxfyrnurmsaraojtkexlvtomxb/Build/Intermediates.noindex/Garten_Simulation.build/Debug-iphoneos/Garten_Simulation.build/Objects-normal/arm64/ExtractedAppShortcutsMetadata.stringsdata --source-file-list /Users/jannikschill/Library/Developer/Xcode/DerivedData/Garten_Simulation-eroxfyrnurmsaraojtkexlvtomxb/Build/Intermediates.noindex/Garten_Simulation.build/Debug-iphoneos/Garten_Simulation.build/Objects-normal/arm64/Grovy.SwiftFileList --metadata-file-list /Users/jannikschill/Library/Developer/Xcode/DerivedData/Garten_Simulation-eroxfyrnurmsaraojtkexlvtomxb/Build/Intermediates.noindex/Garten_Simulation.build/Debug-iphoneos/Garten_Simulation.build/Grovy.DependencyMetadataFileList --static-metadata-file-list /Users/jannikschill/Library/Developer/Xcode/DerivedData/Garten_Simulation-eroxfyrnurmsaraojtkexlvtomxb/Build/Intermediates.noindex/Garten_Simulation.build/Debug-iphoneos/Garten_Simulation.build/Grovy.DependencyStaticMetadataFileList --swift-const-vals-list /Users/jannikschill/Library/Developer/Xcode/DerivedData/Garten_Simulation-eroxfyrnurmsaraojtkexlvtomxb/Build/Intermediates.noindex/Garten_Simulation.build/Debug-iphoneos/Garten_Simulation.build/Objects-normal/arm64/Grovy.SwiftConstValuesFileList --compile-time-extraction --deployment-aware-processing --validate-assistant-intents
2026-09-10 16:02:55.284 appintentsmetadataprocessor[17535:437884] Starting appintentsmetadataprocessor export
2026-09-10 16:02:55.300 appintentsmetadataprocessor[17535:437884] Extracted no relevant App Intents symbols, skipping writing output

ValidateAppShortcutStringsMetadata (in target 'Garten_Simulation' from project 'Garten_Simulation')
    cd /Users/jannikschill/Documents/Garten-Simulation
    /Applications/Xcode.app/Contents/Developer/Toolchains/XcodeDefault.xctoolchain/usr/bin/appshortcutstringsprocessor --source-file /Users/jannikschill/Documents/Garten-Simulation/Garten_Simulation/de.lproj/AppShortcuts.strings --input-data-path /Users/jannikschill/Library/Developer/Xcode/DerivedData/Garten_Simulation-eroxfyrnurmsaraojtkexlvtomxb/Build/Products/Debug-iphoneos/Grovy.app/Metadata.appintents --platform-family iOS --deployment-target 17.0 --validate-assistant-intents --metadata-file-list /Users/jannikschill/Library/Developer/Xcode/DerivedData/Garten_Simulation-eroxfyrnurmsaraojtkexlvtomxb/Build/Intermediates.noindex/Garten_Simulation.build/Debug-iphoneos/Garten_Simulation.build/Grovy.DependencyMetadataFileList
warning: Unable to find extract.actionsdata in '--input-data-path' directory path (in target 'Garten_Simulation' from project 'Garten_Simulation')
warning: Unable to read App Intents metadata. AppShortcuts phrases will go through basic validation. (in target 'Garten_Simulation' from project 'Garten_Simulation')

AppIntentsSSUTraining (in target 'Garten_Simulation' from project 'Garten_Simulation')
    cd /Users/jannikschill/Documents/Garten-Simulation
    /Applications/Xcode.app/Contents/Developer/Toolchains/XcodeDefault.xctoolchain/usr/bin/appintentsnltrainingprocessor --infoplist-path /Users/jannikschill/Library/Developer/Xcode/DerivedData/Garten_Simulation-eroxfyrnurmsaraojtkexlvtomxb/Build/Products/Debug-iphoneos/Grovy.app/Info.plist --temp-dir-path /Users/jannikschill/Library/Developer/Xcode/DerivedData/Garten_Simulation-eroxfyrnurmsaraojtkexlvtomxb/Build/Intermediates.noindex/Garten_Simulation.build/Debug-iphoneos/Garten_Simulation.build/ssu --bundle-id com.jannik.grovy --product-path /Users/jannikschill/Library/Developer/Xcode/DerivedData/Garten_Simulation-eroxfyrnurmsaraojtkexlvtomxb/Build/Products/Debug-iphoneos/Grovy.app --extracted-metadata-path /Users/jannikschill/Library/Developer/Xcode/DerivedData/Garten_Simulation-eroxfyrnurmsaraojtkexlvtomxb/Build/Products/Debug-iphoneos/Grovy.app/Metadata.appintents --metadata-file-list /Users/jannikschill/Library/Developer/Xcode/DerivedData/Garten_Simulation-eroxfyrnurmsaraojtkexlvtomxb/Build/Intermediates.noindex/Garten_Simulation.build/Debug-iphoneos/Garten_Simulation.build/Grovy.DependencyMetadataFileList --source-file /Users/jannikschill/Library/Developer/Xcode/DerivedData/Garten_Simulation-eroxfyrnurmsaraojtkexlvtomxb/Build/Products/Debug-iphoneos/Grovy.app/Info.plist --source-file /Users/jannikschill/Documents/Garten-Simulation/Garten_Simulation/de.lproj/AppShortcuts.strings --archive-ssu-assets
2026-09-10 16:02:55.329 appintentsnltrainingprocessor[17537:437890] Parsing options for appintentsnltrainingprocessor
2026-09-10 16:02:55.329 appintentsnltrainingprocessor[17537:437890] Starting AppIntents SSU YAML Generation
2026-09-10 16:02:55.329 appintentsnltrainingprocessor[17537:437890] No AppShortcuts found - Skipping.

CodeSign /Users/jannikschill/Library/Developer/Xcode/DerivedData/Garten_Simulation-eroxfyrnurmsaraojtkexlvtomxb/Build/Products/Debug-iphoneos/Grovy.app/Grovy.debug.dylib (in target 'Garten_Simulation' from project 'Garten_Simulation')
    cd /Users/jannikschill/Documents/Garten-Simulation
    
    Signing Identity:     "Apple Development: jannik.schill.2010@gmail.com (Y3TPBQ8BW8)"
    Provisioning Profile: "iOS Team Provisioning Profile: com.jannik.grovy"
                          (673d198d-5ed4-42af-9700-261967fcb6a0)
    
    /usr/bin/codesign --force --sign 8102FDB7D060355F2112EF227766019935B0F9B4 --timestamp\=none --generate-entitlement-der /Users/jannikschill/Library/Developer/Xcode/DerivedData/Garten_Simulation-eroxfyrnurmsaraojtkexlvtomxb/Build/Products/Debug-iphoneos/Grovy.app/Grovy.debug.dylib

CodeSign /Users/jannikschill/Library/Developer/Xcode/DerivedData/Garten_Simulation-eroxfyrnurmsaraojtkexlvtomxb/Build/Products/Debug-iphoneos/Grovy.app/__preview.dylib (in target 'Garten_Simulation' from project 'Garten_Simulation')
    cd /Users/jannikschill/Documents/Garten-Simulation
    
    Signing Identity:     "Apple Development: jannik.schill.2010@gmail.com (Y3TPBQ8BW8)"
    Provisioning Profile: "iOS Team Provisioning Profile: com.jannik.grovy"
                          (673d198d-5ed4-42af-9700-261967fcb6a0)
    
    /usr/bin/codesign --force --sign 8102FDB7D060355F2112EF227766019935B0F9B4 --timestamp\=none --generate-entitlement-der /Users/jannikschill/Library/Developer/Xcode/DerivedData/Garten_Simulation-eroxfyrnurmsaraojtkexlvtomxb/Build/Products/Debug-iphoneos/Grovy.app/__preview.dylib

CodeSign /Users/jannikschill/Library/Developer/Xcode/DerivedData/Garten_Simulation-eroxfyrnurmsaraojtkexlvtomxb/Build/Products/Debug-iphoneos/Grovy.app (in target 'Garten_Simulation' from project 'Garten_Simulation')
    cd /Users/jannikschill/Documents/Garten-Simulation
    
    Signing Identity:     "Apple Development: jannik.schill.2010@gmail.com (Y3TPBQ8BW8)"
    Provisioning Profile: "iOS Team Provisioning Profile: com.jannik.grovy"
                          (673d198d-5ed4-42af-9700-261967fcb6a0)
    
    /usr/bin/codesign --force --sign 8102FDB7D060355F2112EF227766019935B0F9B4 --entitlements /Users/jannikschill/Library/Developer/Xcode/DerivedData/Garten_Simulation-eroxfyrnurmsaraojtkexlvtomxb/Build/Intermediates.noindex/Garten_Simulation.build/Debug-iphoneos/Garten_Simulation.build/Grovy.app.xcent --timestamp\=none --generate-entitlement-der /Users/jannikschill/Library/Developer/Xcode/DerivedData/Garten_Simulation-eroxfyrnurmsaraojtkexlvtomxb/Build/Products/Debug-iphoneos/Grovy.app

ValidateEmbeddedBinary /Users/jannikschill/Library/Developer/Xcode/DerivedData/Garten_Simulation-eroxfyrnurmsaraojtkexlvtomxb/Build/Products/Debug-iphoneos/Grovy.app/PlugIns/ScreenTimeMonitor.appex (in target 'Garten_Simulation' from project 'Garten_Simulation')
    cd /Users/jannikschill/Documents/Garten-Simulation
    /Applications/Xcode.app/Contents/Developer/usr/bin/embeddedBinaryValidationUtility /Users/jannikschill/Library/Developer/Xcode/DerivedData/Garten_Simulation-eroxfyrnurmsaraojtkexlvtomxb/Build/Products/Debug-iphoneos/Grovy.app/PlugIns/ScreenTimeMonitor.appex -signing-cert 8102FDB7D060355F2112EF227766019935B0F9B4 -info-plist-path /Users/jannikschill/Library/Developer/Xcode/DerivedData/Garten_Simulation-eroxfyrnurmsaraojtkexlvtomxb/Build/Products/Debug-iphoneos/Grovy.app/Info.plist

ValidateEmbeddedBinary /Users/jannikschill/Library/Developer/Xcode/DerivedData/Garten_Simulation-eroxfyrnurmsaraojtkexlvtomxb/Build/Products/Debug-iphoneos/Grovy.app/PlugIns/GartenWidgetExtension.appex (in target 'Garten_Simulation' from project 'Garten_Simulation')
    cd /Users/jannikschill/Documents/Garten-Simulation
    /Applications/Xcode.app/Contents/Developer/usr/bin/embeddedBinaryValidationUtility /Users/jannikschill/Library/Developer/Xcode/DerivedData/Garten_Simulation-eroxfyrnurmsaraojtkexlvtomxb/Build/Products/Debug-iphoneos/Grovy.app/PlugIns/GartenWidgetExtension.appex -signing-cert 8102FDB7D060355F2112EF227766019935B0F9B4 -info-plist-path /Users/jannikschill/Library/Developer/Xcode/DerivedData/Garten_Simulation-eroxfyrnurmsaraojtkexlvtomxb/Build/Products/Debug-iphoneos/Grovy.app/Info.plist

ValidateEmbeddedBinary /Users/jannikschill/Library/Developer/Xcode/DerivedData/Garten_Simulation-eroxfyrnurmsaraojtkexlvtomxb/Build/Products/Debug-iphoneos/Grovy.app/PlugIns/GrovyDNSFilter.appex (in target 'Garten_Simulation' from project 'Garten_Simulation')
    cd /Users/jannikschill/Documents/Garten-Simulation
    /Applications/Xcode.app/Contents/Developer/usr/bin/embeddedBinaryValidationUtility /Users/jannikschill/Library/Developer/Xcode/DerivedData/Garten_Simulation-eroxfyrnurmsaraojtkexlvtomxb/Build/Products/Debug-iphoneos/Grovy.app/PlugIns/GrovyDNSFilter.appex -signing-cert 8102FDB7D060355F2112EF227766019935B0F9B4 -info-plist-path /Users/jannikschill/Library/Developer/Xcode/DerivedData/Garten_Simulation-eroxfyrnurmsaraojtkexlvtomxb/Build/Products/Debug-iphoneos/Grovy.app/Info.plist

RegisterExecutionPolicyException /Users/jannikschill/Library/Developer/Xcode/DerivedData/Garten_Simulation-eroxfyrnurmsaraojtkexlvtomxb/Build/Products/Debug-iphoneos/Grovy.app (in target 'Garten_Simulation' from project 'Garten_Simulation')
    cd /Users/jannikschill/Documents/Garten-Simulation
    builtin-RegisterExecutionPolicyException /Users/jannikschill/Library/Developer/Xcode/DerivedData/Garten_Simulation-eroxfyrnurmsaraojtkexlvtomxb/Build/Products/Debug-iphoneos/Grovy.app

Validate /Users/jannikschill/Library/Developer/Xcode/DerivedData/Garten_Simulation-eroxfyrnurmsaraojtkexlvtomxb/Build/Products/Debug-iphoneos/Grovy.app (in target 'Garten_Simulation' from project 'Garten_Simulation')
    cd /Users/jannikschill/Documents/Garten-Simulation
    builtin-validationUtility /Users/jannikschill/Library/Developer/Xcode/DerivedData/Garten_Simulation-eroxfyrnurmsaraojtkexlvtomxb/Build/Products/Debug-iphoneos/Grovy.app -shallow-bundle -infoplist-subpath Info.plist

Touch /Users/jannikschill/Library/Developer/Xcode/DerivedData/Garten_Simulation-eroxfyrnurmsaraojtkexlvtomxb/Build/Products/Debug-iphoneos/Grovy.app (in target 'Garten_Simulation' from project 'Garten_Simulation')
    cd /Users/jannikschill/Documents/Garten-Simulation
    /usr/bin/touch -c /Users/jannikschill/Library/Developer/Xcode/DerivedData/Garten_Simulation-eroxfyrnurmsaraojtkexlvtomxb/Build/Products/Debug-iphoneos/Grovy.app

** BUILD SUCCEEDED **

