Command line invocation:
    /Applications/Xcode.app/Contents/Developer/usr/bin/xcodebuild clean build -scheme Garten_Simulation -destination "platform=iOS Simulator,name=iPhone 17,OS=latest"

Resolve Package Graph


Resolved source packages:
  DotLottie: https://github.com/LottieFiles/dotlottie-ios.git @ main (93565a8)
  RiveRuntime: https://github.com/rive-app/rive-ios @ 6.20.5

CreateBuildRequest

SendProjectDescription

CreateBuildOperation

** CLEAN SUCCEEDED **

ComputePackagePrebuildTargetDependencyGraph

Prepare packages

CreateBuildRequest

SendProjectDescription

CreateBuildOperation

ComputeTargetDependencyGraph
note: Building targets in dependency order
note: Target dependency graph (5 targets)
    Target 'Garten_Simulation' in project 'Garten_Simulation'
        ➜ Explicit dependency on target 'GartenWidgetExtension' in project 'Garten_Simulation'
        ➜ Explicit dependency on target 'RiveRuntime' in project 'RiveRuntime'
        ➜ Explicit dependency on target 'DotLottie' in project 'DotLottie'
    Target 'DotLottie' in project 'DotLottie'
        ➜ Explicit dependency on target 'DotLottie' in project 'DotLottie'
    Target 'DotLottie' in project 'DotLottie' (no dependencies)
    Target 'RiveRuntime' in project 'RiveRuntime' (no dependencies)
    Target 'GartenWidgetExtension' in project 'Garten_Simulation' (no dependencies)

GatherProvisioningInputs

CreateBuildDescription

ExecuteExternalTool /Applications/Xcode.app/Contents/Developer/Toolchains/XcodeDefault.xctoolchain/usr/bin/swiftc --version

ExecuteExternalTool /Applications/Xcode.app/Contents/Developer/Toolchains/XcodeDefault.xctoolchain/usr/bin/clang -v -E -dM -isysroot /Applications/Xcode.app/Contents/Developer/Platforms/iPhoneSimulator.platform/Developer/SDKs/iPhoneSimulator26.5.sdk -x c -c /dev/null

ExecuteExternalTool /Applications/Xcode.app/Contents/Developer/usr/bin/ibtool --version --output-format xml1

ExecuteExternalTool /Applications/Xcode.app/Contents/Developer/usr/bin/actool --print-asset-tag-combinations --output-format xml1 /Users/jannikschill/Documents/Garten-Simulation/Garten_Simulation/Assets.xcassets

ExecuteExternalTool /Applications/Xcode.app/Contents/Developer/usr/bin/actool --version --output-format xml1

ExecuteExternalTool /Applications/Xcode.app/Contents/Developer/Toolchains/XcodeDefault.xctoolchain/usr/bin/ld -version_details

Build description signature: d8fc6fb575b7ccfdd31a1989f7756435
Build description path: /Users/jannikschill/Library/Developer/Xcode/DerivedData/Garten_Simulation-eroxfyrnurmsaraojtkexlvtomxb/Build/Intermediates.noindex/XCBuildData/d8fc6fb575b7ccfdd31a1989f7756435.xcbuilddata
ClangStatCache /Applications/Xcode.app/Contents/Developer/Toolchains/XcodeDefault.xctoolchain/usr/bin/clang-stat-cache /Applications/Xcode.app/Contents/Developer/Platforms/iPhoneSimulator.platform/Developer/SDKs/iPhoneSimulator26.5.sdk /Users/jannikschill/Library/Developer/Xcode/DerivedData/SDKStatCaches.noindex/iphonesimulator26.5-23F73-688ef53f1462e2c8f657fdc38a81448f6cfe768891a92b912361537c460fe42b.sdkstatcache
    cd /Users/jannikschill/Documents/Garten-Simulation/Garten_Simulation.xcodeproj
    /Applications/Xcode.app/Contents/Developer/Toolchains/XcodeDefault.xctoolchain/usr/bin/clang-stat-cache /Applications/Xcode.app/Contents/Developer/Platforms/iPhoneSimulator.platform/Developer/SDKs/iPhoneSimulator26.5.sdk -o /Users/jannikschill/Library/Developer/Xcode/DerivedData/SDKStatCaches.noindex/iphonesimulator26.5-23F73-688ef53f1462e2c8f657fdc38a81448f6cfe768891a92b912361537c460fe42b.sdkstatcache

CreateBuildDirectory /Users/jannikschill/Library/Developer/Xcode/DerivedData/Garten_Simulation-eroxfyrnurmsaraojtkexlvtomxb/Build/Products
    cd /Users/jannikschill/Documents/Garten-Simulation/Garten_Simulation.xcodeproj
    builtin-create-build-directory /Users/jannikschill/Library/Developer/Xcode/DerivedData/Garten_Simulation-eroxfyrnurmsaraojtkexlvtomxb/Build/Products

CreateBuildDirectory /Users/jannikschill/Library/Developer/Xcode/DerivedData/Garten_Simulation-eroxfyrnurmsaraojtkexlvtomxb/Build/Intermediates.noindex
    cd /Users/jannikschill/Documents/Garten-Simulation/Garten_Simulation.xcodeproj
    builtin-create-build-directory /Users/jannikschill/Library/Developer/Xcode/DerivedData/Garten_Simulation-eroxfyrnurmsaraojtkexlvtomxb/Build/Intermediates.noindex

CreateBuildDirectory /Users/jannikschill/Library/Developer/Xcode/DerivedData/Garten_Simulation-eroxfyrnurmsaraojtkexlvtomxb/Build/Products/Debug-iphonesimulator
    cd /Users/jannikschill/Documents/Garten-Simulation/Garten_Simulation.xcodeproj
    builtin-create-build-directory /Users/jannikschill/Library/Developer/Xcode/DerivedData/Garten_Simulation-eroxfyrnurmsaraojtkexlvtomxb/Build/Products/Debug-iphonesimulator

CreateBuildDirectory /Users/jannikschill/Library/Developer/Xcode/DerivedData/Garten_Simulation-eroxfyrnurmsaraojtkexlvtomxb/Build/Intermediates.noindex/SwiftExplicitPrecompiledModules
    cd /Users/jannikschill/Documents/Garten-Simulation/Garten_Simulation.xcodeproj
    builtin-create-build-directory /Users/jannikschill/Library/Developer/Xcode/DerivedData/Garten_Simulation-eroxfyrnurmsaraojtkexlvtomxb/Build/Intermediates.noindex/SwiftExplicitPrecompiledModules

CreateBuildDirectory /Users/jannikschill/Library/Developer/Xcode/DerivedData/Garten_Simulation-eroxfyrnurmsaraojtkexlvtomxb/Build/Intermediates.noindex/ExplicitPrecompiledModules
    cd /Users/jannikschill/Documents/Garten-Simulation/Garten_Simulation.xcodeproj
    builtin-create-build-directory /Users/jannikschill/Library/Developer/Xcode/DerivedData/Garten_Simulation-eroxfyrnurmsaraojtkexlvtomxb/Build/Intermediates.noindex/ExplicitPrecompiledModules

WriteAuxiliaryFile /Users/jannikschill/Library/Developer/Xcode/DerivedData/Garten_Simulation-eroxfyrnurmsaraojtkexlvtomxb/Build/Intermediates.noindex/Garten_Simulation.build/Debug-iphonesimulator/Garten_Simulation-49394399678d88b76108bd64d45cffb0-VFS-iphonesimulator/all-product-headers.yaml
    cd /Users/jannikschill/Documents/Garten-Simulation/Garten_Simulation.xcodeproj
    write-file /Users/jannikschill/Library/Developer/Xcode/DerivedData/Garten_Simulation-eroxfyrnurmsaraojtkexlvtomxb/Build/Intermediates.noindex/Garten_Simulation.build/Debug-iphonesimulator/Garten_Simulation-49394399678d88b76108bd64d45cffb0-VFS-iphonesimulator/all-product-headers.yaml

CreateBuildDirectory /Users/jannikschill/Library/Developer/Xcode/DerivedData/Garten_Simulation-eroxfyrnurmsaraojtkexlvtomxb/Build/Intermediates.noindex/EagerLinkingTBDs/Debug-iphonesimulator
    cd /Users/jannikschill/Documents/Garten-Simulation/Garten_Simulation.xcodeproj
    builtin-create-build-directory /Users/jannikschill/Library/Developer/Xcode/DerivedData/Garten_Simulation-eroxfyrnurmsaraojtkexlvtomxb/Build/Intermediates.noindex/EagerLinkingTBDs/Debug-iphonesimulator

CreateBuildDirectory /Users/jannikschill/Library/Developer/Xcode/DerivedData/Garten_Simulation-eroxfyrnurmsaraojtkexlvtomxb/Build/Products/Debug-iphonesimulator/PackageFrameworks
    cd /Users/jannikschill/Documents/Garten-Simulation/Garten_Simulation.xcodeproj
    builtin-create-build-directory /Users/jannikschill/Library/Developer/Xcode/DerivedData/Garten_Simulation-eroxfyrnurmsaraojtkexlvtomxb/Build/Products/Debug-iphonesimulator/PackageFrameworks

WriteAuxiliaryFile /Users/jannikschill/Library/Developer/Xcode/DerivedData/Garten_Simulation-eroxfyrnurmsaraojtkexlvtomxb/Build/Intermediates.noindex/Garten_Simulation.build/Debug-iphonesimulator/GartenWidgetExtension.build/GartenWidgetExtension.hmap (in target 'GartenWidgetExtension' from project 'Garten_Simulation')
    cd /Users/jannikschill/Documents/Garten-Simulation
    write-file /Users/jannikschill/Library/Developer/Xcode/DerivedData/Garten_Simulation-eroxfyrnurmsaraojtkexlvtomxb/Build/Intermediates.noindex/Garten_Simulation.build/Debug-iphonesimulator/GartenWidgetExtension.build/GartenWidgetExtension.hmap

WriteAuxiliaryFile /Users/jannikschill/Library/Developer/Xcode/DerivedData/Garten_Simulation-eroxfyrnurmsaraojtkexlvtomxb/Build/Intermediates.noindex/Garten_Simulation.build/Debug-iphonesimulator/GartenWidgetExtension.build/GartenWidgetExtension-project-headers.hmap (in target 'GartenWidgetExtension' from project 'Garten_Simulation')
    cd /Users/jannikschill/Documents/Garten-Simulation
    write-file /Users/jannikschill/Library/Developer/Xcode/DerivedData/Garten_Simulation-eroxfyrnurmsaraojtkexlvtomxb/Build/Intermediates.noindex/Garten_Simulation.build/Debug-iphonesimulator/GartenWidgetExtension.build/GartenWidgetExtension-project-headers.hmap

WriteAuxiliaryFile /Users/jannikschill/Library/Developer/Xcode/DerivedData/Garten_Simulation-eroxfyrnurmsaraojtkexlvtomxb/Build/Intermediates.noindex/Garten_Simulation.build/Debug-iphonesimulator/GartenWidgetExtension.build/GartenWidgetExtension-own-target-headers.hmap (in target 'GartenWidgetExtension' from project 'Garten_Simulation')
    cd /Users/jannikschill/Documents/Garten-Simulation
    write-file /Users/jannikschill/Library/Developer/Xcode/DerivedData/Garten_Simulation-eroxfyrnurmsaraojtkexlvtomxb/Build/Intermediates.noindex/Garten_Simulation.build/Debug-iphonesimulator/GartenWidgetExtension.build/GartenWidgetExtension-own-target-headers.hmap

WriteAuxiliaryFile /Users/jannikschill/Library/Developer/Xcode/DerivedData/Garten_Simulation-eroxfyrnurmsaraojtkexlvtomxb/Build/Intermediates.noindex/Garten_Simulation.build/Debug-iphonesimulator/GartenWidgetExtension.build/GartenWidgetExtension-all-non-framework-target-headers.hmap (in target 'GartenWidgetExtension' from project 'Garten_Simulation')
    cd /Users/jannikschill/Documents/Garten-Simulation
    write-file /Users/jannikschill/Library/Developer/Xcode/DerivedData/Garten_Simulation-eroxfyrnurmsaraojtkexlvtomxb/Build/Intermediates.noindex/Garten_Simulation.build/Debug-iphonesimulator/GartenWidgetExtension.build/GartenWidgetExtension-all-non-framework-target-headers.hmap

WriteAuxiliaryFile /Users/jannikschill/Library/Developer/Xcode/DerivedData/Garten_Simulation-eroxfyrnurmsaraojtkexlvtomxb/Build/Intermediates.noindex/Garten_Simulation.build/Debug-iphonesimulator/GartenWidgetExtension.build/GartenWidgetExtension-all-target-headers.hmap (in target 'GartenWidgetExtension' from project 'Garten_Simulation')
    cd /Users/jannikschill/Documents/Garten-Simulation
    write-file /Users/jannikschill/Library/Developer/Xcode/DerivedData/Garten_Simulation-eroxfyrnurmsaraojtkexlvtomxb/Build/Intermediates.noindex/Garten_Simulation.build/Debug-iphonesimulator/GartenWidgetExtension.build/GartenWidgetExtension-all-target-headers.hmap

WriteAuxiliaryFile /Users/jannikschill/Library/Developer/Xcode/DerivedData/Garten_Simulation-eroxfyrnurmsaraojtkexlvtomxb/Build/Intermediates.noindex/Garten_Simulation.build/Debug-iphonesimulator/GartenWidgetExtension.build/GartenWidgetExtension-generated-files.hmap (in target 'GartenWidgetExtension' from project 'Garten_Simulation')
    cd /Users/jannikschill/Documents/Garten-Simulation
    write-file /Users/jannikschill/Library/Developer/Xcode/DerivedData/Garten_Simulation-eroxfyrnurmsaraojtkexlvtomxb/Build/Intermediates.noindex/Garten_Simulation.build/Debug-iphonesimulator/GartenWidgetExtension.build/GartenWidgetExtension-generated-files.hmap

WriteAuxiliaryFile /Users/jannikschill/Library/Developer/Xcode/DerivedData/Garten_Simulation-eroxfyrnurmsaraojtkexlvtomxb/Build/Intermediates.noindex/Garten_Simulation.build/Debug-iphonesimulator/GartenWidgetExtension.build/DerivedSources/Entitlements-Simulated.plist (in target 'GartenWidgetExtension' from project 'Garten_Simulation')
    cd /Users/jannikschill/Documents/Garten-Simulation
    write-file /Users/jannikschill/Library/Developer/Xcode/DerivedData/Garten_Simulation-eroxfyrnurmsaraojtkexlvtomxb/Build/Intermediates.noindex/Garten_Simulation.build/Debug-iphonesimulator/GartenWidgetExtension.build/DerivedSources/Entitlements-Simulated.plist

WriteAuxiliaryFile /Users/jannikschill/Library/Developer/Xcode/DerivedData/Garten_Simulation-eroxfyrnurmsaraojtkexlvtomxb/Build/Intermediates.noindex/Garten_Simulation.build/Debug-iphonesimulator/GartenWidgetExtension.build/Objects-normal/arm64/GartenWidgetExtension_const_extract_protocols.json (in target 'GartenWidgetExtension' from project 'Garten_Simulation')
    cd /Users/jannikschill/Documents/Garten-Simulation
    write-file /Users/jannikschill/Library/Developer/Xcode/DerivedData/Garten_Simulation-eroxfyrnurmsaraojtkexlvtomxb/Build/Intermediates.noindex/Garten_Simulation.build/Debug-iphonesimulator/GartenWidgetExtension.build/Objects-normal/arm64/GartenWidgetExtension_const_extract_protocols.json

WriteAuxiliaryFile /Users/jannikschill/Library/Developer/Xcode/DerivedData/Garten_Simulation-eroxfyrnurmsaraojtkexlvtomxb/Build/Intermediates.noindex/Garten_Simulation.build/Debug-iphonesimulator/GartenWidgetExtension.build/Objects-normal/arm64/GartenWidgetExtension.SwiftConstValuesFileList (in target 'GartenWidgetExtension' from project 'Garten_Simulation')
    cd /Users/jannikschill/Documents/Garten-Simulation
    write-file /Users/jannikschill/Library/Developer/Xcode/DerivedData/Garten_Simulation-eroxfyrnurmsaraojtkexlvtomxb/Build/Intermediates.noindex/Garten_Simulation.build/Debug-iphonesimulator/GartenWidgetExtension.build/Objects-normal/arm64/GartenWidgetExtension.SwiftConstValuesFileList

WriteAuxiliaryFile /Users/jannikschill/Library/Developer/Xcode/DerivedData/Garten_Simulation-eroxfyrnurmsaraojtkexlvtomxb/Build/Intermediates.noindex/Garten_Simulation.build/Debug-iphonesimulator/GartenWidgetExtension.build/Objects-normal/arm64/GartenWidgetExtension.SwiftFileList (in target 'GartenWidgetExtension' from project 'Garten_Simulation')
    cd /Users/jannikschill/Documents/Garten-Simulation
    write-file /Users/jannikschill/Library/Developer/Xcode/DerivedData/Garten_Simulation-eroxfyrnurmsaraojtkexlvtomxb/Build/Intermediates.noindex/Garten_Simulation.build/Debug-iphonesimulator/GartenWidgetExtension.build/Objects-normal/arm64/GartenWidgetExtension.SwiftFileList

WriteAuxiliaryFile /Users/jannikschill/Library/Developer/Xcode/DerivedData/Garten_Simulation-eroxfyrnurmsaraojtkexlvtomxb/Build/Intermediates.noindex/Garten_Simulation.build/Debug-iphonesimulator/GartenWidgetExtension.build/Objects-normal/arm64/GartenWidgetExtension.LinkFileList (in target 'GartenWidgetExtension' from project 'Garten_Simulation')
    cd /Users/jannikschill/Documents/Garten-Simulation
    write-file /Users/jannikschill/Library/Developer/Xcode/DerivedData/Garten_Simulation-eroxfyrnurmsaraojtkexlvtomxb/Build/Intermediates.noindex/Garten_Simulation.build/Debug-iphonesimulator/GartenWidgetExtension.build/Objects-normal/arm64/GartenWidgetExtension.LinkFileList

WriteAuxiliaryFile /Users/jannikschill/Library/Developer/Xcode/DerivedData/Garten_Simulation-eroxfyrnurmsaraojtkexlvtomxb/Build/Intermediates.noindex/Garten_Simulation.build/Debug-iphonesimulator/GartenWidgetExtension.build/Objects-normal/arm64/GartenWidgetExtension-OutputFileMap.json (in target 'GartenWidgetExtension' from project 'Garten_Simulation')
    cd /Users/jannikschill/Documents/Garten-Simulation
    write-file /Users/jannikschill/Library/Developer/Xcode/DerivedData/Garten_Simulation-eroxfyrnurmsaraojtkexlvtomxb/Build/Intermediates.noindex/Garten_Simulation.build/Debug-iphonesimulator/GartenWidgetExtension.build/Objects-normal/arm64/GartenWidgetExtension-OutputFileMap.json

WriteAuxiliaryFile /Users/jannikschill/Library/Developer/Xcode/DerivedData/Garten_Simulation-eroxfyrnurmsaraojtkexlvtomxb/Build/Intermediates.noindex/Garten_Simulation.build/Debug-iphonesimulator/GartenWidgetExtension.build/GartenWidgetExtension.DependencyStaticMetadataFileList (in target 'GartenWidgetExtension' from project 'Garten_Simulation')
    cd /Users/jannikschill/Documents/Garten-Simulation
    write-file /Users/jannikschill/Library/Developer/Xcode/DerivedData/Garten_Simulation-eroxfyrnurmsaraojtkexlvtomxb/Build/Intermediates.noindex/Garten_Simulation.build/Debug-iphonesimulator/GartenWidgetExtension.build/GartenWidgetExtension.DependencyStaticMetadataFileList

WriteAuxiliaryFile /Users/jannikschill/Library/Developer/Xcode/DerivedData/Garten_Simulation-eroxfyrnurmsaraojtkexlvtomxb/Build/Intermediates.noindex/Garten_Simulation.build/Debug-iphonesimulator/GartenWidgetExtension.build/GartenWidgetExtension.DependencyMetadataFileList (in target 'GartenWidgetExtension' from project 'Garten_Simulation')
    cd /Users/jannikschill/Documents/Garten-Simulation
    write-file /Users/jannikschill/Library/Developer/Xcode/DerivedData/Garten_Simulation-eroxfyrnurmsaraojtkexlvtomxb/Build/Intermediates.noindex/Garten_Simulation.build/Debug-iphonesimulator/GartenWidgetExtension.build/GartenWidgetExtension.DependencyMetadataFileList

WriteAuxiliaryFile /Users/jannikschill/Library/Developer/Xcode/DerivedData/Garten_Simulation-eroxfyrnurmsaraojtkexlvtomxb/Build/Intermediates.noindex/Garten_Simulation.build/Debug-iphonesimulator/GartenWidgetExtension.build/GartenWidgetExtension-DebugEntryPoint-normal-arm64.txt (in target 'GartenWidgetExtension' from project 'Garten_Simulation')
    cd /Users/jannikschill/Documents/Garten-Simulation
    write-file /Users/jannikschill/Library/Developer/Xcode/DerivedData/Garten_Simulation-eroxfyrnurmsaraojtkexlvtomxb/Build/Intermediates.noindex/Garten_Simulation.build/Debug-iphonesimulator/GartenWidgetExtension.build/GartenWidgetExtension-DebugEntryPoint-normal-arm64.txt

WriteAuxiliaryFile /Users/jannikschill/Library/Developer/Xcode/DerivedData/Garten_Simulation-eroxfyrnurmsaraojtkexlvtomxb/Build/Intermediates.noindex/Garten_Simulation.build/Debug-iphonesimulator/GartenWidgetExtension.build/GartenWidgetExtension-DebugDylibPath-normal-arm64.txt (in target 'GartenWidgetExtension' from project 'Garten_Simulation')
    cd /Users/jannikschill/Documents/Garten-Simulation
    write-file /Users/jannikschill/Library/Developer/Xcode/DerivedData/Garten_Simulation-eroxfyrnurmsaraojtkexlvtomxb/Build/Intermediates.noindex/Garten_Simulation.build/Debug-iphonesimulator/GartenWidgetExtension.build/GartenWidgetExtension-DebugDylibPath-normal-arm64.txt

WriteAuxiliaryFile /Users/jannikschill/Library/Developer/Xcode/DerivedData/Garten_Simulation-eroxfyrnurmsaraojtkexlvtomxb/Build/Intermediates.noindex/Garten_Simulation.build/Debug-iphonesimulator/GartenWidgetExtension.build/GartenWidgetExtension-DebugDylibInstallName-normal-arm64.txt (in target 'GartenWidgetExtension' from project 'Garten_Simulation')
    cd /Users/jannikschill/Documents/Garten-Simulation
    write-file /Users/jannikschill/Library/Developer/Xcode/DerivedData/Garten_Simulation-eroxfyrnurmsaraojtkexlvtomxb/Build/Intermediates.noindex/Garten_Simulation.build/Debug-iphonesimulator/GartenWidgetExtension.build/GartenWidgetExtension-DebugDylibInstallName-normal-arm64.txt

MkDir /Users/jannikschill/Library/Developer/Xcode/DerivedData/Garten_Simulation-eroxfyrnurmsaraojtkexlvtomxb/Build/Products/Debug-iphonesimulator/GartenWidgetExtension.appex (in target 'GartenWidgetExtension' from project 'Garten_Simulation')
    cd /Users/jannikschill/Documents/Garten-Simulation
    /bin/mkdir -p /Users/jannikschill/Library/Developer/Xcode/DerivedData/Garten_Simulation-eroxfyrnurmsaraojtkexlvtomxb/Build/Products/Debug-iphonesimulator/GartenWidgetExtension.appex

ProcessProductPackaging /Users/jannikschill/Documents/Garten-Simulation/GartenWidgetExtension.entitlements /Users/jannikschill/Library/Developer/Xcode/DerivedData/Garten_Simulation-eroxfyrnurmsaraojtkexlvtomxb/Build/Intermediates.noindex/Garten_Simulation.build/Debug-iphonesimulator/GartenWidgetExtension.build/GartenWidgetExtension.appex.xcent (in target 'GartenWidgetExtension' from project 'Garten_Simulation')
    cd /Users/jannikschill/Documents/Garten-Simulation
    
    Entitlements:
    
    {
}
    
    builtin-productPackagingUtility /Users/jannikschill/Documents/Garten-Simulation/GartenWidgetExtension.entitlements -entitlements -format xml -o /Users/jannikschill/Library/Developer/Xcode/DerivedData/Garten_Simulation-eroxfyrnurmsaraojtkexlvtomxb/Build/Intermediates.noindex/Garten_Simulation.build/Debug-iphonesimulator/GartenWidgetExtension.build/GartenWidgetExtension.appex.xcent

ProcessProductPackaging /Users/jannikschill/Documents/Garten-Simulation/GartenWidgetExtension.entitlements /Users/jannikschill/Library/Developer/Xcode/DerivedData/Garten_Simulation-eroxfyrnurmsaraojtkexlvtomxb/Build/Intermediates.noindex/Garten_Simulation.build/Debug-iphonesimulator/GartenWidgetExtension.build/GartenWidgetExtension.appex-Simulated.xcent (in target 'GartenWidgetExtension' from project 'Garten_Simulation')
    cd /Users/jannikschill/Documents/Garten-Simulation
    
    Entitlements:
    
    {
    "application-identifier" = "R2ZRSFCKZ5.com.jannik.grovy.GartenWidget";
    "com.apple.security.application-groups" =     (
        "group.com.jannik.grovy"
    );
}
    
    builtin-productPackagingUtility /Users/jannikschill/Documents/Garten-Simulation/GartenWidgetExtension.entitlements -entitlements -format xml -o /Users/jannikschill/Library/Developer/Xcode/DerivedData/Garten_Simulation-eroxfyrnurmsaraojtkexlvtomxb/Build/Intermediates.noindex/Garten_Simulation.build/Debug-iphonesimulator/GartenWidgetExtension.build/GartenWidgetExtension.appex-Simulated.xcent

ProcessProductPackagingDER /Users/jannikschill/Library/Developer/Xcode/DerivedData/Garten_Simulation-eroxfyrnurmsaraojtkexlvtomxb/Build/Intermediates.noindex/Garten_Simulation.build/Debug-iphonesimulator/GartenWidgetExtension.build/GartenWidgetExtension.appex.xcent /Users/jannikschill/Library/Developer/Xcode/DerivedData/Garten_Simulation-eroxfyrnurmsaraojtkexlvtomxb/Build/Intermediates.noindex/Garten_Simulation.build/Debug-iphonesimulator/GartenWidgetExtension.build/GartenWidgetExtension.appex.xcent.der (in target 'GartenWidgetExtension' from project 'Garten_Simulation')
    cd /Users/jannikschill/Documents/Garten-Simulation
    /usr/bin/derq query -f xml -i /Users/jannikschill/Library/Developer/Xcode/DerivedData/Garten_Simulation-eroxfyrnurmsaraojtkexlvtomxb/Build/Intermediates.noindex/Garten_Simulation.build/Debug-iphonesimulator/GartenWidgetExtension.build/GartenWidgetExtension.appex.xcent -o /Users/jannikschill/Library/Developer/Xcode/DerivedData/Garten_Simulation-eroxfyrnurmsaraojtkexlvtomxb/Build/Intermediates.noindex/Garten_Simulation.build/Debug-iphonesimulator/GartenWidgetExtension.build/GartenWidgetExtension.appex.xcent.der --raw

ProcessProductPackagingDER /Users/jannikschill/Library/Developer/Xcode/DerivedData/Garten_Simulation-eroxfyrnurmsaraojtkexlvtomxb/Build/Intermediates.noindex/Garten_Simulation.build/Debug-iphonesimulator/GartenWidgetExtension.build/GartenWidgetExtension.appex-Simulated.xcent /Users/jannikschill/Library/Developer/Xcode/DerivedData/Garten_Simulation-eroxfyrnurmsaraojtkexlvtomxb/Build/Intermediates.noindex/Garten_Simulation.build/Debug-iphonesimulator/GartenWidgetExtension.build/GartenWidgetExtension.appex-Simulated.xcent.der (in target 'GartenWidgetExtension' from project 'Garten_Simulation')
    cd /Users/jannikschill/Documents/Garten-Simulation
    /usr/bin/derq query -f xml -i /Users/jannikschill/Library/Developer/Xcode/DerivedData/Garten_Simulation-eroxfyrnurmsaraojtkexlvtomxb/Build/Intermediates.noindex/Garten_Simulation.build/Debug-iphonesimulator/GartenWidgetExtension.build/GartenWidgetExtension.appex-Simulated.xcent -o /Users/jannikschill/Library/Developer/Xcode/DerivedData/Garten_Simulation-eroxfyrnurmsaraojtkexlvtomxb/Build/Intermediates.noindex/Garten_Simulation.build/Debug-iphonesimulator/GartenWidgetExtension.build/GartenWidgetExtension.appex-Simulated.xcent.der --raw

ProcessXCFramework /Users/jannikschill/Library/Developer/Xcode/DerivedData/Garten_Simulation-eroxfyrnurmsaraojtkexlvtomxb/SourcePackages/checkouts/dotlottie-ios/Sources/DotLottieCore/DotLottiePlayer.xcframework /Users/jannikschill/Library/Developer/Xcode/DerivedData/Garten_Simulation-eroxfyrnurmsaraojtkexlvtomxb/Build/Products/Debug-iphonesimulator/DotLottiePlayer.framework ios simulator
    cd /Users/jannikschill/Documents/Garten-Simulation/Garten_Simulation.xcodeproj
    builtin-process-xcframework --xcframework /Users/jannikschill/Library/Developer/Xcode/DerivedData/Garten_Simulation-eroxfyrnurmsaraojtkexlvtomxb/SourcePackages/checkouts/dotlottie-ios/Sources/DotLottieCore/DotLottiePlayer.xcframework --platform ios --environment simulator --target-path /Users/jannikschill/Library/Developer/Xcode/DerivedData/Garten_Simulation-eroxfyrnurmsaraojtkexlvtomxb/Build/Products/Debug-iphonesimulator
/Users/jannikschill/Library/Developer/Xcode/DerivedData/Garten_Simulation-eroxfyrnurmsaraojtkexlvtomxb/SourcePackages/checkouts/dotlottie-ios/Sources/DotLottieCore/DotLottiePlayer.xcframework:1:1: note: The identity of “DotLottiePlayer.xcframework” is not recorded in your project.

ProcessXCFramework /Users/jannikschill/Library/Developer/Xcode/DerivedData/Garten_Simulation-eroxfyrnurmsaraojtkexlvtomxb/SourcePackages/artifacts/rive-ios/RiveRuntime/RiveRuntime.xcframework /Users/jannikschill/Library/Developer/Xcode/DerivedData/Garten_Simulation-eroxfyrnurmsaraojtkexlvtomxb/Build/Products/Debug-iphonesimulator/RiveRuntime.framework ios simulator
    cd /Users/jannikschill/Documents/Garten-Simulation/Garten_Simulation.xcodeproj
    builtin-process-xcframework --xcframework /Users/jannikschill/Library/Developer/Xcode/DerivedData/Garten_Simulation-eroxfyrnurmsaraojtkexlvtomxb/SourcePackages/artifacts/rive-ios/RiveRuntime/RiveRuntime.xcframework --platform ios --environment simulator --target-path /Users/jannikschill/Library/Developer/Xcode/DerivedData/Garten_Simulation-eroxfyrnurmsaraojtkexlvtomxb/Build/Products/Debug-iphonesimulator

SwiftDriver GartenWidgetExtension normal arm64 com.apple.xcode.tools.swift.compiler (in target 'GartenWidgetExtension' from project 'Garten_Simulation')
    cd /Users/jannikschill/Documents/Garten-Simulation
    builtin-SwiftDriver -- /Applications/Xcode.app/Contents/Developer/Toolchains/XcodeDefault.xctoolchain/usr/bin/swiftc -module-name GartenWidgetExtension -Onone @/Users/jannikschill/Library/Developer/Xcode/DerivedData/Garten_Simulation-eroxfyrnurmsaraojtkexlvtomxb/Build/Intermediates.noindex/Garten_Simulation.build/Debug-iphonesimulator/GartenWidgetExtension.build/Objects-normal/arm64/GartenWidgetExtension.SwiftFileList -DDEBUG -enable-bare-slash-regex -enable-upcoming-feature DisableOutwardActorInference -enable-upcoming-feature InferSendableFromCaptures -enable-upcoming-feature GlobalActorIsolatedTypesUsability -enable-upcoming-feature MemberImportVisibility -enable-upcoming-feature InferIsolatedConformances -enable-upcoming-feature NonisolatedNonsendingByDefault -enable-experimental-feature DebugDescriptionMacro -sdk /Applications/Xcode.app/Contents/Developer/Platforms/iPhoneSimulator.platform/Developer/SDKs/iPhoneSimulator26.5.sdk -target arm64-apple-ios17.0-simulator -g -module-cache-path /Users/jannikschill/Library/Developer/Xcode/DerivedData/ModuleCache.noindex -Xfrontend -serialize-debugging-options -application-extension -profile-coverage-mapping -profile-generate -enable-testing -index-store-path /Users/jannikschill/Library/Developer/Xcode/DerivedData/Garten_Simulation-eroxfyrnurmsaraojtkexlvtomxb/Index.noindex/DataStore -Xcc -D_LIBCPP_HARDENING_MODE\=_LIBCPP_HARDENING_MODE_DEBUG -swift-version 5 -I /Users/jannikschill/Library/Developer/Xcode/DerivedData/Garten_Simulation-eroxfyrnurmsaraojtkexlvtomxb/Build/Products/Debug-iphonesimulator -F /Users/jannikschill/Library/Developer/Xcode/DerivedData/Garten_Simulation-eroxfyrnurmsaraojtkexlvtomxb/Build/Products/Debug-iphonesimulator -emit-localized-strings -emit-localized-strings-path /Users/jannikschill/Library/Developer/Xcode/DerivedData/Garten_Simulation-eroxfyrnurmsaraojtkexlvtomxb/Build/Intermediates.noindex/Garten_Simulation.build/Debug-iphonesimulator/GartenWidgetExtension.build/Objects-normal/arm64 -c -j12 -enable-batch-mode -incremental -Xcc -ivfsstatcache -Xcc /Users/jannikschill/Library/Developer/Xcode/DerivedData/SDKStatCaches.noindex/iphonesimulator26.5-23F73-688ef53f1462e2c8f657fdc38a81448f6cfe768891a92b912361537c460fe42b.sdkstatcache -output-file-map /Users/jannikschill/Library/Developer/Xcode/DerivedData/Garten_Simulation-eroxfyrnurmsaraojtkexlvtomxb/Build/Intermediates.noindex/Garten_Simulation.build/Debug-iphonesimulator/GartenWidgetExtension.build/Objects-normal/arm64/GartenWidgetExtension-OutputFileMap.json -use-frontend-parseable-output -save-temps -no-color-diagnostics -explicit-module-build -module-cache-path /Users/jannikschill/Library/Developer/Xcode/DerivedData/Garten_Simulation-eroxfyrnurmsaraojtkexlvtomxb/Build/Intermediates.noindex/SwiftExplicitPrecompiledModules -clang-scanner-module-cache-path /Users/jannikschill/Library/Developer/Xcode/DerivedData/ModuleCache.noindex -sdk-module-cache-path /Users/jannikschill/Library/Developer/Xcode/DerivedData/ModuleCache.noindex -serialize-diagnostics -emit-dependencies -emit-module -emit-module-path /Users/jannikschill/Library/Developer/Xcode/DerivedData/Garten_Simulation-eroxfyrnurmsaraojtkexlvtomxb/Build/Intermediates.noindex/Garten_Simulation.build/Debug-iphonesimulator/GartenWidgetExtension.build/Objects-normal/arm64/GartenWidgetExtension.swiftmodule -validate-clang-modules-once -clang-build-session-file /Users/jannikschill/Library/Developer/Xcode/DerivedData/ModuleCache.noindex/Session.modulevalidation -Xcc -I/Users/jannikschill/Library/Developer/Xcode/DerivedData/Garten_Simulation-eroxfyrnurmsaraojtkexlvtomxb/Build/Intermediates.noindex/Garten_Simulation.build/Debug-iphonesimulator/GartenWidgetExtension.build/swift-overrides.hmap -emit-const-values -Xfrontend -const-gather-protocols-file -Xfrontend /Users/jannikschill/Library/Developer/Xcode/DerivedData/Garten_Simulation-eroxfyrnurmsaraojtkexlvtomxb/Build/Intermediates.noindex/Garten_Simulation.build/Debug-iphonesimulator/GartenWidgetExtension.build/Objects-normal/arm64/GartenWidgetExtension_const_extract_protocols.json -Xcc -iquote -Xcc /Users/jannikschill/Library/Developer/Xcode/DerivedData/Garten_Simulation-eroxfyrnurmsaraojtkexlvtomxb/Build/Intermediates.noindex/Garten_Simulation.build/Debug-iphonesimulator/GartenWidgetExtension.build/GartenWidgetExtension-generated-files.hmap -Xcc -I/Users/jannikschill/Library/Developer/Xcode/DerivedData/Garten_Simulation-eroxfyrnurmsaraojtkexlvtomxb/Build/Intermediates.noindex/Garten_Simulation.build/Debug-iphonesimulator/GartenWidgetExtension.build/GartenWidgetExtension-own-target-headers.hmap -Xcc -I/Users/jannikschill/Library/Developer/Xcode/DerivedData/Garten_Simulation-eroxfyrnurmsaraojtkexlvtomxb/Build/Intermediates.noindex/Garten_Simulation.build/Debug-iphonesimulator/GartenWidgetExtension.build/GartenWidgetExtension-all-non-framework-target-headers.hmap -Xcc -ivfsoverlay -Xcc /Users/jannikschill/Library/Developer/Xcode/DerivedData/Garten_Simulation-eroxfyrnurmsaraojtkexlvtomxb/Build/Intermediates.noindex/Garten_Simulation.build/Debug-iphonesimulator/Garten_Simulation-49394399678d88b76108bd64d45cffb0-VFS-iphonesimulator/all-product-headers.yaml -Xcc -iquote -Xcc /Users/jannikschill/Library/Developer/Xcode/DerivedData/Garten_Simulation-eroxfyrnurmsaraojtkexlvtomxb/Build/Intermediates.noindex/Garten_Simulation.build/Debug-iphonesimulator/GartenWidgetExtension.build/GartenWidgetExtension-project-headers.hmap -Xcc -I/Users/jannikschill/Library/Developer/Xcode/DerivedData/Garten_Simulation-eroxfyrnurmsaraojtkexlvtomxb/Build/Products/Debug-iphonesimulator/include -Xcc -I/Users/jannikschill/Library/Developer/Xcode/DerivedData/Garten_Simulation-eroxfyrnurmsaraojtkexlvtomxb/Build/Intermediates.noindex/Garten_Simulation.build/Debug-iphonesimulator/GartenWidgetExtension.build/DerivedSources-normal/arm64 -Xcc -I/Users/jannikschill/Library/Developer/Xcode/DerivedData/Garten_Simulation-eroxfyrnurmsaraojtkexlvtomxb/Build/Intermediates.noindex/Garten_Simulation.build/Debug-iphonesimulator/GartenWidgetExtension.build/DerivedSources/arm64 -Xcc -I/Users/jannikschill/Library/Developer/Xcode/DerivedData/Garten_Simulation-eroxfyrnurmsaraojtkexlvtomxb/Build/Intermediates.noindex/Garten_Simulation.build/Debug-iphonesimulator/GartenWidgetExtension.build/DerivedSources -Xcc -DDEBUG\=1 -emit-objc-header -emit-objc-header-path /Users/jannikschill/Library/Developer/Xcode/DerivedData/Garten_Simulation-eroxfyrnurmsaraojtkexlvtomxb/Build/Intermediates.noindex/Garten_Simulation.build/Debug-iphonesimulator/GartenWidgetExtension.build/Objects-normal/arm64/GartenWidgetExtension-Swift.h -working-directory /Users/jannikschill/Documents/Garten-Simulation -experimental-emit-module-separately -disable-cmo

Ld /Users/jannikschill/Library/Developer/Xcode/DerivedData/Garten_Simulation-eroxfyrnurmsaraojtkexlvtomxb/Build/Products/Debug-iphonesimulator/GartenWidgetExtension.appex/__preview.dylib normal (in target 'GartenWidgetExtension' from project 'Garten_Simulation')
    cd /Users/jannikschill/Documents/Garten-Simulation
    /Applications/Xcode.app/Contents/Developer/Toolchains/XcodeDefault.xctoolchain/usr/bin/clang -Xlinker -reproducible -target arm64-apple-ios17.0-simulator -dynamiclib -isysroot /Applications/Xcode.app/Contents/Developer/Platforms/iPhoneSimulator.platform/Developer/SDKs/iPhoneSimulator26.5.sdk -O0 -L/Users/jannikschill/Library/Developer/Xcode/DerivedData/Garten_Simulation-eroxfyrnurmsaraojtkexlvtomxb/Build/Products/Debug-iphonesimulator -F/Users/jannikschill/Library/Developer/Xcode/DerivedData/Garten_Simulation-eroxfyrnurmsaraojtkexlvtomxb/Build/Products/Debug-iphonesimulator -install_name @rpath/GartenWidgetExtension.debug.dylib -Xlinker -dead_strip -rdynamic -Xlinker -no_deduplicate -Xlinker -objc_abi_version -Xlinker 2 -Xlinker -debug_variant -Xlinker -dependency_info -Xlinker /Users/jannikschill/Library/Developer/Xcode/DerivedData/Garten_Simulation-eroxfyrnurmsaraojtkexlvtomxb/Build/Intermediates.noindex/Garten_Simulation.build/Debug-iphonesimulator/GartenWidgetExtension.build/Objects-normal/arm64/GartenWidgetExtension_dependency_info.dat -Xlinker -sectcreate -Xlinker __TEXT -Xlinker __entitlements -Xlinker /Users/jannikschill/Library/Developer/Xcode/DerivedData/Garten_Simulation-eroxfyrnurmsaraojtkexlvtomxb/Build/Intermediates.noindex/Garten_Simulation.build/Debug-iphonesimulator/GartenWidgetExtension.build/GartenWidgetExtension.appex-Simulated.xcent -Xlinker -sectcreate -Xlinker __TEXT -Xlinker __ents_der -Xlinker /Users/jannikschill/Library/Developer/Xcode/DerivedData/Garten_Simulation-eroxfyrnurmsaraojtkexlvtomxb/Build/Intermediates.noindex/Garten_Simulation.build/Debug-iphonesimulator/GartenWidgetExtension.build/GartenWidgetExtension.appex-Simulated.xcent.der -Xlinker -no_adhoc_codesign -o /Users/jannikschill/Library/Developer/Xcode/DerivedData/Garten_Simulation-eroxfyrnurmsaraojtkexlvtomxb/Build/Products/Debug-iphonesimulator/GartenWidgetExtension.appex/__preview.dylib

ProcessInfoPlistFile /Users/jannikschill/Library/Developer/Xcode/DerivedData/Garten_Simulation-eroxfyrnurmsaraojtkexlvtomxb/Build/Products/Debug-iphonesimulator/GartenWidgetExtension.appex/Info.plist /Users/jannikschill/Documents/Garten-Simulation/GartenWidget/Info.plist (in target 'GartenWidgetExtension' from project 'Garten_Simulation')
    cd /Users/jannikschill/Documents/Garten-Simulation
    builtin-infoPlistUtility /Users/jannikschill/Documents/Garten-Simulation/GartenWidget/Info.plist -producttype com.apple.product-type.app-extension -expandbuildsettings -format binary -platform iphonesimulator -o /Users/jannikschill/Library/Developer/Xcode/DerivedData/Garten_Simulation-eroxfyrnurmsaraojtkexlvtomxb/Build/Products/Debug-iphonesimulator/GartenWidgetExtension.appex/Info.plist

CopyStringsFile /Users/jannikschill/Library/Developer/Xcode/DerivedData/Garten_Simulation-eroxfyrnurmsaraojtkexlvtomxb/Build/Products/Debug-iphonesimulator/GartenWidgetExtension.appex/tr.lproj/Localizable.strings /Users/jannikschill/Documents/Garten-Simulation/GartenWidget/tr.lproj/Localizable.strings (in target 'GartenWidgetExtension' from project 'Garten_Simulation')
    cd /Users/jannikschill/Documents/Garten-Simulation
    builtin-copyStrings --validate --outputencoding binary --outfilename Localizable.strings --outdir /Users/jannikschill/Library/Developer/Xcode/DerivedData/Garten_Simulation-eroxfyrnurmsaraojtkexlvtomxb/Build/Products/Debug-iphonesimulator/GartenWidgetExtension.appex/tr.lproj -- /Users/jannikschill/Documents/Garten-Simulation/GartenWidget/tr.lproj/Localizable.strings
/Users/jannikschill/Documents/Garten-Simulation/GartenWidget/tr.lproj/Localizable.strings:1:1: note: detected encoding of input file as Unicode (UTF-8) (in target 'GartenWidgetExtension' from project 'Garten_Simulation')

CopyStringsFile /Users/jannikschill/Library/Developer/Xcode/DerivedData/Garten_Simulation-eroxfyrnurmsaraojtkexlvtomxb/Build/Products/Debug-iphonesimulator/GartenWidgetExtension.appex/pt.lproj/Localizable.strings /Users/jannikschill/Documents/Garten-Simulation/GartenWidget/pt.lproj/Localizable.strings (in target 'GartenWidgetExtension' from project 'Garten_Simulation')
    cd /Users/jannikschill/Documents/Garten-Simulation
    builtin-copyStrings --validate --outputencoding binary --outfilename Localizable.strings --outdir /Users/jannikschill/Library/Developer/Xcode/DerivedData/Garten_Simulation-eroxfyrnurmsaraojtkexlvtomxb/Build/Products/Debug-iphonesimulator/GartenWidgetExtension.appex/pt.lproj -- /Users/jannikschill/Documents/Garten-Simulation/GartenWidget/pt.lproj/Localizable.strings
/Users/jannikschill/Documents/Garten-Simulation/GartenWidget/pt.lproj/Localizable.strings:1:1: note: detected encoding of input file as Unicode (UTF-8) (in target 'GartenWidgetExtension' from project 'Garten_Simulation')

CopyStringsFile /Users/jannikschill/Library/Developer/Xcode/DerivedData/Garten_Simulation-eroxfyrnurmsaraojtkexlvtomxb/Build/Products/Debug-iphonesimulator/GartenWidgetExtension.appex/nl.lproj/Localizable.strings /Users/jannikschill/Documents/Garten-Simulation/GartenWidget/nl.lproj/Localizable.strings (in target 'GartenWidgetExtension' from project 'Garten_Simulation')
    cd /Users/jannikschill/Documents/Garten-Simulation
    builtin-copyStrings --validate --outputencoding binary --outfilename Localizable.strings --outdir /Users/jannikschill/Library/Developer/Xcode/DerivedData/Garten_Simulation-eroxfyrnurmsaraojtkexlvtomxb/Build/Products/Debug-iphonesimulator/GartenWidgetExtension.appex/nl.lproj -- /Users/jannikschill/Documents/Garten-Simulation/GartenWidget/nl.lproj/Localizable.strings
/Users/jannikschill/Documents/Garten-Simulation/GartenWidget/nl.lproj/Localizable.strings:1:1: note: detected encoding of input file as Unicode (UTF-8) (in target 'GartenWidgetExtension' from project 'Garten_Simulation')

CopyStringsFile /Users/jannikschill/Library/Developer/Xcode/DerivedData/Garten_Simulation-eroxfyrnurmsaraojtkexlvtomxb/Build/Products/Debug-iphonesimulator/GartenWidgetExtension.appex/pl.lproj/Localizable.strings /Users/jannikschill/Documents/Garten-Simulation/GartenWidget/pl.lproj/Localizable.strings (in target 'GartenWidgetExtension' from project 'Garten_Simulation')
    cd /Users/jannikschill/Documents/Garten-Simulation
    builtin-copyStrings --validate --outputencoding binary --outfilename Localizable.strings --outdir /Users/jannikschill/Library/Developer/Xcode/DerivedData/Garten_Simulation-eroxfyrnurmsaraojtkexlvtomxb/Build/Products/Debug-iphonesimulator/GartenWidgetExtension.appex/pl.lproj -- /Users/jannikschill/Documents/Garten-Simulation/GartenWidget/pl.lproj/Localizable.strings
/Users/jannikschill/Documents/Garten-Simulation/GartenWidget/pl.lproj/Localizable.strings:1:1: note: detected encoding of input file as Unicode (UTF-8) (in target 'GartenWidgetExtension' from project 'Garten_Simulation')

CopyStringsFile /Users/jannikschill/Library/Developer/Xcode/DerivedData/Garten_Simulation-eroxfyrnurmsaraojtkexlvtomxb/Build/Products/Debug-iphonesimulator/GartenWidgetExtension.appex/ko.lproj/Localizable.strings /Users/jannikschill/Documents/Garten-Simulation/GartenWidget/ko.lproj/Localizable.strings (in target 'GartenWidgetExtension' from project 'Garten_Simulation')
    cd /Users/jannikschill/Documents/Garten-Simulation
    builtin-copyStrings --validate --outputencoding binary --outfilename Localizable.strings --outdir /Users/jannikschill/Library/Developer/Xcode/DerivedData/Garten_Simulation-eroxfyrnurmsaraojtkexlvtomxb/Build/Products/Debug-iphonesimulator/GartenWidgetExtension.appex/ko.lproj -- /Users/jannikschill/Documents/Garten-Simulation/GartenWidget/ko.lproj/Localizable.strings
/Users/jannikschill/Documents/Garten-Simulation/GartenWidget/ko.lproj/Localizable.strings:1:1: note: detected encoding of input file as Unicode (UTF-8) (in target 'GartenWidgetExtension' from project 'Garten_Simulation')

CopyStringsFile /Users/jannikschill/Library/Developer/Xcode/DerivedData/Garten_Simulation-eroxfyrnurmsaraojtkexlvtomxb/Build/Products/Debug-iphonesimulator/GartenWidgetExtension.appex/ja.lproj/Localizable.strings /Users/jannikschill/Documents/Garten-Simulation/GartenWidget/ja.lproj/Localizable.strings (in target 'GartenWidgetExtension' from project 'Garten_Simulation')
    cd /Users/jannikschill/Documents/Garten-Simulation
    builtin-copyStrings --validate --outputencoding binary --outfilename Localizable.strings --outdir /Users/jannikschill/Library/Developer/Xcode/DerivedData/Garten_Simulation-eroxfyrnurmsaraojtkexlvtomxb/Build/Products/Debug-iphonesimulator/GartenWidgetExtension.appex/ja.lproj -- /Users/jannikschill/Documents/Garten-Simulation/GartenWidget/ja.lproj/Localizable.strings
/Users/jannikschill/Documents/Garten-Simulation/GartenWidget/ja.lproj/Localizable.strings:1:1: note: detected encoding of input file as Unicode (UTF-8) (in target 'GartenWidgetExtension' from project 'Garten_Simulation')

CopyStringsFile /Users/jannikschill/Library/Developer/Xcode/DerivedData/Garten_Simulation-eroxfyrnurmsaraojtkexlvtomxb/Build/Products/Debug-iphonesimulator/GartenWidgetExtension.appex/it.lproj/Localizable.strings /Users/jannikschill/Documents/Garten-Simulation/GartenWidget/it.lproj/Localizable.strings (in target 'GartenWidgetExtension' from project 'Garten_Simulation')
    cd /Users/jannikschill/Documents/Garten-Simulation
    builtin-copyStrings --validate --outputencoding binary --outfilename Localizable.strings --outdir /Users/jannikschill/Library/Developer/Xcode/DerivedData/Garten_Simulation-eroxfyrnurmsaraojtkexlvtomxb/Build/Products/Debug-iphonesimulator/GartenWidgetExtension.appex/it.lproj -- /Users/jannikschill/Documents/Garten-Simulation/GartenWidget/it.lproj/Localizable.strings
/Users/jannikschill/Documents/Garten-Simulation/GartenWidget/it.lproj/Localizable.strings:1:1: note: detected encoding of input file as Unicode (UTF-8) (in target 'GartenWidgetExtension' from project 'Garten_Simulation')

CopyStringsFile /Users/jannikschill/Library/Developer/Xcode/DerivedData/Garten_Simulation-eroxfyrnurmsaraojtkexlvtomxb/Build/Products/Debug-iphonesimulator/GartenWidgetExtension.appex/fr.lproj/Localizable.strings /Users/jannikschill/Documents/Garten-Simulation/GartenWidget/fr.lproj/Localizable.strings (in target 'GartenWidgetExtension' from project 'Garten_Simulation')
    cd /Users/jannikschill/Documents/Garten-Simulation
    builtin-copyStrings --validate --outputencoding binary --outfilename Localizable.strings --outdir /Users/jannikschill/Library/Developer/Xcode/DerivedData/Garten_Simulation-eroxfyrnurmsaraojtkexlvtomxb/Build/Products/Debug-iphonesimulator/GartenWidgetExtension.appex/fr.lproj -- /Users/jannikschill/Documents/Garten-Simulation/GartenWidget/fr.lproj/Localizable.strings
/Users/jannikschill/Documents/Garten-Simulation/GartenWidget/fr.lproj/Localizable.strings:1:1: note: detected encoding of input file as Unicode (UTF-8) (in target 'GartenWidgetExtension' from project 'Garten_Simulation')

CopyStringsFile /Users/jannikschill/Library/Developer/Xcode/DerivedData/Garten_Simulation-eroxfyrnurmsaraojtkexlvtomxb/Build/Products/Debug-iphonesimulator/GartenWidgetExtension.appex/es.lproj/Localizable.strings /Users/jannikschill/Documents/Garten-Simulation/GartenWidget/es.lproj/Localizable.strings (in target 'GartenWidgetExtension' from project 'Garten_Simulation')
    cd /Users/jannikschill/Documents/Garten-Simulation
    builtin-copyStrings --validate --outputencoding binary --outfilename Localizable.strings --outdir /Users/jannikschill/Library/Developer/Xcode/DerivedData/Garten_Simulation-eroxfyrnurmsaraojtkexlvtomxb/Build/Products/Debug-iphonesimulator/GartenWidgetExtension.appex/es.lproj -- /Users/jannikschill/Documents/Garten-Simulation/GartenWidget/es.lproj/Localizable.strings
/Users/jannikschill/Documents/Garten-Simulation/GartenWidget/es.lproj/Localizable.strings:1:1: note: detected encoding of input file as Unicode (UTF-8) (in target 'GartenWidgetExtension' from project 'Garten_Simulation')

CopyStringsFile /Users/jannikschill/Library/Developer/Xcode/DerivedData/Garten_Simulation-eroxfyrnurmsaraojtkexlvtomxb/Build/Products/Debug-iphonesimulator/GartenWidgetExtension.appex/en.lproj/Localizable.strings /Users/jannikschill/Documents/Garten-Simulation/GartenWidget/en.lproj/Localizable.strings (in target 'GartenWidgetExtension' from project 'Garten_Simulation')
    cd /Users/jannikschill/Documents/Garten-Simulation
    builtin-copyStrings --validate --outputencoding binary --outfilename Localizable.strings --outdir /Users/jannikschill/Library/Developer/Xcode/DerivedData/Garten_Simulation-eroxfyrnurmsaraojtkexlvtomxb/Build/Products/Debug-iphonesimulator/GartenWidgetExtension.appex/en.lproj -- /Users/jannikschill/Documents/Garten-Simulation/GartenWidget/en.lproj/Localizable.strings
/Users/jannikschill/Documents/Garten-Simulation/GartenWidget/en.lproj/Localizable.strings:1:1: note: detected encoding of input file as Unicode (UTF-8) (in target 'GartenWidgetExtension' from project 'Garten_Simulation')

CopyStringsFile /Users/jannikschill/Library/Developer/Xcode/DerivedData/Garten_Simulation-eroxfyrnurmsaraojtkexlvtomxb/Build/Products/Debug-iphonesimulator/GartenWidgetExtension.appex/de.lproj/Localizable.strings /Users/jannikschill/Documents/Garten-Simulation/GartenWidget/de.lproj/Localizable.strings (in target 'GartenWidgetExtension' from project 'Garten_Simulation')
    cd /Users/jannikschill/Documents/Garten-Simulation
    builtin-copyStrings --validate --outputencoding binary --outfilename Localizable.strings --outdir /Users/jannikschill/Library/Developer/Xcode/DerivedData/Garten_Simulation-eroxfyrnurmsaraojtkexlvtomxb/Build/Products/Debug-iphonesimulator/GartenWidgetExtension.appex/de.lproj -- /Users/jannikschill/Documents/Garten-Simulation/GartenWidget/de.lproj/Localizable.strings
/Users/jannikschill/Documents/Garten-Simulation/GartenWidget/de.lproj/Localizable.strings:1:1: note: detected encoding of input file as Unicode (UTF-8) (in target 'GartenWidgetExtension' from project 'Garten_Simulation')

WriteAuxiliaryFile /Users/jannikschill/Library/Developer/Xcode/DerivedData/Garten_Simulation-eroxfyrnurmsaraojtkexlvtomxb/Build/Intermediates.noindex/Garten_Simulation.build/Debug-iphonesimulator/Garten_Simulation.build/Objects-normal/arm64/Grovy.SwiftFileList (in target 'Garten_Simulation' from project 'Garten_Simulation')
    cd /Users/jannikschill/Documents/Garten-Simulation
    write-file /Users/jannikschill/Library/Developer/Xcode/DerivedData/Garten_Simulation-eroxfyrnurmsaraojtkexlvtomxb/Build/Intermediates.noindex/Garten_Simulation.build/Debug-iphonesimulator/Garten_Simulation.build/Objects-normal/arm64/Grovy.SwiftFileList

WriteAuxiliaryFile /Users/jannikschill/Library/Developer/Xcode/DerivedData/Garten_Simulation-eroxfyrnurmsaraojtkexlvtomxb/Build/Intermediates.noindex/DotLottie.build/Debug-iphonesimulator/DotLottie.build/DotLottie.DependencyStaticMetadataFileList (in target 'DotLottie' from project 'DotLottie')
    cd /Users/jannikschill/Library/Developer/Xcode/DerivedData/Garten_Simulation-eroxfyrnurmsaraojtkexlvtomxb/SourcePackages/checkouts/dotlottie-ios
    write-file /Users/jannikschill/Library/Developer/Xcode/DerivedData/Garten_Simulation-eroxfyrnurmsaraojtkexlvtomxb/Build/Intermediates.noindex/DotLottie.build/Debug-iphonesimulator/DotLottie.build/DotLottie.DependencyStaticMetadataFileList

WriteAuxiliaryFile /Users/jannikschill/Library/Developer/Xcode/DerivedData/Garten_Simulation-eroxfyrnurmsaraojtkexlvtomxb/Build/Intermediates.noindex/DotLottie.build/Debug-iphonesimulator/DotLottie.build/DotLottie.modulemap (in target 'DotLottie' from project 'DotLottie')
    cd /Users/jannikschill/Library/Developer/Xcode/DerivedData/Garten_Simulation-eroxfyrnurmsaraojtkexlvtomxb/SourcePackages/checkouts/dotlottie-ios
    write-file /Users/jannikschill/Library/Developer/Xcode/DerivedData/Garten_Simulation-eroxfyrnurmsaraojtkexlvtomxb/Build/Intermediates.noindex/DotLottie.build/Debug-iphonesimulator/DotLottie.build/DotLottie.modulemap

WriteAuxiliaryFile /Users/jannikschill/Library/Developer/Xcode/DerivedData/Garten_Simulation-eroxfyrnurmsaraojtkexlvtomxb/Build/Intermediates.noindex/Garten_Simulation.build/Debug-iphonesimulator/Garten_Simulation.build/Objects-normal/arm64/Grovy.SwiftConstValuesFileList (in target 'Garten_Simulation' from project 'Garten_Simulation')
    cd /Users/jannikschill/Documents/Garten-Simulation
    write-file /Users/jannikschill/Library/Developer/Xcode/DerivedData/Garten_Simulation-eroxfyrnurmsaraojtkexlvtomxb/Build/Intermediates.noindex/Garten_Simulation.build/Debug-iphonesimulator/Garten_Simulation.build/Objects-normal/arm64/Grovy.SwiftConstValuesFileList

WriteAuxiliaryFile /Users/jannikschill/Library/Developer/Xcode/DerivedData/Garten_Simulation-eroxfyrnurmsaraojtkexlvtomxb/Build/Intermediates.noindex/DotLottie.build/Debug-iphonesimulator/DotLottie.build/Objects-normal/arm64/DotLottie.LinkFileList (in target 'DotLottie' from project 'DotLottie')
    cd /Users/jannikschill/Library/Developer/Xcode/DerivedData/Garten_Simulation-eroxfyrnurmsaraojtkexlvtomxb/SourcePackages/checkouts/dotlottie-ios
    write-file /Users/jannikschill/Library/Developer/Xcode/DerivedData/Garten_Simulation-eroxfyrnurmsaraojtkexlvtomxb/Build/Intermediates.noindex/DotLottie.build/Debug-iphonesimulator/DotLottie.build/Objects-normal/arm64/DotLottie.LinkFileList

WriteAuxiliaryFile /Users/jannikschill/Library/Developer/Xcode/DerivedData/Garten_Simulation-eroxfyrnurmsaraojtkexlvtomxb/Build/Intermediates.noindex/DotLottie.build/Debug-iphonesimulator/DotLottie.build/Objects-normal/arm64/DotLottie-OutputFileMap.json (in target 'DotLottie' from project 'DotLottie')
    cd /Users/jannikschill/Library/Developer/Xcode/DerivedData/Garten_Simulation-eroxfyrnurmsaraojtkexlvtomxb/SourcePackages/checkouts/dotlottie-ios
    write-file /Users/jannikschill/Library/Developer/Xcode/DerivedData/Garten_Simulation-eroxfyrnurmsaraojtkexlvtomxb/Build/Intermediates.noindex/DotLottie.build/Debug-iphonesimulator/DotLottie.build/Objects-normal/arm64/DotLottie-OutputFileMap.json

WriteAuxiliaryFile /Users/jannikschill/Library/Developer/Xcode/DerivedData/Garten_Simulation-eroxfyrnurmsaraojtkexlvtomxb/Build/Intermediates.noindex/DotLottie.build/Debug-iphonesimulator/DotLottie.build/Objects-normal/arm64/DotLottie.SwiftConstValuesFileList (in target 'DotLottie' from project 'DotLottie')
    cd /Users/jannikschill/Library/Developer/Xcode/DerivedData/Garten_Simulation-eroxfyrnurmsaraojtkexlvtomxb/SourcePackages/checkouts/dotlottie-ios
    write-file /Users/jannikschill/Library/Developer/Xcode/DerivedData/Garten_Simulation-eroxfyrnurmsaraojtkexlvtomxb/Build/Intermediates.noindex/DotLottie.build/Debug-iphonesimulator/DotLottie.build/Objects-normal/arm64/DotLottie.SwiftConstValuesFileList

WriteAuxiliaryFile /Users/jannikschill/Library/Developer/Xcode/DerivedData/Garten_Simulation-eroxfyrnurmsaraojtkexlvtomxb/Build/Intermediates.noindex/Garten_Simulation.build/Debug-iphonesimulator/Garten_Simulation.build/Objects-normal/arm64/Grovy.LinkFileList (in target 'Garten_Simulation' from project 'Garten_Simulation')
    cd /Users/jannikschill/Documents/Garten-Simulation
    write-file /Users/jannikschill/Library/Developer/Xcode/DerivedData/Garten_Simulation-eroxfyrnurmsaraojtkexlvtomxb/Build/Intermediates.noindex/Garten_Simulation.build/Debug-iphonesimulator/Garten_Simulation.build/Objects-normal/arm64/Grovy.LinkFileList

WriteAuxiliaryFile /Users/jannikschill/Library/Developer/Xcode/DerivedData/Garten_Simulation-eroxfyrnurmsaraojtkexlvtomxb/Build/Intermediates.noindex/Garten_Simulation.build/Debug-iphonesimulator/Garten_Simulation.build/Objects-normal/arm64/Garten_Simulation_const_extract_protocols.json (in target 'Garten_Simulation' from project 'Garten_Simulation')
    cd /Users/jannikschill/Documents/Garten-Simulation
    write-file /Users/jannikschill/Library/Developer/Xcode/DerivedData/Garten_Simulation-eroxfyrnurmsaraojtkexlvtomxb/Build/Intermediates.noindex/Garten_Simulation.build/Debug-iphonesimulator/Garten_Simulation.build/Objects-normal/arm64/Garten_Simulation_const_extract_protocols.json

WriteAuxiliaryFile /Users/jannikschill/Library/Developer/Xcode/DerivedData/Garten_Simulation-eroxfyrnurmsaraojtkexlvtomxb/Build/Intermediates.noindex/DotLottie.build/Debug-iphonesimulator/DotLottie.build/Objects-normal/arm64/DotLottie.SwiftFileList (in target 'DotLottie' from project 'DotLottie')
    cd /Users/jannikschill/Library/Developer/Xcode/DerivedData/Garten_Simulation-eroxfyrnurmsaraojtkexlvtomxb/SourcePackages/checkouts/dotlottie-ios
    write-file /Users/jannikschill/Library/Developer/Xcode/DerivedData/Garten_Simulation-eroxfyrnurmsaraojtkexlvtomxb/Build/Intermediates.noindex/DotLottie.build/Debug-iphonesimulator/DotLottie.build/Objects-normal/arm64/DotLottie.SwiftFileList

WriteAuxiliaryFile /Users/jannikschill/Library/Developer/Xcode/DerivedData/Garten_Simulation-eroxfyrnurmsaraojtkexlvtomxb/Build/Intermediates.noindex/DotLottie.build/Debug-iphonesimulator/DotLottie.build/Objects-normal/arm64/DotLottie_const_extract_protocols.json (in target 'DotLottie' from project 'DotLottie')
    cd /Users/jannikschill/Library/Developer/Xcode/DerivedData/Garten_Simulation-eroxfyrnurmsaraojtkexlvtomxb/SourcePackages/checkouts/dotlottie-ios
    write-file /Users/jannikschill/Library/Developer/Xcode/DerivedData/Garten_Simulation-eroxfyrnurmsaraojtkexlvtomxb/Build/Intermediates.noindex/DotLottie.build/Debug-iphonesimulator/DotLottie.build/Objects-normal/arm64/DotLottie_const_extract_protocols.json

WriteAuxiliaryFile /Users/jannikschill/Library/Developer/Xcode/DerivedData/Garten_Simulation-eroxfyrnurmsaraojtkexlvtomxb/Build/Intermediates.noindex/Garten_Simulation.build/Debug-iphonesimulator/Garten_Simulation.build/Objects-normal/arm64/Garten_Simulation-OutputFileMap.json (in target 'Garten_Simulation' from project 'Garten_Simulation')
    cd /Users/jannikschill/Documents/Garten-Simulation
    write-file /Users/jannikschill/Library/Developer/Xcode/DerivedData/Garten_Simulation-eroxfyrnurmsaraojtkexlvtomxb/Build/Intermediates.noindex/Garten_Simulation.build/Debug-iphonesimulator/Garten_Simulation.build/Objects-normal/arm64/Garten_Simulation-OutputFileMap.json

WriteAuxiliaryFile /Users/jannikschill/Library/Developer/Xcode/DerivedData/Garten_Simulation-eroxfyrnurmsaraojtkexlvtomxb/Build/Intermediates.noindex/Garten_Simulation.build/Debug-iphonesimulator/Garten_Simulation.build/Grovy.hmap (in target 'Garten_Simulation' from project 'Garten_Simulation')
    cd /Users/jannikschill/Documents/Garten-Simulation
    write-file /Users/jannikschill/Library/Developer/Xcode/DerivedData/Garten_Simulation-eroxfyrnurmsaraojtkexlvtomxb/Build/Intermediates.noindex/Garten_Simulation.build/Debug-iphonesimulator/Garten_Simulation.build/Grovy.hmap

WriteAuxiliaryFile /Users/jannikschill/Library/Developer/Xcode/DerivedData/Garten_Simulation-eroxfyrnurmsaraojtkexlvtomxb/Build/Intermediates.noindex/Garten_Simulation.build/Debug-iphonesimulator/Garten_Simulation.build/Grovy.DependencyStaticMetadataFileList (in target 'Garten_Simulation' from project 'Garten_Simulation')
    cd /Users/jannikschill/Documents/Garten-Simulation
    write-file /Users/jannikschill/Library/Developer/Xcode/DerivedData/Garten_Simulation-eroxfyrnurmsaraojtkexlvtomxb/Build/Intermediates.noindex/Garten_Simulation.build/Debug-iphonesimulator/Garten_Simulation.build/Grovy.DependencyStaticMetadataFileList

WriteAuxiliaryFile /Users/jannikschill/Library/Developer/Xcode/DerivedData/Garten_Simulation-eroxfyrnurmsaraojtkexlvtomxb/Build/Intermediates.noindex/Garten_Simulation.build/Debug-iphonesimulator/Garten_Simulation.build/Grovy.DependencyMetadataFileList (in target 'Garten_Simulation' from project 'Garten_Simulation')
    cd /Users/jannikschill/Documents/Garten-Simulation
    write-file /Users/jannikschill/Library/Developer/Xcode/DerivedData/Garten_Simulation-eroxfyrnurmsaraojtkexlvtomxb/Build/Intermediates.noindex/Garten_Simulation.build/Debug-iphonesimulator/Garten_Simulation.build/Grovy.DependencyMetadataFileList

WriteAuxiliaryFile /Users/jannikschill/Library/Developer/Xcode/DerivedData/Garten_Simulation-eroxfyrnurmsaraojtkexlvtomxb/Build/Intermediates.noindex/Garten_Simulation.build/Debug-iphonesimulator/Garten_Simulation.build/Grovy-project-headers.hmap (in target 'Garten_Simulation' from project 'Garten_Simulation')
    cd /Users/jannikschill/Documents/Garten-Simulation
    write-file /Users/jannikschill/Library/Developer/Xcode/DerivedData/Garten_Simulation-eroxfyrnurmsaraojtkexlvtomxb/Build/Intermediates.noindex/Garten_Simulation.build/Debug-iphonesimulator/Garten_Simulation.build/Grovy-project-headers.hmap

WriteAuxiliaryFile /Users/jannikschill/Library/Developer/Xcode/DerivedData/Garten_Simulation-eroxfyrnurmsaraojtkexlvtomxb/Build/Intermediates.noindex/Garten_Simulation.build/Debug-iphonesimulator/Garten_Simulation.build/Grovy-generated-files.hmap (in target 'Garten_Simulation' from project 'Garten_Simulation')
    cd /Users/jannikschill/Documents/Garten-Simulation
    write-file /Users/jannikschill/Library/Developer/Xcode/DerivedData/Garten_Simulation-eroxfyrnurmsaraojtkexlvtomxb/Build/Intermediates.noindex/Garten_Simulation.build/Debug-iphonesimulator/Garten_Simulation.build/Grovy-generated-files.hmap

WriteAuxiliaryFile /Users/jannikschill/Library/Developer/Xcode/DerivedData/Garten_Simulation-eroxfyrnurmsaraojtkexlvtomxb/Build/Intermediates.noindex/Garten_Simulation.build/Debug-iphonesimulator/Garten_Simulation.build/Grovy-own-target-headers.hmap (in target 'Garten_Simulation' from project 'Garten_Simulation')
    cd /Users/jannikschill/Documents/Garten-Simulation
    write-file /Users/jannikschill/Library/Developer/Xcode/DerivedData/Garten_Simulation-eroxfyrnurmsaraojtkexlvtomxb/Build/Intermediates.noindex/Garten_Simulation.build/Debug-iphonesimulator/Garten_Simulation.build/Grovy-own-target-headers.hmap

WriteAuxiliaryFile /Users/jannikschill/Library/Developer/Xcode/DerivedData/Garten_Simulation-eroxfyrnurmsaraojtkexlvtomxb/Build/Intermediates.noindex/Garten_Simulation.build/Debug-iphonesimulator/Garten_Simulation.build/Grovy-all-target-headers.hmap (in target 'Garten_Simulation' from project 'Garten_Simulation')
    cd /Users/jannikschill/Documents/Garten-Simulation
    write-file /Users/jannikschill/Library/Developer/Xcode/DerivedData/Garten_Simulation-eroxfyrnurmsaraojtkexlvtomxb/Build/Intermediates.noindex/Garten_Simulation.build/Debug-iphonesimulator/Garten_Simulation.build/Grovy-all-target-headers.hmap

WriteAuxiliaryFile /Users/jannikschill/Library/Developer/Xcode/DerivedData/Garten_Simulation-eroxfyrnurmsaraojtkexlvtomxb/Build/Intermediates.noindex/Garten_Simulation.build/Debug-iphonesimulator/Garten_Simulation.build/Grovy-all-non-framework-target-headers.hmap (in target 'Garten_Simulation' from project 'Garten_Simulation')
    cd /Users/jannikschill/Documents/Garten-Simulation
    write-file /Users/jannikschill/Library/Developer/Xcode/DerivedData/Garten_Simulation-eroxfyrnurmsaraojtkexlvtomxb/Build/Intermediates.noindex/Garten_Simulation.build/Debug-iphonesimulator/Garten_Simulation.build/Grovy-all-non-framework-target-headers.hmap

WriteAuxiliaryFile /Users/jannikschill/Library/Developer/Xcode/DerivedData/Garten_Simulation-eroxfyrnurmsaraojtkexlvtomxb/Build/Intermediates.noindex/Garten_Simulation.build/Debug-iphonesimulator/Garten_Simulation.build/Grovy-DebugDylibPath-normal-arm64.txt (in target 'Garten_Simulation' from project 'Garten_Simulation')
    cd /Users/jannikschill/Documents/Garten-Simulation
    write-file /Users/jannikschill/Library/Developer/Xcode/DerivedData/Garten_Simulation-eroxfyrnurmsaraojtkexlvtomxb/Build/Intermediates.noindex/Garten_Simulation.build/Debug-iphonesimulator/Garten_Simulation.build/Grovy-DebugDylibPath-normal-arm64.txt

WriteAuxiliaryFile /Users/jannikschill/Library/Developer/Xcode/DerivedData/Garten_Simulation-eroxfyrnurmsaraojtkexlvtomxb/Build/Intermediates.noindex/Garten_Simulation.build/Debug-iphonesimulator/Garten_Simulation.build/Grovy-DebugDylibInstallName-normal-arm64.txt (in target 'Garten_Simulation' from project 'Garten_Simulation')
    cd /Users/jannikschill/Documents/Garten-Simulation
    write-file /Users/jannikschill/Library/Developer/Xcode/DerivedData/Garten_Simulation-eroxfyrnurmsaraojtkexlvtomxb/Build/Intermediates.noindex/Garten_Simulation.build/Debug-iphonesimulator/Garten_Simulation.build/Grovy-DebugDylibInstallName-normal-arm64.txt

WriteAuxiliaryFile /Users/jannikschill/Library/Developer/Xcode/DerivedData/Garten_Simulation-eroxfyrnurmsaraojtkexlvtomxb/Build/Intermediates.noindex/DotLottie.build/Debug-iphonesimulator/DotLottie.build/DotLottie.DependencyMetadataFileList (in target 'DotLottie' from project 'DotLottie')
    cd /Users/jannikschill/Library/Developer/Xcode/DerivedData/Garten_Simulation-eroxfyrnurmsaraojtkexlvtomxb/SourcePackages/checkouts/dotlottie-ios
    write-file /Users/jannikschill/Library/Developer/Xcode/DerivedData/Garten_Simulation-eroxfyrnurmsaraojtkexlvtomxb/Build/Intermediates.noindex/DotLottie.build/Debug-iphonesimulator/DotLottie.build/DotLottie.DependencyMetadataFileList

WriteAuxiliaryFile /Users/jannikschill/Library/Developer/Xcode/DerivedData/Garten_Simulation-eroxfyrnurmsaraojtkexlvtomxb/Build/Intermediates.noindex/Garten_Simulation.build/Debug-iphonesimulator/Garten_Simulation.build/DerivedSources/Entitlements-Simulated.plist (in target 'Garten_Simulation' from project 'Garten_Simulation')
    cd /Users/jannikschill/Documents/Garten-Simulation
    write-file /Users/jannikschill/Library/Developer/Xcode/DerivedData/Garten_Simulation-eroxfyrnurmsaraojtkexlvtomxb/Build/Intermediates.noindex/Garten_Simulation.build/Debug-iphonesimulator/Garten_Simulation.build/DerivedSources/Entitlements-Simulated.plist

MkDir /Users/jannikschill/Library/Developer/Xcode/DerivedData/Garten_Simulation-eroxfyrnurmsaraojtkexlvtomxb/Build/Products/Debug-iphonesimulator/Grovy.app (in target 'Garten_Simulation' from project 'Garten_Simulation')
    cd /Users/jannikschill/Documents/Garten-Simulation
    /bin/mkdir -p /Users/jannikschill/Library/Developer/Xcode/DerivedData/Garten_Simulation-eroxfyrnurmsaraojtkexlvtomxb/Build/Products/Debug-iphonesimulator/Grovy.app

MkDir /Users/jannikschill/Library/Developer/Xcode/DerivedData/Garten_Simulation-eroxfyrnurmsaraojtkexlvtomxb/Build/Products/Debug-iphonesimulator/Grovy.app/Frameworks (in target 'Garten_Simulation' from project 'Garten_Simulation')
    cd /Users/jannikschill/Documents/Garten-Simulation
    /bin/mkdir -p /Users/jannikschill/Library/Developer/Xcode/DerivedData/Garten_Simulation-eroxfyrnurmsaraojtkexlvtomxb/Build/Products/Debug-iphonesimulator/Grovy.app/Frameworks

MkDir /Users/jannikschill/Library/Developer/Xcode/DerivedData/Garten_Simulation-eroxfyrnurmsaraojtkexlvtomxb/Build/Products/Debug-iphonesimulator/Grovy.app/PlugIns (in target 'Garten_Simulation' from project 'Garten_Simulation')
    cd /Users/jannikschill/Documents/Garten-Simulation
    /bin/mkdir -p /Users/jannikschill/Library/Developer/Xcode/DerivedData/Garten_Simulation-eroxfyrnurmsaraojtkexlvtomxb/Build/Products/Debug-iphonesimulator/Grovy.app/PlugIns

Copy /Users/jannikschill/Library/Developer/Xcode/DerivedData/Garten_Simulation-eroxfyrnurmsaraojtkexlvtomxb/Build/Intermediates.noindex/GeneratedModuleMaps-iphonesimulator/DotLottie.modulemap /Users/jannikschill/Library/Developer/Xcode/DerivedData/Garten_Simulation-eroxfyrnurmsaraojtkexlvtomxb/Build/Intermediates.noindex/DotLottie.build/Debug-iphonesimulator/DotLottie.build/DotLottie.modulemap (in target 'DotLottie' from project 'DotLottie')
    cd /Users/jannikschill/Library/Developer/Xcode/DerivedData/Garten_Simulation-eroxfyrnurmsaraojtkexlvtomxb/SourcePackages/checkouts/dotlottie-ios
    builtin-copy -exclude .DS_Store -exclude CVS -exclude .svn -exclude .git -exclude .hg -resolve-src-symlinks /Users/jannikschill/Library/Developer/Xcode/DerivedData/Garten_Simulation-eroxfyrnurmsaraojtkexlvtomxb/Build/Intermediates.noindex/DotLottie.build/Debug-iphonesimulator/DotLottie.build/DotLottie.modulemap /Users/jannikschill/Library/Developer/Xcode/DerivedData/Garten_Simulation-eroxfyrnurmsaraojtkexlvtomxb/Build/Intermediates.noindex/GeneratedModuleMaps-iphonesimulator

SwiftDriver DotLottie normal arm64 com.apple.xcode.tools.swift.compiler (in target 'DotLottie' from project 'DotLottie')
    cd /Users/jannikschill/Documents/Garten-Simulation/Garten_Simulation.xcodeproj
    builtin-SwiftDriver -- /Applications/Xcode.app/Contents/Developer/Toolchains/XcodeDefault.xctoolchain/usr/bin/swiftc -module-name DotLottie -Onone @/Users/jannikschill/Library/Developer/Xcode/DerivedData/Garten_Simulation-eroxfyrnurmsaraojtkexlvtomxb/Build/Intermediates.noindex/DotLottie.build/Debug-iphonesimulator/DotLottie.build/Objects-normal/arm64/DotLottie.SwiftFileList -DSWIFT_PACKAGE -DDEBUG -DSWIFT_MODULE_RESOURCE_BUNDLE_UNAVAILABLE -DXcode -plugin-path /Applications/Xcode.app/Contents/Developer/Toolchains/XcodeDefault.xctoolchain/usr/lib/swift/host/plugins/testing -enable-experimental-feature DebugDescriptionMacro -sdk /Applications/Xcode.app/Contents/Developer/Platforms/iPhoneSimulator.platform/Developer/SDKs/iPhoneSimulator26.5.sdk -target arm64-apple-ios13.0-simulator -g -module-cache-path /Users/jannikschill/Library/Developer/Xcode/DerivedData/ModuleCache.noindex -Xfrontend -serialize-debugging-options -profile-coverage-mapping -profile-generate -enable-testing -suppress-warnings -index-store-path /Users/jannikschill/Library/Developer/Xcode/DerivedData/Garten_Simulation-eroxfyrnurmsaraojtkexlvtomxb/Index.noindex/DataStore -Xcc -D_LIBCPP_HARDENING_MODE\=_LIBCPP_HARDENING_MODE_DEBUG -swift-version 5 -I /Users/jannikschill/Library/Developer/Xcode/DerivedData/Garten_Simulation-eroxfyrnurmsaraojtkexlvtomxb/Build/Products/Debug-iphonesimulator -Isystem /Applications/Xcode.app/Contents/Developer/Platforms/iPhoneSimulator.platform/Developer/usr/lib -F /Users/jannikschill/Library/Developer/Xcode/DerivedData/Garten_Simulation-eroxfyrnurmsaraojtkexlvtomxb/Build/Products/Debug-iphonesimulator -F /Applications/Xcode.app/Contents/Developer/Platforms/iPhoneSimulator.platform/Developer/Library/Frameworks -F /Applications/Xcode.app/Contents/Developer/Platforms/iPhoneSimulator.platform/Developer/SDKs/iPhoneSimulator26.5.sdk/Developer/Library/Frameworks -c -j12 -enable-batch-mode -incremental -Xcc -ivfsstatcache -Xcc /Users/jannikschill/Library/Developer/Xcode/DerivedData/SDKStatCaches.noindex/iphonesimulator26.5-23F73-688ef53f1462e2c8f657fdc38a81448f6cfe768891a92b912361537c460fe42b.sdkstatcache -output-file-map /Users/jannikschill/Library/Developer/Xcode/DerivedData/Garten_Simulation-eroxfyrnurmsaraojtkexlvtomxb/Build/Intermediates.noindex/DotLottie.build/Debug-iphonesimulator/DotLottie.build/Objects-normal/arm64/DotLottie-OutputFileMap.json -use-frontend-parseable-output -save-temps -no-color-diagnostics -explicit-module-build -module-cache-path /Users/jannikschill/Library/Developer/Xcode/DerivedData/Garten_Simulation-eroxfyrnurmsaraojtkexlvtomxb/Build/Intermediates.noindex/SwiftExplicitPrecompiledModules -clang-scanner-module-cache-path /Users/jannikschill/Library/Developer/Xcode/DerivedData/ModuleCache.noindex -sdk-module-cache-path /Users/jannikschill/Library/Developer/Xcode/DerivedData/ModuleCache.noindex -serialize-diagnostics -emit-dependencies -emit-module -emit-module-path /Users/jannikschill/Library/Developer/Xcode/DerivedData/Garten_Simulation-eroxfyrnurmsaraojtkexlvtomxb/Build/Intermediates.noindex/DotLottie.build/Debug-iphonesimulator/DotLottie.build/Objects-normal/arm64/DotLottie.swiftmodule -validate-clang-modules-once -clang-build-session-file /Users/jannikschill/Library/Developer/Xcode/DerivedData/ModuleCache.noindex/Session.modulevalidation -Xcc -I/Users/jannikschill/Library/Developer/Xcode/DerivedData/Garten_Simulation-eroxfyrnurmsaraojtkexlvtomxb/Build/Intermediates.noindex/DotLottie.build/Debug-iphonesimulator/DotLottie.build/swift-overrides.hmap -emit-const-values -Xfrontend -const-gather-protocols-file -Xfrontend /Users/jannikschill/Library/Developer/Xcode/DerivedData/Garten_Simulation-eroxfyrnurmsaraojtkexlvtomxb/Build/Intermediates.noindex/DotLottie.build/Debug-iphonesimulator/DotLottie.build/Objects-normal/arm64/DotLottie_const_extract_protocols.json -Xcc -I/Users/jannikschill/Library/Developer/Xcode/DerivedData/Garten_Simulation-eroxfyrnurmsaraojtkexlvtomxb/Build/Products/Debug-iphonesimulator/include -Xcc -I/Users/jannikschill/Library/Developer/Xcode/DerivedData/Garten_Simulation-eroxfyrnurmsaraojtkexlvtomxb/Build/Intermediates.noindex/DotLottie.build/Debug-iphonesimulator/DotLottie.build/DerivedSources-normal/arm64 -Xcc -I/Users/jannikschill/Library/Developer/Xcode/DerivedData/Garten_Simulation-eroxfyrnurmsaraojtkexlvtomxb/Build/Intermediates.noindex/DotLottie.build/Debug-iphonesimulator/DotLottie.build/DerivedSources/arm64 -Xcc -I/Users/jannikschill/Library/Developer/Xcode/DerivedData/Garten_Simulation-eroxfyrnurmsaraojtkexlvtomxb/Build/Intermediates.noindex/DotLottie.build/Debug-iphonesimulator/DotLottie.build/DerivedSources -Xcc -DSWIFT_PACKAGE -Xcc -DDEBUG\=1 -emit-objc-header -emit-objc-header-path /Users/jannikschill/Library/Developer/Xcode/DerivedData/Garten_Simulation-eroxfyrnurmsaraojtkexlvtomxb/Build/Intermediates.noindex/DotLottie.build/Debug-iphonesimulator/DotLottie.build/Objects-normal/arm64/DotLottie-Swift.h -working-directory /Users/jannikschill/Documents/Garten-Simulation/Garten_Simulation.xcodeproj -experimental-emit-module-separately -disable-cmo

SwiftEmitModule normal arm64 Emitting\ module\ for\ GartenWidgetExtension (in target 'GartenWidgetExtension' from project 'Garten_Simulation')
EmitSwiftModule normal arm64 (in target 'GartenWidgetExtension' from project 'Garten_Simulation')
    cd /Users/jannikschill/Documents/Garten-Simulation
    

SwiftCompile normal arm64 Compiling\ PlantEntity.swift,\ PlayerTitle.swift,\ RetentionGrund.swift,\ SettingsStore.swift /Users/jannikschill/Documents/Garten-Simulation/GartenWidget/PlantEntity.swift /Users/jannikschill/Documents/Garten-Simulation/GartenWidget/PlayerTitle.swift /Users/jannikschill/Documents/Garten-Simulation/GartenWidget/RetentionGrund.swift /Users/jannikschill/Documents/Garten-Simulation/GartenWidget/SettingsStore.swift (in target 'GartenWidgetExtension' from project 'Garten_Simulation')

SwiftCompile normal arm64 /Users/jannikschill/Documents/Garten-Simulation/GartenWidget/PlantEntity.swift (in target 'GartenWidgetExtension' from project 'Garten_Simulation')
    cd /Users/jannikschill/Documents/Garten-Simulation
    

SwiftCompile normal arm64 /Users/jannikschill/Documents/Garten-Simulation/GartenWidget/PlayerTitle.swift (in target 'GartenWidgetExtension' from project 'Garten_Simulation')
    cd /Users/jannikschill/Documents/Garten-Simulation
    

SwiftCompile normal arm64 /Users/jannikschill/Documents/Garten-Simulation/GartenWidget/RetentionGrund.swift (in target 'GartenWidgetExtension' from project 'Garten_Simulation')
    cd /Users/jannikschill/Documents/Garten-Simulation
    

SwiftCompile normal arm64 /Users/jannikschill/Documents/Garten-Simulation/GartenWidget/SettingsStore.swift (in target 'GartenWidgetExtension' from project 'Garten_Simulation')
    cd /Users/jannikschill/Documents/Garten-Simulation
    

SwiftCompile normal arm64 Compiling\ RarityBackgroundView.swift,\ PowerUpWeedSupport.swift,\ GardenActivityAttributes.swift,\ ActivePowerUp.swift /Users/jannikschill/Documents/Garten-Simulation/Garten_Simulation/Components/RarityBackgroundView.swift /Users/jannikschill/Documents/Garten-Simulation/Garten_Simulation/Models/PowerUpWeedSupport.swift /Users/jannikschill/Documents/Garten-Simulation/Garten_Simulation/Models/GardenActivityAttributes.swift /Users/jannikschill/Documents/Garten-Simulation/GartenWidget/ActivePowerUp.swift (in target 'GartenWidgetExtension' from project 'Garten_Simulation')

SwiftCompile normal arm64 /Users/jannikschill/Documents/Garten-Simulation/Garten_Simulation/Components/RarityBackgroundView.swift (in target 'GartenWidgetExtension' from project 'Garten_Simulation')
    cd /Users/jannikschill/Documents/Garten-Simulation
    

SwiftCompile normal arm64 /Users/jannikschill/Documents/Garten-Simulation/Garten_Simulation/Models/PowerUpWeedSupport.swift (in target 'GartenWidgetExtension' from project 'Garten_Simulation')
    cd /Users/jannikschill/Documents/Garten-Simulation
    

SwiftCompile normal arm64 /Users/jannikschill/Documents/Garten-Simulation/Garten_Simulation/Models/GardenActivityAttributes.swift (in target 'GartenWidgetExtension' from project 'Garten_Simulation')
    cd /Users/jannikschill/Documents/Garten-Simulation
    

SwiftCompile normal arm64 /Users/jannikschill/Documents/Garten-Simulation/GartenWidget/ActivePowerUp.swift (in target 'GartenWidgetExtension' from project 'Garten_Simulation')
    cd /Users/jannikschill/Documents/Garten-Simulation
    

SwiftCompile normal arm64 Compiling\ WaterPlantIntent.swift,\ WeedLogic.swift,\ WetterEvent.swift /Users/jannikschill/Documents/Garten-Simulation/GartenWidget/WaterPlantIntent.swift /Users/jannikschill/Documents/Garten-Simulation/GartenWidget/WeedLogic.swift /Users/jannikschill/Documents/Garten-Simulation/GartenWidget/WetterEvent.swift (in target 'GartenWidgetExtension' from project 'Garten_Simulation')

SwiftCompile normal arm64 /Users/jannikschill/Documents/Garten-Simulation/GartenWidget/WaterPlantIntent.swift (in target 'GartenWidgetExtension' from project 'Garten_Simulation')
    cd /Users/jannikschill/Documents/Garten-Simulation
    

SwiftCompile normal arm64 /Users/jannikschill/Documents/Garten-Simulation/GartenWidget/WeedLogic.swift (in target 'GartenWidgetExtension' from project 'Garten_Simulation')
    cd /Users/jannikschill/Documents/Garten-Simulation
    

SwiftCompile normal arm64 /Users/jannikschill/Documents/Garten-Simulation/GartenWidget/WetterEvent.swift (in target 'GartenWidgetExtension' from project 'Garten_Simulation')
    cd /Users/jannikschill/Documents/Garten-Simulation
    

SwiftCompile normal arm64 Compiling\ PfadVerschmelzung.swift,\ PflanzenEffekt.swift,\ PflanzenSeltenheit.swift,\ PflanzenStufe.swift /Users/jannikschill/Documents/Garten-Simulation/GartenWidget/PfadVerschmelzung.swift /Users/jannikschill/Documents/Garten-Simulation/GartenWidget/PflanzenEffekt.swift /Users/jannikschill/Documents/Garten-Simulation/GartenWidget/PflanzenSeltenheit.swift /Users/jannikschill/Documents/Garten-Simulation/GartenWidget/PflanzenStufe.swift (in target 'GartenWidgetExtension' from project 'Garten_Simulation')

SwiftCompile normal arm64 /Users/jannikschill/Documents/Garten-Simulation/GartenWidget/PfadVerschmelzung.swift (in target 'GartenWidgetExtension' from project 'Garten_Simulation')
    cd /Users/jannikschill/Documents/Garten-Simulation
    

SwiftCompile normal arm64 /Users/jannikschill/Documents/Garten-Simulation/GartenWidget/PflanzenEffekt.swift (in target 'GartenWidgetExtension' from project 'Garten_Simulation')
    cd /Users/jannikschill/Documents/Garten-Simulation
    

SwiftCompile normal arm64 /Users/jannikschill/Documents/Garten-Simulation/GartenWidget/PflanzenSeltenheit.swift (in target 'GartenWidgetExtension' from project 'Garten_Simulation')
    cd /Users/jannikschill/Documents/Garten-Simulation
    

SwiftCompile normal arm64 /Users/jannikschill/Documents/Garten-Simulation/GartenWidget/PflanzenStufe.swift (in target 'GartenWidgetExtension' from project 'Garten_Simulation')
    cd /Users/jannikschill/Documents/Garten-Simulation
    

SwiftCompile normal arm64 Compiling\ GroovyHabitsWidget.swift,\ GroovyNewWidgetViews.swift,\ GroovyTimelineProvider.swift,\ GroovyTimelineProviders.swift /Users/jannikschill/Documents/Garten-Simulation/GartenWidget/GroovyHabitsWidget.swift /Users/jannikschill/Documents/Garten-Simulation/GartenWidget/GroovyNewWidgetViews.swift /Users/jannikschill/Documents/Garten-Simulation/GartenWidget/GroovyTimelineProvider.swift /Users/jannikschill/Documents/Garten-Simulation/GartenWidget/GroovyTimelineProviders.swift (in target 'GartenWidgetExtension' from project 'Garten_Simulation')

SwiftCompile normal arm64 /Users/jannikschill/Documents/Garten-Simulation/GartenWidget/GroovyHabitsWidget.swift (in target 'GartenWidgetExtension' from project 'Garten_Simulation')
    cd /Users/jannikschill/Documents/Garten-Simulation
    

SwiftCompile normal arm64 /Users/jannikschill/Documents/Garten-Simulation/GartenWidget/GroovyNewWidgetViews.swift (in target 'GartenWidgetExtension' from project 'Garten_Simulation')
    cd /Users/jannikschill/Documents/Garten-Simulation
    

SwiftCompile normal arm64 /Users/jannikschill/Documents/Garten-Simulation/GartenWidget/GroovyTimelineProvider.swift (in target 'GartenWidgetExtension' from project 'Garten_Simulation')
    cd /Users/jannikschill/Documents/Garten-Simulation
    

SwiftCompile normal arm64 /Users/jannikschill/Documents/Garten-Simulation/GartenWidget/GroovyTimelineProviders.swift (in target 'GartenWidgetExtension' from project 'Garten_Simulation')
    cd /Users/jannikschill/Documents/Garten-Simulation
    

SwiftCompile normal arm64 Compiling\ PfadDatenbank.swift,\ PfadSchwierigkeit.swift,\ PfadStrang.swift,\ PfadStrangTag.swift /Users/jannikschill/Documents/Garten-Simulation/GartenWidget/PfadDatenbank.swift /Users/jannikschill/Documents/Garten-Simulation/GartenWidget/PfadSchwierigkeit.swift /Users/jannikschill/Documents/Garten-Simulation/GartenWidget/PfadStrang.swift /Users/jannikschill/Documents/Garten-Simulation/GartenWidget/PfadStrangTag.swift (in target 'GartenWidgetExtension' from project 'Garten_Simulation')

SwiftCompile normal arm64 /Users/jannikschill/Documents/Garten-Simulation/GartenWidget/PfadDatenbank.swift (in target 'GartenWidgetExtension' from project 'Garten_Simulation')
    cd /Users/jannikschill/Documents/Garten-Simulation
    

SwiftCompile normal arm64 /Users/jannikschill/Documents/Garten-Simulation/GartenWidget/PfadSchwierigkeit.swift (in target 'GartenWidgetExtension' from project 'Garten_Simulation')
    cd /Users/jannikschill/Documents/Garten-Simulation
    

SwiftCompile normal arm64 /Users/jannikschill/Documents/Garten-Simulation/GartenWidget/PfadStrang.swift (in target 'GartenWidgetExtension' from project 'Garten_Simulation')
    cd /Users/jannikschill/Documents/Garten-Simulation
    

SwiftCompile normal arm64 /Users/jannikschill/Documents/Garten-Simulation/GartenWidget/PfadStrangTag.swift (in target 'GartenWidgetExtension' from project 'Garten_Simulation')
    cd /Users/jannikschill/Documents/Garten-Simulation
    

SwiftCompile normal arm64 Compiling\ GardenLiveActivity.swift,\ GartenLevel.swift,\ GartenTierStufe.swift,\ GartenWidget.swift /Users/jannikschill/Documents/Garten-Simulation/GartenWidget/GardenLiveActivity.swift /Users/jannikschill/Documents/Garten-Simulation/GartenWidget/GartenLevel.swift /Users/jannikschill/Documents/Garten-Simulation/GartenWidget/GartenTierStufe.swift /Users/jannikschill/Documents/Garten-Simulation/GartenWidget/GartenWidget.swift (in target 'GartenWidgetExtension' from project 'Garten_Simulation')

SwiftCompile normal arm64 /Users/jannikschill/Documents/Garten-Simulation/GartenWidget/GardenLiveActivity.swift (in target 'GartenWidgetExtension' from project 'Garten_Simulation')
    cd /Users/jannikschill/Documents/Garten-Simulation
    

SwiftCompile normal arm64 /Users/jannikschill/Documents/Garten-Simulation/GartenWidget/GartenLevel.swift (in target 'GartenWidgetExtension' from project 'Garten_Simulation')
    cd /Users/jannikschill/Documents/Garten-Simulation
    

SwiftCompile normal arm64 /Users/jannikschill/Documents/Garten-Simulation/GartenWidget/GartenTierStufe.swift (in target 'GartenWidgetExtension' from project 'Garten_Simulation')
    cd /Users/jannikschill/Documents/Garten-Simulation
    

SwiftCompile normal arm64 /Users/jannikschill/Documents/Garten-Simulation/GartenWidget/GartenWidget.swift (in target 'GartenWidgetExtension' from project 'Garten_Simulation')
    cd /Users/jannikschill/Documents/Garten-Simulation
    

SwiftCompile normal arm64 Compiling\ GroovyWidgetDataProvider.swift,\ GroovyWidgetEntryView.swift,\ GroovyWidgetIntent.swift,\ GroovyWidgetViews.swift /Users/jannikschill/Documents/Garten-Simulation/GartenWidget/GroovyWidgetDataProvider.swift /Users/jannikschill/Documents/Garten-Simulation/GartenWidget/GroovyWidgetEntryView.swift /Users/jannikschill/Documents/Garten-Simulation/GartenWidget/GroovyWidgetIntent.swift /Users/jannikschill/Documents/Garten-Simulation/GartenWidget/GroovyWidgetViews.swift (in target 'GartenWidgetExtension' from project 'Garten_Simulation')

SwiftCompile normal arm64 /Users/jannikschill/Documents/Garten-Simulation/GartenWidget/GroovyWidgetDataProvider.swift (in target 'GartenWidgetExtension' from project 'Garten_Simulation')
    cd /Users/jannikschill/Documents/Garten-Simulation
    

SwiftCompile normal arm64 /Users/jannikschill/Documents/Garten-Simulation/GartenWidget/GroovyWidgetEntryView.swift (in target 'GartenWidgetExtension' from project 'Garten_Simulation')
    cd /Users/jannikschill/Documents/Garten-Simulation
    

SwiftCompile normal arm64 /Users/jannikschill/Documents/Garten-Simulation/GartenWidget/GroovyWidgetIntent.swift (in target 'GartenWidgetExtension' from project 'Garten_Simulation')
    cd /Users/jannikschill/Documents/Garten-Simulation
    

SwiftCompile normal arm64 /Users/jannikschill/Documents/Garten-Simulation/GartenWidget/GroovyWidgetViews.swift (in target 'GartenWidgetExtension' from project 'Garten_Simulation')
    cd /Users/jannikschill/Documents/Garten-Simulation
    

SwiftCompile normal arm64 Compiling\ ErfolgModel.swift,\ FeedbackManager.swift,\ GameConstants.swift,\ GameDatabase.swift /Users/jannikschill/Documents/Garten-Simulation/GartenWidget/ErfolgModel.swift /Users/jannikschill/Documents/Garten-Simulation/GartenWidget/FeedbackManager.swift /Users/jannikschill/Documents/Garten-Simulation/GartenWidget/GameConstants.swift /Users/jannikschill/Documents/Garten-Simulation/GartenWidget/GameDatabase.swift (in target 'GartenWidgetExtension' from project 'Garten_Simulation')

SwiftCompile normal arm64 /Users/jannikschill/Documents/Garten-Simulation/GartenWidget/ErfolgModel.swift (in target 'GartenWidgetExtension' from project 'Garten_Simulation')
    cd /Users/jannikschill/Documents/Garten-Simulation
    

SwiftCompile normal arm64 /Users/jannikschill/Documents/Garten-Simulation/GartenWidget/FeedbackManager.swift (in target 'GartenWidgetExtension' from project 'Garten_Simulation')
    cd /Users/jannikschill/Documents/Garten-Simulation
    

SwiftCompile normal arm64 /Users/jannikschill/Documents/Garten-Simulation/GartenWidget/GameConstants.swift (in target 'GartenWidgetExtension' from project 'Garten_Simulation')
    cd /Users/jannikschill/Documents/Garten-Simulation
    

SwiftCompile normal arm64 /Users/jannikschill/Documents/Garten-Simulation/GartenWidget/GameDatabase.swift (in target 'GartenWidgetExtension' from project 'Garten_Simulation')
    cd /Users/jannikschill/Documents/Garten-Simulation
    

SwiftCompile normal arm64 Compiling\ HabitModel.swift,\ Int+Streak.swift,\ NotificationManager.swift,\ NotificationTexts.swift /Users/jannikschill/Documents/Garten-Simulation/GartenWidget/HabitModel.swift /Users/jannikschill/Documents/Garten-Simulation/GartenWidget/Int+Streak.swift /Users/jannikschill/Documents/Garten-Simulation/GartenWidget/NotificationManager.swift /Users/jannikschill/Documents/Garten-Simulation/GartenWidget/NotificationTexts.swift (in target 'GartenWidgetExtension' from project 'Garten_Simulation')

SwiftCompile normal arm64 /Users/jannikschill/Documents/Garten-Simulation/GartenWidget/HabitModel.swift (in target 'GartenWidgetExtension' from project 'Garten_Simulation')
    cd /Users/jannikschill/Documents/Garten-Simulation
    

SwiftCompile normal arm64 /Users/jannikschill/Documents/Garten-Simulation/GartenWidget/Int+Streak.swift (in target 'GartenWidgetExtension' from project 'Garten_Simulation')
    cd /Users/jannikschill/Documents/Garten-Simulation
    

SwiftCompile normal arm64 /Users/jannikschill/Documents/Garten-Simulation/GartenWidget/NotificationManager.swift (in target 'GartenWidgetExtension' from project 'Garten_Simulation')
    cd /Users/jannikschill/Documents/Garten-Simulation
    

SwiftCompile normal arm64 /Users/jannikschill/Documents/Garten-Simulation/GartenWidget/NotificationTexts.swift (in target 'GartenWidgetExtension' from project 'Garten_Simulation')
    cd /Users/jannikschill/Documents/Garten-Simulation
    

SwiftCompile normal arm64 Compiling\ SharedUserDefaults.swift,\ ShopDetailPayload.swift,\ TrashCategory.swift,\ TrashItem.swift /Users/jannikschill/Documents/Garten-Simulation/GartenWidget/SharedUserDefaults.swift /Users/jannikschill/Documents/Garten-Simulation/GartenWidget/ShopDetailPayload.swift /Users/jannikschill/Documents/Garten-Simulation/GartenWidget/TrashCategory.swift /Users/jannikschill/Documents/Garten-Simulation/GartenWidget/TrashItem.swift (in target 'GartenWidgetExtension' from project 'Garten_Simulation')

SwiftCompile normal arm64 /Users/jannikschill/Documents/Garten-Simulation/GartenWidget/SharedUserDefaults.swift (in target 'GartenWidgetExtension' from project 'Garten_Simulation')
    cd /Users/jannikschill/Documents/Garten-Simulation
    

SwiftCompile normal arm64 /Users/jannikschill/Documents/Garten-Simulation/GartenWidget/ShopDetailPayload.swift (in target 'GartenWidgetExtension' from project 'Garten_Simulation')
    cd /Users/jannikschill/Documents/Garten-Simulation
    

SwiftCompile normal arm64 /Users/jannikschill/Documents/Garten-Simulation/GartenWidget/TrashCategory.swift (in target 'GartenWidgetExtension' from project 'Garten_Simulation')
    cd /Users/jannikschill/Documents/Garten-Simulation
    

SwiftCompile normal arm64 /Users/jannikschill/Documents/Garten-Simulation/GartenWidget/TrashItem.swift (in target 'GartenWidgetExtension' from project 'Garten_Simulation')
    cd /Users/jannikschill/Documents/Garten-Simulation
    

SwiftExplicitDependencyGeneratePcm arm64 /Users/jannikschill/Library/Developer/Xcode/DerivedData/Garten_Simulation-eroxfyrnurmsaraojtkexlvtomxb/Build/Intermediates.noindex/SwiftExplicitPrecompiledModules/DotLottiePlayer-5GW01Y42PVPNRXGEC3AIXFJTD.pcm

SwiftDriverJobDiscovery normal arm64 Compiling RarityBackgroundView.swift, PowerUpWeedSupport.swift, GardenActivityAttributes.swift, ActivePowerUp.swift (in target 'GartenWidgetExtension' from project 'Garten_Simulation')

SwiftCompile normal arm64 Compiling\ AppColors.swift,\ AppStrings.swift,\ CoinTransaction.swift,\ DecorationModels.swift /Users/jannikschill/Documents/Garten-Simulation/GartenWidget/AppColors.swift /Users/jannikschill/Documents/Garten-Simulation/GartenWidget/AppStrings.swift /Users/jannikschill/Documents/Garten-Simulation/GartenWidget/CoinTransaction.swift /Users/jannikschill/Documents/Garten-Simulation/GartenWidget/DecorationModels.swift (in target 'GartenWidgetExtension' from project 'Garten_Simulation')
SwiftCompile normal arm64 /Users/jannikschill/Documents/Garten-Simulation/GartenWidget/AppColors.swift (in target 'GartenWidgetExtension' from project 'Garten_Simulation')
    cd /Users/jannikschill/Documents/Garten-Simulation
    
<unknown>:0: error: error closing '/Users/jannikschill/Library/Developer/Xcode/DerivedData/Garten_Simulation-eroxfyrnurmsaraojtkexlvtomxb/Build/Intermediates.noindex/Garten_Simulation.build/Debug-iphonesimulator/GartenWidgetExtension.build/Objects-normal/arm64/AppStrings.o' for output: /Users/jannikschill/Library/Developer/Xcode/DerivedData/Garten_Simulation-eroxfyrnurmsaraojtkexlvtomxb/Build/Intermediates.noindex/Garten_Simulation.build/Debug-iphonesimulator/GartenWidgetExtension.build/Objects-normal/arm64/AppStrings-9de87318.o.tmp => /Users/jannikschill/Library/Developer/Xcode/DerivedData/Garten_Simulation-eroxfyrnurmsaraojtkexlvtomxb/Build/Intermediates.noindex/Garten_Simulation.build/Debug-iphonesimulator/GartenWidgetExtension.build/Objects-normal/arm64/AppStrings.o: No such file or directory
<unknown>:0: error: cannot open constant extraction protocol list input file from /Users/jannikschill/Library/Developer/Xcode/DerivedData/Garten_Simulation-eroxfyrnurmsaraojtkexlvtomxb/Build/Intermediates.noindex/Garten_Simulation.build/Debug-iphonesimulator/GartenWidgetExtension.build/Objects-normal/arm64/GartenWidgetExtension_const_extract_protocols.json

SwiftCompile normal arm64 /Users/jannikschill/Documents/Garten-Simulation/GartenWidget/AppStrings.swift (in target 'GartenWidgetExtension' from project 'Garten_Simulation')
    cd /Users/jannikschill/Documents/Garten-Simulation
    
<unknown>:0: error: error closing '/Users/jannikschill/Library/Developer/Xcode/DerivedData/Garten_Simulation-eroxfyrnurmsaraojtkexlvtomxb/Build/Intermediates.noindex/Garten_Simulation.build/Debug-iphonesimulator/GartenWidgetExtension.build/Objects-normal/arm64/AppStrings.o' for output: /Users/jannikschill/Library/Developer/Xcode/DerivedData/Garten_Simulation-eroxfyrnurmsaraojtkexlvtomxb/Build/Intermediates.noindex/Garten_Simulation.build/Debug-iphonesimulator/GartenWidgetExtension.build/Objects-normal/arm64/AppStrings-9de87318.o.tmp => /Users/jannikschill/Library/Developer/Xcode/DerivedData/Garten_Simulation-eroxfyrnurmsaraojtkexlvtomxb/Build/Intermediates.noindex/Garten_Simulation.build/Debug-iphonesimulator/GartenWidgetExtension.build/Objects-normal/arm64/AppStrings.o: No such file or directory
<unknown>:0: error: cannot open constant extraction protocol list input file from /Users/jannikschill/Library/Developer/Xcode/DerivedData/Garten_Simulation-eroxfyrnurmsaraojtkexlvtomxb/Build/Intermediates.noindex/Garten_Simulation.build/Debug-iphonesimulator/GartenWidgetExtension.build/Objects-normal/arm64/GartenWidgetExtension_const_extract_protocols.json

SwiftCompile normal arm64 /Users/jannikschill/Documents/Garten-Simulation/GartenWidget/CoinTransaction.swift (in target 'GartenWidgetExtension' from project 'Garten_Simulation')
    cd /Users/jannikschill/Documents/Garten-Simulation
    
<unknown>:0: error: error closing '/Users/jannikschill/Library/Developer/Xcode/DerivedData/Garten_Simulation-eroxfyrnurmsaraojtkexlvtomxb/Build/Intermediates.noindex/Garten_Simulation.build/Debug-iphonesimulator/GartenWidgetExtension.build/Objects-normal/arm64/AppStrings.o' for output: /Users/jannikschill/Library/Developer/Xcode/DerivedData/Garten_Simulation-eroxfyrnurmsaraojtkexlvtomxb/Build/Intermediates.noindex/Garten_Simulation.build/Debug-iphonesimulator/GartenWidgetExtension.build/Objects-normal/arm64/AppStrings-9de87318.o.tmp => /Users/jannikschill/Library/Developer/Xcode/DerivedData/Garten_Simulation-eroxfyrnurmsaraojtkexlvtomxb/Build/Intermediates.noindex/Garten_Simulation.build/Debug-iphonesimulator/GartenWidgetExtension.build/Objects-normal/arm64/AppStrings.o: No such file or directory
<unknown>:0: error: cannot open constant extraction protocol list input file from /Users/jannikschill/Library/Developer/Xcode/DerivedData/Garten_Simulation-eroxfyrnurmsaraojtkexlvtomxb/Build/Intermediates.noindex/Garten_Simulation.build/Debug-iphonesimulator/GartenWidgetExtension.build/Objects-normal/arm64/GartenWidgetExtension_const_extract_protocols.json

SwiftCompile normal arm64 /Users/jannikschill/Documents/Garten-Simulation/GartenWidget/DecorationModels.swift (in target 'GartenWidgetExtension' from project 'Garten_Simulation')
    cd /Users/jannikschill/Documents/Garten-Simulation
    
<unknown>:0: error: error closing '/Users/jannikschill/Library/Developer/Xcode/DerivedData/Garten_Simulation-eroxfyrnurmsaraojtkexlvtomxb/Build/Intermediates.noindex/Garten_Simulation.build/Debug-iphonesimulator/GartenWidgetExtension.build/Objects-normal/arm64/AppStrings.o' for output: /Users/jannikschill/Library/Developer/Xcode/DerivedData/Garten_Simulation-eroxfyrnurmsaraojtkexlvtomxb/Build/Intermediates.noindex/Garten_Simulation.build/Debug-iphonesimulator/GartenWidgetExtension.build/Objects-normal/arm64/AppStrings-9de87318.o.tmp => /Users/jannikschill/Library/Developer/Xcode/DerivedData/Garten_Simulation-eroxfyrnurmsaraojtkexlvtomxb/Build/Intermediates.noindex/Garten_Simulation.build/Debug-iphonesimulator/GartenWidgetExtension.build/Objects-normal/arm64/AppStrings.o: No such file or directory
<unknown>:0: error: cannot open constant extraction protocol list input file from /Users/jannikschill/Library/Developer/Xcode/DerivedData/Garten_Simulation-eroxfyrnurmsaraojtkexlvtomxb/Build/Intermediates.noindex/Garten_Simulation.build/Debug-iphonesimulator/GartenWidgetExtension.build/Objects-normal/arm64/GartenWidgetExtension_const_extract_protocols.json

Rename failed: /Users/jannikschill/Library/Developer/Xcode/DerivedData/Garten_Simulation-eroxfyrnurmsaraojtkexlvtomxb/Build/Intermediates.noindex/Garten_Simulation.build/Debug-iphonesimulator/GartenWidgetExtension.build/Objects-normal/arm64/AppStrings-9de87318.o.tmp -> /Users/jannikschill/Library/Developer/Xcode/DerivedData/Garten_Simulation-eroxfyrnurmsaraojtkexlvtomxb/Build/Intermediates.noindex/Garten_Simulation.build/Debug-iphonesimulator/GartenWidgetExtension.build/Objects-normal/arm64/AppStrings.o: No such file or directory
Failed frontend command:
/Applications/Xcode.app/Contents/Developer/Toolchains/XcodeDefault.xctoolchain/usr/bin/swift-frontend -frontend -c /Users/jannikschill/Documents/Garten-Simulation/Garten_Simulation/Components/RarityBackgroundView.swift /Users/jannikschill/Documents/Garten-Simulation/Garten_Simulation/Models/PowerUpWeedSupport.swift /Users/jannikschill/Documents/Garten-Simulation/Garten_Simulation/Models/GardenActivityAttributes.swift /Users/jannikschill/Documents/Garten-Simulation/GartenWidget/ActivePowerUp.swift -primary-file /Users/jannikschill/Documents/Garten-Simulation/GartenWidget/AppColors.swift -primary-file /Users/jannikschill/Documents/Garten-Simulation/GartenWidget/AppStrings.swift -primary-file /Users/jannikschill/Documents/Garten-Simulation/GartenWidget/CoinTransaction.swift -primary-file /Users/jannikschill/Documents/Garten-Simulation/GartenWidget/DecorationModels.swift /Users/jannikschill/Documents/Garten-Simulation/GartenWidget/ErfolgModel.swift /Users/jannikschill/Documents/Garten-Simulation/GartenWidget/FeedbackManager.swift /Users/jannikschill/Documents/Garten-Simulation/GartenWidget/GameConstants.swift /Users/jannikschill/Documents/Garten-Simulation/GartenWidget/GameDatabase.swift /Users/jannikschill/Documents/Garten-Simulation/GartenWidget/GardenLiveActivity.swift /Users/jannikschill/Documents/Garten-Simulation/GartenWidget/GartenLevel.swift /Users/jannikschill/Documents/Garten-Simulation/GartenWidget/GartenTierStufe.swift /Users/jannikschill/Documents/Garten-Simulation/GartenWidget/GartenWidget.swift /Users/jannikschill/Documents/Garten-Simulation/GartenWidget/GroovyHabitsWidget.swift /Users/jannikschill/Documents/Garten-Simulation/GartenWidget/GroovyNewWidgetViews.swift /Users/jannikschill/Documents/Garten-Simulation/GartenWidget/GroovyTimelineProvider.swift /Users/jannikschill/Documents/Garten-Simulation/GartenWidget/GroovyTimelineProviders.swift /Users/jannikschill/Documents/Garten-Simulation/GartenWidget/GroovyWidgetDataProvider.swift /Users/jannikschill/Documents/Garten-Simulation/GartenWidget/GroovyWidgetEntryView.swift /Users/jannikschill/Documents/Garten-Simulation/GartenWidget/GroovyWidgetIntent.swift /Users/jannikschill/Documents/Garten-Simulation/GartenWidget/GroovyWidgetViews.swift /Users/jannikschill/Documents/Garten-Simulation/GartenWidget/HabitModel.swift /Users/jannikschill/Documents/Garten-Simulation/GartenWidget/Int+Streak.swift /Users/jannikschill/Documents/Garten-Simulation/GartenWidget/NotificationManager.swift /Users/jannikschill/Documents/Garten-Simulation/GartenWidget/NotificationTexts.swift /Users/jannikschill/Documents/Garten-Simulation/GartenWidget/PfadDatenbank.swift /Users/jannikschill/Documents/Garten-Simulation/GartenWidget/PfadSchwierigkeit.swift /Users/jannikschill/Documents/Garten-Simulation/GartenWidget/PfadStrang.swift /Users/jannikschill/Documents/Garten-Simulation/GartenWidget/PfadStrangTag.swift /Users/jannikschill/Documents/Garten-Simulation/GartenWidget/PfadVerschmelzung.swift /Users/jannikschill/Documents/Garten-Simulation/GartenWidget/PflanzenEffekt.swift /Users/jannikschill/Documents/Garten-Simulation/GartenWidget/PflanzenSeltenheit.swift /Users/jannikschill/Documents/Garten-Simulation/GartenWidget/PflanzenStufe.swift /Users/jannikschill/Documents/Garten-Simulation/GartenWidget/PlantEntity.swift /Users/jannikschill/Documents/Garten-Simulation/GartenWidget/PlayerTitle.swift /Users/jannikschill/Documents/Garten-Simulation/GartenWidget/RetentionGrund.swift /Users/jannikschill/Documents/Garten-Simulation/GartenWidget/SettingsStore.swift /Users/jannikschill/Documents/Garten-Simulation/GartenWidget/SharedUserDefaults.swift /Users/jannikschill/Documents/Garten-Simulation/GartenWidget/ShopDetailPayload.swift /Users/jannikschill/Documents/Garten-Simulation/GartenWidget/TrashCategory.swift /Users/jannikschill/Documents/Garten-Simulation/GartenWidget/TrashItem.swift /Users/jannikschill/Documents/Garten-Simulation/GartenWidget/WaterPlantIntent.swift /Users/jannikschill/Documents/Garten-Simulation/GartenWidget/WeedLogic.swift /Users/jannikschill/Documents/Garten-Simulation/GartenWidget/WetterEvent.swift -supplementary-output-file-map /Users/jannikschill/Library/Developer/Xcode/DerivedData/Garten_Simulation-eroxfyrnurmsaraojtkexlvtomxb/Build/Intermediates.noindex/Garten_Simulation.build/Debug-iphonesimulator/GartenWidgetExtension.build/Objects-normal/arm64/supplementaryOutputs-2 -emit-localized-strings -emit-localized-strings-path /Users/jannikschill/Library/Developer/Xcode/DerivedData/Garten_Simulation-eroxfyrnurmsaraojtkexlvtomxb/Build/Intermediates.noindex/Garten_Simulation.build/Debug-iphonesimulator/GartenWidgetExtension.build/Objects-normal/arm64 -target arm64-apple-ios17.0-simulator -disable-cross-import-overlay-search -swift-module-cross-import AppIntents /Applications/Xcode.app/Contents/Developer/Platforms/iPhoneSimulator.platform/Developer/SDKs/iPhoneSimulator.sdk/System/Library/Frameworks/AppIntents.framework/Modules/AppIntents.swiftcrossimport/SwiftUI.swiftoverlay -swift-module-cross-import AppIntents /Applications/Xcode.app/Contents/Developer/Platforms/iPhoneSimulator.platform/Developer/SDKs/iPhoneSimulator.sdk/System/Library/Frameworks/AppIntents.framework/Modules/AppIntents.swiftcrossimport/UIKit.swiftoverlay -swift-module-cross-import AppIntents /Applications/Xcode.app/Contents/Developer/Platforms/iPhoneSimulator.platform/Developer/SDKs/iPhoneSimulator26.5.sdk/System/Library/Frameworks/AppIntents.framework/Modules/AppIntents.swiftcrossimport/SwiftUI.swiftoverlay -swift-module-cross-import AppIntents /Applications/Xcode.app/Contents/Developer/Platforms/iPhoneSimulator.platform/Developer/SDKs/iPhoneSimulator26.5.sdk/System/Library/Frameworks/AppIntents.framework/Modules/AppIntents.swiftcrossimport/UIKit.swiftoverlay -swift-module-cross-import RelevanceKit /Applications/Xcode.app/Contents/Developer/Platforms/iPhoneSimulator.platform/Developer/SDKs/iPhoneSimulator.sdk/System/Library/Frameworks/RelevanceKit.framework/Modules/RelevanceKit.swiftcrossimport/MapKit.swiftoverlay -swift-module-cross-import RelevanceKit /Applications/Xcode.app/Contents/Developer/Platforms/iPhoneSimulator.platform/Developer/SDKs/iPhoneSimulator26.5.sdk/System/Library/Frameworks/RelevanceKit.framework/Modules/RelevanceKit.swiftcrossimport/MapKit.swiftoverlay -swift-module-cross-import SwiftData /Applications/Xcode.app/Contents/Developer/Platforms/iPhoneSimulator.platform/Developer/SDKs/iPhoneSimulator26.5.sdk/System/Library/Frameworks/SwiftData.framework/Modules/SwiftData.swiftcrossimport/CoreData.swiftoverlay -swift-module-cross-import SwiftData /Applications/Xcode.app/Contents/Developer/Platforms/iPhoneSimulator.platform/Developer/SDKs/iPhoneSimulator26.5.sdk/System/Library/Frameworks/SwiftData.framework/Modules/SwiftData.swiftcrossimport/SwiftUI.swiftoverlay -load-resolved-plugin /Applications/Xcode.app/Contents/Developer/Platforms/iPhoneOS.platform/Developer/usr/lib/swift/host/plugins/libAppIntentsMacros.dylib\#/Applications/Xcode.app/Contents/Developer/Platforms/iPhoneOS.platform/Developer/usr/bin/swift-plugin-server\#AppIntentsMacros -load-resolved-plugin /Applications/Xcode.app/Contents/Developer/Platforms/iPhoneOS.platform/Developer/usr/lib/swift/host/plugins/libFoundationMacros.dylib\#/Applications/Xcode.app/Contents/Developer/Platforms/iPhoneOS.platform/Developer/usr/bin/swift-plugin-server\#FoundationMacros -load-resolved-plugin /Applications/Xcode.app/Contents/Developer/Platforms/iPhoneOS.platform/Developer/usr/lib/swift/host/plugins/libObservationMacros.dylib\#/Applications/Xcode.app/Contents/Developer/Platforms/iPhoneOS.platform/Developer/usr/bin/swift-plugin-server\#ObservationMacros -load-resolved-plugin /Applications/Xcode.app/Contents/Developer/Platforms/iPhoneOS.platform/Developer/usr/lib/swift/host/plugins/libPreviewsMacros.dylib\#/Applications/Xcode.app/Contents/Developer/Platforms/iPhoneOS.platform/Developer/usr/bin/swift-plugin-server\#PreviewsMacros -load-resolved-plugin /Applications/Xcode.app/Contents/Developer/Platforms/iPhoneOS.platform/Developer/usr/lib/swift/host/plugins/libSwiftDataMacros.dylib\#/Applications/Xcode.app/Contents/Developer/Platforms/iPhoneOS.platform/Developer/usr/bin/swift-plugin-server\#SwiftDataMacros -load-resolved-plugin /Applications/Xcode.app/Contents/Developer/Platforms/iPhoneOS.platform/Developer/usr/lib/swift/host/plugins/libSwiftMacros.dylib\#/Applications/Xcode.app/Contents/Developer/Platforms/iPhoneOS.platform/Developer/usr/bin/swift-plugin-server\#SwiftMacros -load-resolved-plugin /Applications/Xcode.app/Contents/Developer/Platforms/iPhoneOS.platform/Developer/usr/lib/swift/host/plugins/libSwiftUIMacros.dylib\#/Applications/Xcode.app/Contents/Developer/Platforms/iPhoneOS.platform/Developer/usr/bin/swift-plugin-server\#SwiftUIMacros -disable-implicit-swift-modules -Xcc -fno-implicit-modules -Xcc -fno-implicit-module-maps -explicit-swift-module-map-file /Users/jannikschill/Library/Developer/Xcode/DerivedData/Garten_Simulation-eroxfyrnurmsaraojtkexlvtomxb/Build/Intermediates.noindex/Garten_Simulation.build/Debug-iphonesimulator/GartenWidgetExtension.build/Objects-normal/arm64/GartenWidgetExtension-dependencies-1.json -debug-module-path /Users/jannikschill/Library/Developer/Xcode/DerivedData/Garten_Simulation-eroxfyrnurmsaraojtkexlvtomxb/Build/Intermediates.noindex/Garten_Simulation.build/Debug-iphonesimulator/GartenWidgetExtension.build/Objects-normal/arm64/GartenWidgetExtension.swiftmodule -Xllvm -aarch64-use-tbi -enable-objc-interop -sdk /Applications/Xcode.app/Contents/Developer/Platforms/iPhoneSimulator.platform/Developer/SDKs/iPhoneSimulator26.5.sdk -I /Users/jannikschill/Library/Developer/Xcode/DerivedData/Garten_Simulation-eroxfyrnurmsaraojtkexlvtomxb/Build/Products/Debug-iphonesimulator -F /Users/jannikschill/Library/Developer/Xcode/DerivedData/Garten_Simulation-eroxfyrnurmsaraojtkexlvtomxb/Build/Products/Debug-iphonesimulator -no-color-diagnostics -Xcc -fno-color-diagnostics -application-extension -enable-testing -g -debug-info-format\=dwarf -dwarf-version\=4 -module-cache-path /Users/jannikschill/Library/Developer/Xcode/DerivedData/Garten_Simulation-eroxfyrnurmsaraojtkexlvtomxb/Build/Intermediates.noindex/SwiftExplicitPrecompiledModules -profile-generate -profile-coverage-mapping -swift-version 5 -Onone -D DEBUG -serialize-debugging-options -const-gather-protocols-file /Users/jannikschill/Library/Developer/Xcode/DerivedData/Garten_Simulation-eroxfyrnurmsaraojtkexlvtomxb/Build/Intermediates.noindex/Garten_Simulation.build/Debug-iphonesimulator/GartenWidgetExtension.build/Objects-normal/arm64/GartenWidgetExtension_const_extract_protocols.json -enable-upcoming-feature DisableOutwardActorInference -enable-upcoming-feature InferSendableFromCaptures -enable-upcoming-feature GlobalActorIsolatedTypesUsability -enable-upcoming-feature MemberImportVisibility -enable-upcoming-feature InferIsolatedConformances -enable-upcoming-feature NonisolatedNonsendingByDefault -enable-experimental-feature DebugDescriptionMacro -enable-bare-slash-regex -empty-abi-descriptor -validate-clang-modules-once -clang-build-session-file /Users/jannikschill/Library/Developer/Xcode/DerivedData/ModuleCache.noindex/Session.modulevalidation -Xcc -working-directory -Xcc /Users/jannikschill/Documents/Garten-Simulation -enable-anonymous-context-mangled-names -file-compilation-dir /Users/jannikschill/Documents/Garten-Simulation -Xcc -D_LIBCPP_HARDENING_MODE\=_LIBCPP_HARDENING_MODE_DEBUG -Xcc -ivfsstatcache -Xcc /Users/jannikschill/Library/Developer/Xcode/DerivedData/SDKStatCaches.noindex/iphonesimulator26.5-23F73-688ef53f1462e2c8f657fdc38a81448f6cfe768891a92b912361537c460fe42b.sdkstatcache -Xcc -I/Users/jannikschill/Library/Developer/Xcode/DerivedData/Garten_Simulation-eroxfyrnurmsaraojtkexlvtomxb/Build/Intermediates.noindex/Garten_Simulation.build/Debug-iphonesimulator/GartenWidgetExtension.build/swift-overrides.hmap -Xcc -iquote -Xcc /Users/jannikschill/Library/Developer/Xcode/DerivedData/Garten_Simulation-eroxfyrnurmsaraojtkexlvtomxb/Build/Intermediates.noindex/Garten_Simulation.build/Debug-iphonesimulator/GartenWidgetExtension.build/GartenWidgetExtension-generated-files.hmap -Xcc -I/Users/jannikschill/Library/Developer/Xcode/DerivedData/Garten_Simulation-eroxfyrnurmsaraojtkexlvtomxb/Build/Intermediates.noindex/Garten_Simulation.build/Debug-iphonesimulator/GartenWidgetExtension.build/GartenWidgetExtension-own-target-headers.hmap -Xcc -I/Users/jannikschill/Library/Developer/Xcode/DerivedData/Garten_Simulation-eroxfyrnurmsaraojtkexlvtomxb/Build/Intermediates.noindex/Garten_Simulation.build/Debug-iphonesimulator/GartenWidgetExtension.build/GartenWidgetExtension-all-non-framework-target-headers.hmap -Xcc -ivfsoverlay -Xcc /Users/jannikschill/Library/Developer/Xcode/DerivedData/Garten_Simulation-eroxfyrnurmsaraojtkexlvtomxb/Build/Intermediates.noindex/Garten_Simulation.build/Debug-iphonesimulator/Garten_Simulation-49394399678d88b76108bd64d45cffb0-VFS-iphonesimulator/all-product-headers.yaml -Xcc -iquote -Xcc /Users/jannikschill/Library/Developer/Xcode/DerivedData/Garten_Simulation-eroxfyrnurmsaraojtkexlvtomxb/Build/Intermediates.noindex/Garten_Simulation.build/Debug-iphonesimulator/GartenWidgetExtension.build/GartenWidgetExtension-project-headers.hmap -Xcc -I/Users/jannikschill/Library/Developer/Xcode/DerivedData/Garten_Simulation-eroxfyrnurmsaraojtkexlvtomxb/Build/Products/Debug-iphonesimulator/include -Xcc -I/Users/jannikschill/Library/Developer/Xcode/DerivedData/Garten_Simulation-eroxfyrnurmsaraojtkexlvtomxb/Build/Intermediates.noindex/Garten_Simulation.build/Debug-iphonesimulator/GartenWidgetExtension.build/DerivedSources-normal/arm64 -Xcc -I/Users/jannikschill/Library/Developer/Xcode/DerivedData/Garten_Simulation-eroxfyrnurmsaraojtkexlvtomxb/Build/Intermediates.noindex/Garten_Simulation.build/Debug-iphonesimulator/GartenWidgetExtension.build/DerivedSources/arm64 -Xcc -I/Users/jannikschill/Library/Developer/Xcode/DerivedData/Garten_Simulation-eroxfyrnurmsaraojtkexlvtomxb/Build/Intermediates.noindex/Garten_Simulation.build/Debug-iphonesimulator/GartenWidgetExtension.build/DerivedSources -Xcc -DDEBUG\=1 -no-auto-bridging-header-chaining -module-name GartenWidgetExtension -frontend-parseable-output -disable-clang-spi -clang-target arm64-apple-ios26.5-simulator -target-sdk-version 26.5 -target-sdk-name iphonesimulator26.5 -in-process-plugin-server-path /Applications/Xcode.app/Contents/Developer/Toolchains/XcodeDefault.xctoolchain/usr/lib/swift/host/libSwiftInProcPluginServer.dylib -o /Users/jannikschill/Library/Developer/Xcode/DerivedData/Garten_Simulation-eroxfyrnurmsaraojtkexlvtomxb/Build/Intermediates.noindex/Garten_Simulation.build/Debug-iphonesimulator/GartenWidgetExtension.build/Objects-normal/arm64/AppColors.o -o /Users/jannikschill/Library/Developer/Xcode/DerivedData/Garten_Simulation-eroxfyrnurmsaraojtkexlvtomxb/Build/Intermediates.noindex/Garten_Simulation.build/Debug-iphonesimulator/GartenWidgetExtension.build/Objects-normal/arm64/AppStrings.o -o /Users/jannikschill/Library/Developer/Xcode/DerivedData/Garten_Simulation-eroxfyrnurmsaraojtkexlvtomxb/Build/Intermediates.noindex/Garten_Simulation.build/Debug-iphonesimulator/GartenWidgetExtension.build/Objects-normal/arm64/CoinTransaction.o -o /Users/jannikschill/Library/Developer/Xcode/DerivedData/Garten_Simulation-eroxfyrnurmsaraojtkexlvtomxb/Build/Intermediates.noindex/Garten_Simulation.build/Debug-iphonesimulator/GartenWidgetExtension.build/Objects-normal/arm64/DecorationModels.o -index-unit-output-path /Garten_Simulation.build/Debug-iphonesimulator/GartenWidgetExtension.build/Objects-normal/arm64/AppColors.o -index-unit-output-path /Garten_Simulation.build/Debug-iphonesimulator/GartenWidgetExtension.build/Objects-normal/arm64/AppStrings.o -index-unit-output-path /Garten_Simulation.build/Debug-iphonesimulator/GartenWidgetExtension.build/Objects-normal/arm64/CoinTransaction.o -index-unit-output-path /Garten_Simulation.build/Debug-iphonesimulator/GartenWidgetExtension.build/Objects-normal/arm64/DecorationModels.o -index-store-path /Users/jannikschill/Library/Developer/Xcode/DerivedData/Garten_Simulation-eroxfyrnurmsaraojtkexlvtomxb/Index.noindex/DataStore -index-system-modules
SwiftDriverJobDiscovery normal arm64 Compiling PfadVerschmelzung.swift, PflanzenEffekt.swift, PflanzenSeltenheit.swift, PflanzenStufe.swift (in target 'GartenWidgetExtension' from project 'Garten_Simulation')

SwiftEmitModule normal arm64 Emitting\ module\ for\ DotLottie (in target 'DotLottie' from project 'DotLottie')

EmitSwiftModule normal arm64 (in target 'DotLottie' from project 'DotLottie')
    cd /Users/jannikschill/Documents/Garten-Simulation/Garten_Simulation.xcodeproj
    

SwiftCompile normal arm64 Compiling\ DotLottieAnimation.swift,\ DotLottieAnimationView.swift /Users/jannikschill/Library/Developer/Xcode/DerivedData/Garten_Simulation-eroxfyrnurmsaraojtkexlvtomxb/SourcePackages/checkouts/dotlottie-ios/Sources/DotLottie/Public/DotLottieAnimation.swift /Users/jannikschill/Library/Developer/Xcode/DerivedData/Garten_Simulation-eroxfyrnurmsaraojtkexlvtomxb/SourcePackages/checkouts/dotlottie-ios/Sources/DotLottie/Public/DotLottieAnimationView.swift (in target 'DotLottie' from project 'DotLottie')

SwiftCompile normal arm64 /Users/jannikschill/Library/Developer/Xcode/DerivedData/Garten_Simulation-eroxfyrnurmsaraojtkexlvtomxb/SourcePackages/checkouts/dotlottie-ios/Sources/DotLottie/Public/DotLottieAnimation.swift (in target 'DotLottie' from project 'DotLottie')
    cd /Users/jannikschill/Documents/Garten-Simulation/Garten_Simulation.xcodeproj
    

SwiftCompile normal arm64 /Users/jannikschill/Library/Developer/Xcode/DerivedData/Garten_Simulation-eroxfyrnurmsaraojtkexlvtomxb/SourcePackages/checkouts/dotlottie-ios/Sources/DotLottie/Public/DotLottieAnimationView.swift (in target 'DotLottie' from project 'DotLottie')
    cd /Users/jannikschill/Documents/Garten-Simulation/Garten_Simulation.xcodeproj
    

SwiftDriverJobDiscovery normal arm64 Compiling WaterPlantIntent.swift, WeedLogic.swift, WetterEvent.swift (in target 'GartenWidgetExtension' from project 'Garten_Simulation')

SwiftCompile normal arm64 Compiling\ DotLottieView.swift,\ Errors.swift /Users/jannikschill/Library/Developer/Xcode/DerivedData/Garten_Simulation-eroxfyrnurmsaraojtkexlvtomxb/SourcePackages/checkouts/dotlottie-ios/Sources/DotLottie/Public/DotLottieView.swift /Users/jannikschill/Library/Developer/Xcode/DerivedData/Garten_Simulation-eroxfyrnurmsaraojtkexlvtomxb/SourcePackages/checkouts/dotlottie-ios/Sources/DotLottie/Public/Errors.swift (in target 'DotLottie' from project 'DotLottie')

SwiftCompile normal arm64 /Users/jannikschill/Library/Developer/Xcode/DerivedData/Garten_Simulation-eroxfyrnurmsaraojtkexlvtomxb/SourcePackages/checkouts/dotlottie-ios/Sources/DotLottie/Public/DotLottieView.swift (in target 'DotLottie' from project 'DotLottie')
    cd /Users/jannikschill/Documents/Garten-Simulation/Garten_Simulation.xcodeproj
    

SwiftCompile normal arm64 /Users/jannikschill/Library/Developer/Xcode/DerivedData/Garten_Simulation-eroxfyrnurmsaraojtkexlvtomxb/SourcePackages/checkouts/dotlottie-ios/Sources/DotLottie/Public/Errors.swift (in target 'DotLottie' from project 'DotLottie')
    cd /Users/jannikschill/Documents/Garten-Simulation/Garten_Simulation.xcodeproj
    

SwiftDriverJobDiscovery normal arm64 Compiling SharedUserDefaults.swift, ShopDetailPayload.swift, TrashCategory.swift, TrashItem.swift (in target 'GartenWidgetExtension' from project 'Garten_Simulation')

SwiftCompile normal arm64 Compiling\ Utils.swift /Users/jannikschill/Library/Developer/Xcode/DerivedData/Garten_Simulation-eroxfyrnurmsaraojtkexlvtomxb/SourcePackages/checkouts/dotlottie-ios/Sources/DotLottie/Public/Utils/Utils.swift (in target 'DotLottie' from project 'DotLottie')

SwiftCompile normal arm64 /Users/jannikschill/Library/Developer/Xcode/DerivedData/Garten_Simulation-eroxfyrnurmsaraojtkexlvtomxb/SourcePackages/checkouts/dotlottie-ios/Sources/DotLottie/Public/Utils/Utils.swift (in target 'DotLottie' from project 'DotLottie')
    cd /Users/jannikschill/Documents/Garten-Simulation/Garten_Simulation.xcodeproj
    

SwiftDriverJobDiscovery normal arm64 Compiling GroovyWidgetDataProvider.swift, GroovyWidgetEntryView.swift, GroovyWidgetIntent.swift, GroovyWidgetViews.swift (in target 'GartenWidgetExtension' from project 'Garten_Simulation')

SwiftCompile normal arm64 Compiling\ ViewRepresentable.swift /Users/jannikschill/Library/Developer/Xcode/DerivedData/Garten_Simulation-eroxfyrnurmsaraojtkexlvtomxb/SourcePackages/checkouts/dotlottie-ios/Sources/DotLottie/Public/ViewRepresentable.swift (in target 'DotLottie' from project 'DotLottie')

SwiftCompile normal arm64 /Users/jannikschill/Library/Developer/Xcode/DerivedData/Garten_Simulation-eroxfyrnurmsaraojtkexlvtomxb/SourcePackages/checkouts/dotlottie-ios/Sources/DotLottie/Public/ViewRepresentable.swift (in target 'DotLottie' from project 'DotLottie')
    cd /Users/jannikschill/Documents/Garten-Simulation/Garten_Simulation.xcodeproj
    

SwiftDriverJobDiscovery normal arm64 Compiling PlantEntity.swift, PlayerTitle.swift, RetentionGrund.swift, SettingsStore.swift (in target 'GartenWidgetExtension' from project 'Garten_Simulation')

SwiftCompile normal arm64 Compiling\ GestureManager.swift /Users/jannikschill/Library/Developer/Xcode/DerivedData/Garten_Simulation-eroxfyrnurmsaraojtkexlvtomxb/SourcePackages/checkouts/dotlottie-ios/Sources/DotLottie/Public/GestureManager.swift (in target 'DotLottie' from project 'DotLottie')

SwiftCompile normal arm64 /Users/jannikschill/Library/Developer/Xcode/DerivedData/Garten_Simulation-eroxfyrnurmsaraojtkexlvtomxb/SourcePackages/checkouts/dotlottie-ios/Sources/DotLottie/Public/GestureManager.swift (in target 'DotLottie' from project 'DotLottie')
    cd /Users/jannikschill/Documents/Garten-Simulation/Garten_Simulation.xcodeproj
    

SwiftDriverJobDiscovery normal arm64 Compiling ErfolgModel.swift, FeedbackManager.swift, GameConstants.swift, GameDatabase.swift (in target 'GartenWidgetExtension' from project 'Garten_Simulation')

SwiftCompile normal arm64 Compiling\ AnimationModel.swift /Users/jannikschill/Library/Developer/Xcode/DerivedData/Garten_Simulation-eroxfyrnurmsaraojtkexlvtomxb/SourcePackages/checkouts/dotlottie-ios/Sources/DotLottie/Public/Models/AnimationModel.swift (in target 'DotLottie' from project 'DotLottie')

SwiftCompile normal arm64 /Users/jannikschill/Library/Developer/Xcode/DerivedData/Garten_Simulation-eroxfyrnurmsaraojtkexlvtomxb/SourcePackages/checkouts/dotlottie-ios/Sources/DotLottie/Public/Models/AnimationModel.swift (in target 'DotLottie' from project 'DotLottie')
    cd /Users/jannikschill/Documents/Garten-Simulation/Garten_Simulation.xcodeproj
    

SwiftDriverJobDiscovery normal arm64 Compiling GardenLiveActivity.swift, GartenLevel.swift, GartenTierStufe.swift, GartenWidget.swift (in target 'GartenWidgetExtension' from project 'Garten_Simulation')

SwiftCompile normal arm64 Compiling\ LottiePlayerView.swift /Users/jannikschill/Library/Developer/Xcode/DerivedData/Garten_Simulation-eroxfyrnurmsaraojtkexlvtomxb/SourcePackages/checkouts/dotlottie-ios/Sources/DotLottie/Public/LottiePlayerView.swift (in target 'DotLottie' from project 'DotLottie')

SwiftCompile normal arm64 /Users/jannikschill/Library/Developer/Xcode/DerivedData/Garten_Simulation-eroxfyrnurmsaraojtkexlvtomxb/SourcePackages/checkouts/dotlottie-ios/Sources/DotLottie/Public/LottiePlayerView.swift (in target 'DotLottie' from project 'DotLottie')
    cd /Users/jannikschill/Documents/Garten-Simulation/Garten_Simulation.xcodeproj
    

SwiftDriverJobDiscovery normal arm64 Compiling ViewRepresentable.swift (in target 'DotLottie' from project 'DotLottie')

SwiftCompile normal arm64 Compiling\ LottiePlayer.swift /Users/jannikschill/Library/Developer/Xcode/DerivedData/Garten_Simulation-eroxfyrnurmsaraojtkexlvtomxb/SourcePackages/checkouts/dotlottie-ios/Sources/DotLottie/Public/LottiePlayer.swift (in target 'DotLottie' from project 'DotLottie')

SwiftCompile normal arm64 /Users/jannikschill/Library/Developer/Xcode/DerivedData/Garten_Simulation-eroxfyrnurmsaraojtkexlvtomxb/SourcePackages/checkouts/dotlottie-ios/Sources/DotLottie/Public/LottiePlayer.swift (in target 'DotLottie' from project 'DotLottie')
    cd /Users/jannikschill/Documents/Garten-Simulation/Garten_Simulation.xcodeproj
    

SwiftDriverJobDiscovery normal arm64 Compiling PfadDatenbank.swift, PfadSchwierigkeit.swift, PfadStrang.swift, PfadStrangTag.swift (in target 'GartenWidgetExtension' from project 'Garten_Simulation')

SwiftCompile normal arm64 Compiling\ Coordinator.swift,\ DotLottie.swift /Users/jannikschill/Library/Developer/Xcode/DerivedData/Garten_Simulation-eroxfyrnurmsaraojtkexlvtomxb/SourcePackages/checkouts/dotlottie-ios/Sources/DotLottie/Public/Coordinator.swift /Users/jannikschill/Library/Developer/Xcode/DerivedData/Garten_Simulation-eroxfyrnurmsaraojtkexlvtomxb/SourcePackages/checkouts/dotlottie-ios/Sources/DotLottie/Public/DotLottie.swift (in target 'DotLottie' from project 'DotLottie')

SwiftCompile normal arm64 /Users/jannikschill/Library/Developer/Xcode/DerivedData/Garten_Simulation-eroxfyrnurmsaraojtkexlvtomxb/SourcePackages/checkouts/dotlottie-ios/Sources/DotLottie/Public/Coordinator.swift (in target 'DotLottie' from project 'DotLottie')
    cd /Users/jannikschill/Documents/Garten-Simulation/Garten_Simulation.xcodeproj
    

SwiftCompile normal arm64 /Users/jannikschill/Library/Developer/Xcode/DerivedData/Garten_Simulation-eroxfyrnurmsaraojtkexlvtomxb/SourcePackages/checkouts/dotlottie-ios/Sources/DotLottie/Public/DotLottie.swift (in target 'DotLottie' from project 'DotLottie')
    cd /Users/jannikschill/Documents/Garten-Simulation/Garten_Simulation.xcodeproj
    

SwiftDriverJobDiscovery normal arm64 Compiling DotLottieView.swift, Errors.swift (in target 'DotLottie' from project 'DotLottie')

SwiftCompile normal arm64 Compiling\ DotLottieObserver.swift,\ DotLottiePlayerBridge.swift /Users/jannikschill/Library/Developer/Xcode/DerivedData/Garten_Simulation-eroxfyrnurmsaraojtkexlvtomxb/SourcePackages/checkouts/dotlottie-ios/Sources/DotLottie/Public/DotLottieObserver.swift /Users/jannikschill/Library/Developer/Xcode/DerivedData/Garten_Simulation-eroxfyrnurmsaraojtkexlvtomxb/SourcePackages/checkouts/dotlottie-ios/Sources/DotLottie/Public/DotLottiePlayerBridge.swift (in target 'DotLottie' from project 'DotLottie')

SwiftCompile normal arm64 /Users/jannikschill/Library/Developer/Xcode/DerivedData/Garten_Simulation-eroxfyrnurmsaraojtkexlvtomxb/SourcePackages/checkouts/dotlottie-ios/Sources/DotLottie/Public/DotLottieObserver.swift (in target 'DotLottie' from project 'DotLottie')
    cd /Users/jannikschill/Documents/Garten-Simulation/Garten_Simulation.xcodeproj
    

SwiftCompile normal arm64 /Users/jannikschill/Library/Developer/Xcode/DerivedData/Garten_Simulation-eroxfyrnurmsaraojtkexlvtomxb/SourcePackages/checkouts/dotlottie-ios/Sources/DotLottie/Public/DotLottiePlayerBridge.swift (in target 'DotLottie' from project 'DotLottie')
    cd /Users/jannikschill/Documents/Garten-Simulation/Garten_Simulation.xcodeproj
    

SwiftDriverJobDiscovery normal arm64 Compiling GestureManager.swift (in target 'DotLottie' from project 'DotLottie')

SwiftCompile normal arm64 Compiling\ Player.swift /Users/jannikschill/Library/Developer/Xcode/DerivedData/Garten_Simulation-eroxfyrnurmsaraojtkexlvtomxb/SourcePackages/checkouts/dotlottie-ios/Sources/DotLottie/Public/Player.swift (in target 'DotLottie' from project 'DotLottie')

SwiftCompile normal arm64 /Users/jannikschill/Library/Developer/Xcode/DerivedData/Garten_Simulation-eroxfyrnurmsaraojtkexlvtomxb/SourcePackages/checkouts/dotlottie-ios/Sources/DotLottie/Public/Player.swift (in target 'DotLottie' from project 'DotLottie')
    cd /Users/jannikschill/Documents/Garten-Simulation/Garten_Simulation.xcodeproj
    

SwiftDriverJobDiscovery normal arm64 Compiling Utils.swift (in target 'DotLottie' from project 'DotLottie')

SwiftCompile normal arm64 Compiling\ AnimationConfig.swift /Users/jannikschill/Library/Developer/Xcode/DerivedData/Garten_Simulation-eroxfyrnurmsaraojtkexlvtomxb/SourcePackages/checkouts/dotlottie-ios/Sources/DotLottie/Public/Models/AnimationConfig.swift (in target 'DotLottie' from project 'DotLottie')

SwiftCompile normal arm64 /Users/jannikschill/Library/Developer/Xcode/DerivedData/Garten_Simulation-eroxfyrnurmsaraojtkexlvtomxb/SourcePackages/checkouts/dotlottie-ios/Sources/DotLottie/Public/Models/AnimationConfig.swift (in target 'DotLottie' from project 'DotLottie')
    cd /Users/jannikschill/Documents/Garten-Simulation/Garten_Simulation.xcodeproj
    

SwiftDriverJobDiscovery normal arm64 Compiling AnimationModel.swift (in target 'DotLottie' from project 'DotLottie')

SwiftDriverJobDiscovery normal arm64 Emitting module for DotLottie (in target 'DotLottie' from project 'DotLottie')

SwiftDriver\ Compilation\ Requirements DotLottie normal arm64 com.apple.xcode.tools.swift.compiler (in target 'DotLottie' from project 'DotLottie')
    cd /Users/jannikschill/Documents/Garten-Simulation/Garten_Simulation.xcodeproj
    builtin-Swift-Compilation-Requirements -- /Applications/Xcode.app/Contents/Developer/Toolchains/XcodeDefault.xctoolchain/usr/bin/swiftc -module-name DotLottie -Onone @/Users/jannikschill/Library/Developer/Xcode/DerivedData/Garten_Simulation-eroxfyrnurmsaraojtkexlvtomxb/Build/Intermediates.noindex/DotLottie.build/Debug-iphonesimulator/DotLottie.build/Objects-normal/arm64/DotLottie.SwiftFileList -DSWIFT_PACKAGE -DDEBUG -DSWIFT_MODULE_RESOURCE_BUNDLE_UNAVAILABLE -DXcode -plugin-path /Applications/Xcode.app/Contents/Developer/Toolchains/XcodeDefault.xctoolchain/usr/lib/swift/host/plugins/testing -enable-experimental-feature DebugDescriptionMacro -sdk /Applications/Xcode.app/Contents/Developer/Platforms/iPhoneSimulator.platform/Developer/SDKs/iPhoneSimulator26.5.sdk -target arm64-apple-ios13.0-simulator -g -module-cache-path /Users/jannikschill/Library/Developer/Xcode/DerivedData/ModuleCache.noindex -Xfrontend -serialize-debugging-options -profile-coverage-mapping -profile-generate -enable-testing -suppress-warnings -index-store-path /Users/jannikschill/Library/Developer/Xcode/DerivedData/Garten_Simulation-eroxfyrnurmsaraojtkexlvtomxb/Index.noindex/DataStore -Xcc -D_LIBCPP_HARDENING_MODE\=_LIBCPP_HARDENING_MODE_DEBUG -swift-version 5 -I /Users/jannikschill/Library/Developer/Xcode/DerivedData/Garten_Simulation-eroxfyrnurmsaraojtkexlvtomxb/Build/Products/Debug-iphonesimulator -Isystem /Applications/Xcode.app/Contents/Developer/Platforms/iPhoneSimulator.platform/Developer/usr/lib -F /Users/jannikschill/Library/Developer/Xcode/DerivedData/Garten_Simulation-eroxfyrnurmsaraojtkexlvtomxb/Build/Products/Debug-iphonesimulator -F /Applications/Xcode.app/Contents/Developer/Platforms/iPhoneSimulator.platform/Developer/Library/Frameworks -F /Applications/Xcode.app/Contents/Developer/Platforms/iPhoneSimulator.platform/Developer/SDKs/iPhoneSimulator26.5.sdk/Developer/Library/Frameworks -c -j12 -enable-batch-mode -incremental -Xcc -ivfsstatcache -Xcc /Users/jannikschill/Library/Developer/Xcode/DerivedData/SDKStatCaches.noindex/iphonesimulator26.5-23F73-688ef53f1462e2c8f657fdc38a81448f6cfe768891a92b912361537c460fe42b.sdkstatcache -output-file-map /Users/jannikschill/Library/Developer/Xcode/DerivedData/Garten_Simulation-eroxfyrnurmsaraojtkexlvtomxb/Build/Intermediates.noindex/DotLottie.build/Debug-iphonesimulator/DotLottie.build/Objects-normal/arm64/DotLottie-OutputFileMap.json -use-frontend-parseable-output -save-temps -no-color-diagnostics -explicit-module-build -module-cache-path /Users/jannikschill/Library/Developer/Xcode/DerivedData/Garten_Simulation-eroxfyrnurmsaraojtkexlvtomxb/Build/Intermediates.noindex/SwiftExplicitPrecompiledModules -clang-scanner-module-cache-path /Users/jannikschill/Library/Developer/Xcode/DerivedData/ModuleCache.noindex -sdk-module-cache-path /Users/jannikschill/Library/Developer/Xcode/DerivedData/ModuleCache.noindex -serialize-diagnostics -emit-dependencies -emit-module -emit-module-path /Users/jannikschill/Library/Developer/Xcode/DerivedData/Garten_Simulation-eroxfyrnurmsaraojtkexlvtomxb/Build/Intermediates.noindex/DotLottie.build/Debug-iphonesimulator/DotLottie.build/Objects-normal/arm64/DotLottie.swiftmodule -validate-clang-modules-once -clang-build-session-file /Users/jannikschill/Library/Developer/Xcode/DerivedData/ModuleCache.noindex/Session.modulevalidation -Xcc -I/Users/jannikschill/Library/Developer/Xcode/DerivedData/Garten_Simulation-eroxfyrnurmsaraojtkexlvtomxb/Build/Intermediates.noindex/DotLottie.build/Debug-iphonesimulator/DotLottie.build/swift-overrides.hmap -emit-const-values -Xfrontend -const-gather-protocols-file -Xfrontend /Users/jannikschill/Library/Developer/Xcode/DerivedData/Garten_Simulation-eroxfyrnurmsaraojtkexlvtomxb/Build/Intermediates.noindex/DotLottie.build/Debug-iphonesimulator/DotLottie.build/Objects-normal/arm64/DotLottie_const_extract_protocols.json -Xcc -I/Users/jannikschill/Library/Developer/Xcode/DerivedData/Garten_Simulation-eroxfyrnurmsaraojtkexlvtomxb/Build/Products/Debug-iphonesimulator/include -Xcc -I/Users/jannikschill/Library/Developer/Xcode/DerivedData/Garten_Simulation-eroxfyrnurmsaraojtkexlvtomxb/Build/Intermediates.noindex/DotLottie.build/Debug-iphonesimulator/DotLottie.build/DerivedSources-normal/arm64 -Xcc -I/Users/jannikschill/Library/Developer/Xcode/DerivedData/Garten_Simulation-eroxfyrnurmsaraojtkexlvtomxb/Build/Intermediates.noindex/DotLottie.build/Debug-iphonesimulator/DotLottie.build/DerivedSources/arm64 -Xcc -I/Users/jannikschill/Library/Developer/Xcode/DerivedData/Garten_Simulation-eroxfyrnurmsaraojtkexlvtomxb/Build/Intermediates.noindex/DotLottie.build/Debug-iphonesimulator/DotLottie.build/DerivedSources -Xcc -DSWIFT_PACKAGE -Xcc -DDEBUG\=1 -emit-objc-header -emit-objc-header-path /Users/jannikschill/Library/Developer/Xcode/DerivedData/Garten_Simulation-eroxfyrnurmsaraojtkexlvtomxb/Build/Intermediates.noindex/DotLottie.build/Debug-iphonesimulator/DotLottie.build/Objects-normal/arm64/DotLottie-Swift.h -working-directory /Users/jannikschill/Documents/Garten-Simulation/Garten_Simulation.xcodeproj -experimental-emit-module-separately -disable-cmo

SwiftMergeGeneratedHeaders /Users/jannikschill/Library/Developer/Xcode/DerivedData/Garten_Simulation-eroxfyrnurmsaraojtkexlvtomxb/Build/Intermediates.noindex/GeneratedModuleMaps-iphonesimulator/DotLottie-Swift.h /Users/jannikschill/Library/Developer/Xcode/DerivedData/Garten_Simulation-eroxfyrnurmsaraojtkexlvtomxb/Build/Intermediates.noindex/DotLottie.build/Debug-iphonesimulator/DotLottie.build/Objects-normal/arm64/DotLottie-Swift.h (in target 'DotLottie' from project 'DotLottie')
    cd /Users/jannikschill/Library/Developer/Xcode/DerivedData/Garten_Simulation-eroxfyrnurmsaraojtkexlvtomxb/SourcePackages/checkouts/dotlottie-ios
    builtin-swiftHeaderTool -arch arm64 /Users/jannikschill/Library/Developer/Xcode/DerivedData/Garten_Simulation-eroxfyrnurmsaraojtkexlvtomxb/Build/Intermediates.noindex/DotLottie.build/Debug-iphonesimulator/DotLottie.build/Objects-normal/arm64/DotLottie-Swift.h -o /Users/jannikschill/Library/Developer/Xcode/DerivedData/Garten_Simulation-eroxfyrnurmsaraojtkexlvtomxb/Build/Intermediates.noindex/GeneratedModuleMaps-iphonesimulator/DotLottie-Swift.h

Copy /Users/jannikschill/Library/Developer/Xcode/DerivedData/Garten_Simulation-eroxfyrnurmsaraojtkexlvtomxb/Build/Products/Debug-iphonesimulator/DotLottie.swiftmodule/arm64-apple-ios-simulator.swiftmodule /Users/jannikschill/Library/Developer/Xcode/DerivedData/Garten_Simulation-eroxfyrnurmsaraojtkexlvtomxb/Build/Intermediates.noindex/DotLottie.build/Debug-iphonesimulator/DotLottie.build/Objects-normal/arm64/DotLottie.swiftmodule (in target 'DotLottie' from project 'DotLottie')
    cd /Users/jannikschill/Library/Developer/Xcode/DerivedData/Garten_Simulation-eroxfyrnurmsaraojtkexlvtomxb/SourcePackages/checkouts/dotlottie-ios
    builtin-copy -exclude .DS_Store -exclude CVS -exclude .svn -exclude .git -exclude .hg -resolve-src-symlinks -rename /Users/jannikschill/Library/Developer/Xcode/DerivedData/Garten_Simulation-eroxfyrnurmsaraojtkexlvtomxb/Build/Intermediates.noindex/DotLottie.build/Debug-iphonesimulator/DotLottie.build/Objects-normal/arm64/DotLottie.swiftmodule /Users/jannikschill/Library/Developer/Xcode/DerivedData/Garten_Simulation-eroxfyrnurmsaraojtkexlvtomxb/Build/Products/Debug-iphonesimulator/DotLottie.swiftmodule/arm64-apple-ios-simulator.swiftmodule

Copy /Users/jannikschill/Library/Developer/Xcode/DerivedData/Garten_Simulation-eroxfyrnurmsaraojtkexlvtomxb/Build/Products/Debug-iphonesimulator/DotLottie.swiftmodule/arm64-apple-ios-simulator.swiftdoc /Users/jannikschill/Library/Developer/Xcode/DerivedData/Garten_Simulation-eroxfyrnurmsaraojtkexlvtomxb/Build/Intermediates.noindex/DotLottie.build/Debug-iphonesimulator/DotLottie.build/Objects-normal/arm64/DotLottie.swiftdoc (in target 'DotLottie' from project 'DotLottie')
    cd /Users/jannikschill/Library/Developer/Xcode/DerivedData/Garten_Simulation-eroxfyrnurmsaraojtkexlvtomxb/SourcePackages/checkouts/dotlottie-ios
    builtin-copy -exclude .DS_Store -exclude CVS -exclude .svn -exclude .git -exclude .hg -resolve-src-symlinks -rename /Users/jannikschill/Library/Developer/Xcode/DerivedData/Garten_Simulation-eroxfyrnurmsaraojtkexlvtomxb/Build/Intermediates.noindex/DotLottie.build/Debug-iphonesimulator/DotLottie.build/Objects-normal/arm64/DotLottie.swiftdoc /Users/jannikschill/Library/Developer/Xcode/DerivedData/Garten_Simulation-eroxfyrnurmsaraojtkexlvtomxb/Build/Products/Debug-iphonesimulator/DotLottie.swiftmodule/arm64-apple-ios-simulator.swiftdoc

Copy /Users/jannikschill/Library/Developer/Xcode/DerivedData/Garten_Simulation-eroxfyrnurmsaraojtkexlvtomxb/Build/Products/Debug-iphonesimulator/DotLottie.swiftmodule/arm64-apple-ios-simulator.abi.json /Users/jannikschill/Library/Developer/Xcode/DerivedData/Garten_Simulation-eroxfyrnurmsaraojtkexlvtomxb/Build/Intermediates.noindex/DotLottie.build/Debug-iphonesimulator/DotLottie.build/Objects-normal/arm64/DotLottie.abi.json (in target 'DotLottie' from project 'DotLottie')
    cd /Users/jannikschill/Library/Developer/Xcode/DerivedData/Garten_Simulation-eroxfyrnurmsaraojtkexlvtomxb/SourcePackages/checkouts/dotlottie-ios
    builtin-copy -exclude .DS_Store -exclude CVS -exclude .svn -exclude .git -exclude .hg -resolve-src-symlinks -rename /Users/jannikschill/Library/Developer/Xcode/DerivedData/Garten_Simulation-eroxfyrnurmsaraojtkexlvtomxb/Build/Intermediates.noindex/DotLottie.build/Debug-iphonesimulator/DotLottie.build/Objects-normal/arm64/DotLottie.abi.json /Users/jannikschill/Library/Developer/Xcode/DerivedData/Garten_Simulation-eroxfyrnurmsaraojtkexlvtomxb/Build/Products/Debug-iphonesimulator/DotLottie.swiftmodule/arm64-apple-ios-simulator.abi.json

Copy /Users/jannikschill/Library/Developer/Xcode/DerivedData/Garten_Simulation-eroxfyrnurmsaraojtkexlvtomxb/Build/Products/Debug-iphonesimulator/DotLottie.swiftmodule/Project/arm64-apple-ios-simulator.swiftsourceinfo /Users/jannikschill/Library/Developer/Xcode/DerivedData/Garten_Simulation-eroxfyrnurmsaraojtkexlvtomxb/Build/Intermediates.noindex/DotLottie.build/Debug-iphonesimulator/DotLottie.build/Objects-normal/arm64/DotLottie.swiftsourceinfo (in target 'DotLottie' from project 'DotLottie')
    cd /Users/jannikschill/Library/Developer/Xcode/DerivedData/Garten_Simulation-eroxfyrnurmsaraojtkexlvtomxb/SourcePackages/checkouts/dotlottie-ios
    builtin-copy -exclude .DS_Store -exclude CVS -exclude .svn -exclude .git -exclude .hg -resolve-src-symlinks -rename /Users/jannikschill/Library/Developer/Xcode/DerivedData/Garten_Simulation-eroxfyrnurmsaraojtkexlvtomxb/Build/Intermediates.noindex/DotLottie.build/Debug-iphonesimulator/DotLottie.build/Objects-normal/arm64/DotLottie.swiftsourceinfo /Users/jannikschill/Library/Developer/Xcode/DerivedData/Garten_Simulation-eroxfyrnurmsaraojtkexlvtomxb/Build/Products/Debug-iphonesimulator/DotLottie.swiftmodule/Project/arm64-apple-ios-simulator.swiftsourceinfo

SwiftDriverJobDiscovery normal arm64 Compiling AnimationConfig.swift (in target 'DotLottie' from project 'DotLottie')

SwiftDriverJobDiscovery normal arm64 Compiling LottiePlayerView.swift (in target 'DotLottie' from project 'DotLottie')

SwiftDriverJobDiscovery normal arm64 Compiling Coordinator.swift, DotLottie.swift (in target 'DotLottie' from project 'DotLottie')

SwiftDriverJobDiscovery normal arm64 Compiling Player.swift (in target 'DotLottie' from project 'DotLottie')

SwiftDriverJobDiscovery normal arm64 Compiling HabitModel.swift, Int+Streak.swift, NotificationManager.swift, NotificationTexts.swift (in target 'GartenWidgetExtension' from project 'Garten_Simulation')

SwiftDriverJobDiscovery normal arm64 Compiling DotLottieAnimation.swift, DotLottieAnimationView.swift (in target 'DotLottie' from project 'DotLottie')

SwiftDriverJobDiscovery normal arm64 Compiling LottiePlayer.swift (in target 'DotLottie' from project 'DotLottie')

SwiftDriverJobDiscovery normal arm64 Compiling GroovyHabitsWidget.swift, GroovyNewWidgetViews.swift, GroovyTimelineProvider.swift, GroovyTimelineProviders.swift (in target 'GartenWidgetExtension' from project 'Garten_Simulation')

SwiftDriverJobDiscovery normal arm64 Compiling DotLottieObserver.swift, DotLottiePlayerBridge.swift (in target 'DotLottie' from project 'DotLottie')

SwiftDriver\ Compilation DotLottie normal arm64 com.apple.xcode.tools.swift.compiler (in target 'DotLottie' from project 'DotLottie')
    cd /Users/jannikschill/Documents/Garten-Simulation/Garten_Simulation.xcodeproj
    builtin-Swift-Compilation -- /Applications/Xcode.app/Contents/Developer/Toolchains/XcodeDefault.xctoolchain/usr/bin/swiftc -module-name DotLottie -Onone @/Users/jannikschill/Library/Developer/Xcode/DerivedData/Garten_Simulation-eroxfyrnurmsaraojtkexlvtomxb/Build/Intermediates.noindex/DotLottie.build/Debug-iphonesimulator/DotLottie.build/Objects-normal/arm64/DotLottie.SwiftFileList -DSWIFT_PACKAGE -DDEBUG -DSWIFT_MODULE_RESOURCE_BUNDLE_UNAVAILABLE -DXcode -plugin-path /Applications/Xcode.app/Contents/Developer/Toolchains/XcodeDefault.xctoolchain/usr/lib/swift/host/plugins/testing -enable-experimental-feature DebugDescriptionMacro -sdk /Applications/Xcode.app/Contents/Developer/Platforms/iPhoneSimulator.platform/Developer/SDKs/iPhoneSimulator26.5.sdk -target arm64-apple-ios13.0-simulator -g -module-cache-path /Users/jannikschill/Library/Developer/Xcode/DerivedData/ModuleCache.noindex -Xfrontend -serialize-debugging-options -profile-coverage-mapping -profile-generate -enable-testing -suppress-warnings -index-store-path /Users/jannikschill/Library/Developer/Xcode/DerivedData/Garten_Simulation-eroxfyrnurmsaraojtkexlvtomxb/Index.noindex/DataStore -Xcc -D_LIBCPP_HARDENING_MODE\=_LIBCPP_HARDENING_MODE_DEBUG -swift-version 5 -I /Users/jannikschill/Library/Developer/Xcode/DerivedData/Garten_Simulation-eroxfyrnurmsaraojtkexlvtomxb/Build/Products/Debug-iphonesimulator -Isystem /Applications/Xcode.app/Contents/Developer/Platforms/iPhoneSimulator.platform/Developer/usr/lib -F /Users/jannikschill/Library/Developer/Xcode/DerivedData/Garten_Simulation-eroxfyrnurmsaraojtkexlvtomxb/Build/Products/Debug-iphonesimulator -F /Applications/Xcode.app/Contents/Developer/Platforms/iPhoneSimulator.platform/Developer/Library/Frameworks -F /Applications/Xcode.app/Contents/Developer/Platforms/iPhoneSimulator.platform/Developer/SDKs/iPhoneSimulator26.5.sdk/Developer/Library/Frameworks -c -j12 -enable-batch-mode -incremental -Xcc -ivfsstatcache -Xcc /Users/jannikschill/Library/Developer/Xcode/DerivedData/SDKStatCaches.noindex/iphonesimulator26.5-23F73-688ef53f1462e2c8f657fdc38a81448f6cfe768891a92b912361537c460fe42b.sdkstatcache -output-file-map /Users/jannikschill/Library/Developer/Xcode/DerivedData/Garten_Simulation-eroxfyrnurmsaraojtkexlvtomxb/Build/Intermediates.noindex/DotLottie.build/Debug-iphonesimulator/DotLottie.build/Objects-normal/arm64/DotLottie-OutputFileMap.json -use-frontend-parseable-output -save-temps -no-color-diagnostics -explicit-module-build -module-cache-path /Users/jannikschill/Library/Developer/Xcode/DerivedData/Garten_Simulation-eroxfyrnurmsaraojtkexlvtomxb/Build/Intermediates.noindex/SwiftExplicitPrecompiledModules -clang-scanner-module-cache-path /Users/jannikschill/Library/Developer/Xcode/DerivedData/ModuleCache.noindex -sdk-module-cache-path /Users/jannikschill/Library/Developer/Xcode/DerivedData/ModuleCache.noindex -serialize-diagnostics -emit-dependencies -emit-module -emit-module-path /Users/jannikschill/Library/Developer/Xcode/DerivedData/Garten_Simulation-eroxfyrnurmsaraojtkexlvtomxb/Build/Intermediates.noindex/DotLottie.build/Debug-iphonesimulator/DotLottie.build/Objects-normal/arm64/DotLottie.swiftmodule -validate-clang-modules-once -clang-build-session-file /Users/jannikschill/Library/Developer/Xcode/DerivedData/ModuleCache.noindex/Session.modulevalidation -Xcc -I/Users/jannikschill/Library/Developer/Xcode/DerivedData/Garten_Simulation-eroxfyrnurmsaraojtkexlvtomxb/Build/Intermediates.noindex/DotLottie.build/Debug-iphonesimulator/DotLottie.build/swift-overrides.hmap -emit-const-values -Xfrontend -const-gather-protocols-file -Xfrontend /Users/jannikschill/Library/Developer/Xcode/DerivedData/Garten_Simulation-eroxfyrnurmsaraojtkexlvtomxb/Build/Intermediates.noindex/DotLottie.build/Debug-iphonesimulator/DotLottie.build/Objects-normal/arm64/DotLottie_const_extract_protocols.json -Xcc -I/Users/jannikschill/Library/Developer/Xcode/DerivedData/Garten_Simulation-eroxfyrnurmsaraojtkexlvtomxb/Build/Products/Debug-iphonesimulator/include -Xcc -I/Users/jannikschill/Library/Developer/Xcode/DerivedData/Garten_Simulation-eroxfyrnurmsaraojtkexlvtomxb/Build/Intermediates.noindex/DotLottie.build/Debug-iphonesimulator/DotLottie.build/DerivedSources-normal/arm64 -Xcc -I/Users/jannikschill/Library/Developer/Xcode/DerivedData/Garten_Simulation-eroxfyrnurmsaraojtkexlvtomxb/Build/Intermediates.noindex/DotLottie.build/Debug-iphonesimulator/DotLottie.build/DerivedSources/arm64 -Xcc -I/Users/jannikschill/Library/Developer/Xcode/DerivedData/Garten_Simulation-eroxfyrnurmsaraojtkexlvtomxb/Build/Intermediates.noindex/DotLottie.build/Debug-iphonesimulator/DotLottie.build/DerivedSources -Xcc -DSWIFT_PACKAGE -Xcc -DDEBUG\=1 -emit-objc-header -emit-objc-header-path /Users/jannikschill/Library/Developer/Xcode/DerivedData/Garten_Simulation-eroxfyrnurmsaraojtkexlvtomxb/Build/Intermediates.noindex/DotLottie.build/Debug-iphonesimulator/DotLottie.build/Objects-normal/arm64/DotLottie-Swift.h -working-directory /Users/jannikschill/Documents/Garten-Simulation/Garten_Simulation.xcodeproj -experimental-emit-module-separately -disable-cmo

Ld /Users/jannikschill/Library/Developer/Xcode/DerivedData/Garten_Simulation-eroxfyrnurmsaraojtkexlvtomxb/Build/Products/Debug-iphonesimulator/DotLottie.o normal (in target 'DotLottie' from project 'DotLottie')
    cd /Users/jannikschill/Library/Developer/Xcode/DerivedData/Garten_Simulation-eroxfyrnurmsaraojtkexlvtomxb/SourcePackages/checkouts/dotlottie-ios
    /Applications/Xcode.app/Contents/Developer/Toolchains/XcodeDefault.xctoolchain/usr/bin/clang -Xlinker -reproducible -target arm64-apple-ios13.0-simulator -r -isysroot /Applications/Xcode.app/Contents/Developer/Platforms/iPhoneSimulator.platform/Developer/SDKs/iPhoneSimulator26.5.sdk -O0 -w -F/Users/jannikschill/Library/Developer/Xcode/DerivedData/Garten_Simulation-eroxfyrnurmsaraojtkexlvtomxb/Build/Intermediates.noindex/EagerLinkingTBDs/Debug-iphonesimulator -F/Users/jannikschill/Library/Developer/Xcode/DerivedData/Garten_Simulation-eroxfyrnurmsaraojtkexlvtomxb/Build/Products/Debug-iphonesimulator -iframework /Applications/Xcode.app/Contents/Developer/Platforms/iPhoneSimulator.platform/Developer/Library/Frameworks -iframework /Applications/Xcode.app/Contents/Developer/Platforms/iPhoneSimulator.platform/Developer/SDKs/iPhoneSimulator26.5.sdk/Developer/Library/Frameworks -filelist /Users/jannikschill/Library/Developer/Xcode/DerivedData/Garten_Simulation-eroxfyrnurmsaraojtkexlvtomxb/Build/Intermediates.noindex/DotLottie.build/Debug-iphonesimulator/DotLottie.build/Objects-normal/arm64/DotLottie.LinkFileList -nostdlib -Xlinker -object_path_lto -Xlinker /Users/jannikschill/Library/Developer/Xcode/DerivedData/Garten_Simulation-eroxfyrnurmsaraojtkexlvtomxb/Build/Intermediates.noindex/DotLottie.build/Debug-iphonesimulator/DotLottie.build/Objects-normal/arm64/DotLottie_lto.o -Xlinker -no_deduplicate -Xlinker -objc_abi_version -Xlinker 2 -Xlinker -debug_variant -Xlinker -dependency_info -Xlinker /Users/jannikschill/Library/Developer/Xcode/DerivedData/Garten_Simulation-eroxfyrnurmsaraojtkexlvtomxb/Build/Intermediates.noindex/DotLottie.build/Debug-iphonesimulator/DotLottie.build/Objects-normal/arm64/DotLottie_dependency_info.dat -fobjc-link-runtime -L/Applications/Xcode.app/Contents/Developer/Toolchains/XcodeDefault.xctoolchain/usr/lib/swift/iphonesimulator -L/usr/lib/swift -Xlinker -add_ast_path -Xlinker /Users/jannikschill/Library/Developer/Xcode/DerivedData/Garten_Simulation-eroxfyrnurmsaraojtkexlvtomxb/Build/Intermediates.noindex/DotLottie.build/Debug-iphonesimulator/DotLottie.build/Objects-normal/arm64/DotLottie.swiftmodule @/Users/jannikschill/Library/Developer/Xcode/DerivedData/Garten_Simulation-eroxfyrnurmsaraojtkexlvtomxb/Build/Intermediates.noindex/DotLottie.build/Debug-iphonesimulator/DotLottie.build/Objects-normal/arm64/DotLottie-linker-args.resp -o /Users/jannikschill/Library/Developer/Xcode/DerivedData/Garten_Simulation-eroxfyrnurmsaraojtkexlvtomxb/Build/Products/Debug-iphonesimulator/DotLottie.o

ExtractAppIntentsMetadata (in target 'DotLottie' from project 'DotLottie')
    cd /Users/jannikschill/Library/Developer/Xcode/DerivedData/Garten_Simulation-eroxfyrnurmsaraojtkexlvtomxb/SourcePackages/checkouts/dotlottie-ios
    /Applications/Xcode.app/Contents/Developer/Toolchains/XcodeDefault.xctoolchain/usr/bin/appintentsmetadataprocessor --toolchain-dir /var/run/com.apple.security.cryptexd/mnt/com.apple.MobileAsset.MetalToolchain-v17.6.42.0.r2HOXP/Metal.xctoolchain --module-name DotLottie --sdk-root /Applications/Xcode.app/Contents/Developer/Platforms/iPhoneSimulator.platform/Developer/SDKs/iPhoneSimulator26.5.sdk --xcode-version 17F42 --platform-family iOS --deployment-target 13.0 --bundle-identifier dotlottie-ios.DotLottie --output /Users/jannikschill/Library/Developer/Xcode/DerivedData/Garten_Simulation-eroxfyrnurmsaraojtkexlvtomxb/Build/Products/Debug-iphonesimulator/DotLottie.appintents --target-triple arm64-apple-ios13.0-simulator --binary-file /Users/jannikschill/Library/Developer/Xcode/DerivedData/Garten_Simulation-eroxfyrnurmsaraojtkexlvtomxb/Build/Products/Debug-iphonesimulator/DotLottie.o --dependency-file /Users/jannikschill/Library/Developer/Xcode/DerivedData/Garten_Simulation-eroxfyrnurmsaraojtkexlvtomxb/Build/Intermediates.noindex/DotLottie.build/Debug-iphonesimulator/DotLottie.build/Objects-normal/arm64/DotLottie_dependency_info.dat --stringsdata-file /Users/jannikschill/Library/Developer/Xcode/DerivedData/Garten_Simulation-eroxfyrnurmsaraojtkexlvtomxb/Build/Intermediates.noindex/DotLottie.build/Debug-iphonesimulator/DotLottie.build/Objects-normal/arm64/ExtractedAppShortcutsMetadata.stringsdata --source-file-list /Users/jannikschill/Library/Developer/Xcode/DerivedData/Garten_Simulation-eroxfyrnurmsaraojtkexlvtomxb/Build/Intermediates.noindex/DotLottie.build/Debug-iphonesimulator/DotLottie.build/Objects-normal/arm64/DotLottie.SwiftFileList --metadata-file-list /Users/jannikschill/Library/Developer/Xcode/DerivedData/Garten_Simulation-eroxfyrnurmsaraojtkexlvtomxb/Build/Intermediates.noindex/DotLottie.build/Debug-iphonesimulator/DotLottie.build/DotLottie.DependencyMetadataFileList --static-metadata-file-list /Users/jannikschill/Library/Developer/Xcode/DerivedData/Garten_Simulation-eroxfyrnurmsaraojtkexlvtomxb/Build/Intermediates.noindex/DotLottie.build/Debug-iphonesimulator/DotLottie.build/DotLottie.DependencyStaticMetadataFileList --swift-const-vals-list /Users/jannikschill/Library/Developer/Xcode/DerivedData/Garten_Simulation-eroxfyrnurmsaraojtkexlvtomxb/Build/Intermediates.noindex/DotLottie.build/Debug-iphonesimulator/DotLottie.build/Objects-normal/arm64/DotLottie.SwiftConstValuesFileList --force --compile-time-extraction --deployment-aware-processing --validate-assistant-intents --no-app-shortcuts-localization
2026-06-24 16:20:03.127 appintentsmetadataprocessor[35695:881843] Starting appintentsmetadataprocessor export
2026-06-24 16:20:03.137 appintentsmetadataprocessor[35695:881843] Extracted no relevant App Intents symbols, skipping writing output

RegisterExecutionPolicyException /Users/jannikschill/Library/Developer/Xcode/DerivedData/Garten_Simulation-eroxfyrnurmsaraojtkexlvtomxb/Build/Products/Debug-iphonesimulator/DotLottie.o (in target 'DotLottie' from project 'DotLottie')
    cd /Users/jannikschill/Library/Developer/Xcode/DerivedData/Garten_Simulation-eroxfyrnurmsaraojtkexlvtomxb/SourcePackages/checkouts/dotlottie-ios
    builtin-RegisterExecutionPolicyException /Users/jannikschill/Library/Developer/Xcode/DerivedData/Garten_Simulation-eroxfyrnurmsaraojtkexlvtomxb/Build/Products/Debug-iphonesimulator/DotLottie.o

SwiftDriverJobDiscovery normal arm64 Emitting module for GartenWidgetExtension (in target 'GartenWidgetExtension' from project 'Garten_Simulation')

SwiftDriver\ Compilation\ Requirements GartenWidgetExtension normal arm64 com.apple.xcode.tools.swift.compiler (in target 'GartenWidgetExtension' from project 'Garten_Simulation')
    cd /Users/jannikschill/Documents/Garten-Simulation
    builtin-Swift-Compilation-Requirements -- /Applications/Xcode.app/Contents/Developer/Toolchains/XcodeDefault.xctoolchain/usr/bin/swiftc -module-name GartenWidgetExtension -Onone @/Users/jannikschill/Library/Developer/Xcode/DerivedData/Garten_Simulation-eroxfyrnurmsaraojtkexlvtomxb/Build/Intermediates.noindex/Garten_Simulation.build/Debug-iphonesimulator/GartenWidgetExtension.build/Objects-normal/arm64/GartenWidgetExtension.SwiftFileList -DDEBUG -enable-bare-slash-regex -enable-upcoming-feature DisableOutwardActorInference -enable-upcoming-feature InferSendableFromCaptures -enable-upcoming-feature GlobalActorIsolatedTypesUsability -enable-upcoming-feature MemberImportVisibility -enable-upcoming-feature InferIsolatedConformances -enable-upcoming-feature NonisolatedNonsendingByDefault -enable-experimental-feature DebugDescriptionMacro -sdk /Applications/Xcode.app/Contents/Developer/Platforms/iPhoneSimulator.platform/Developer/SDKs/iPhoneSimulator26.5.sdk -target arm64-apple-ios17.0-simulator -g -module-cache-path /Users/jannikschill/Library/Developer/Xcode/DerivedData/ModuleCache.noindex -Xfrontend -serialize-debugging-options -application-extension -profile-coverage-mapping -profile-generate -enable-testing -index-store-path /Users/jannikschill/Library/Developer/Xcode/DerivedData/Garten_Simulation-eroxfyrnurmsaraojtkexlvtomxb/Index.noindex/DataStore -Xcc -D_LIBCPP_HARDENING_MODE\=_LIBCPP_HARDENING_MODE_DEBUG -swift-version 5 -I /Users/jannikschill/Library/Developer/Xcode/DerivedData/Garten_Simulation-eroxfyrnurmsaraojtkexlvtomxb/Build/Products/Debug-iphonesimulator -F /Users/jannikschill/Library/Developer/Xcode/DerivedData/Garten_Simulation-eroxfyrnurmsaraojtkexlvtomxb/Build/Products/Debug-iphonesimulator -emit-localized-strings -emit-localized-strings-path /Users/jannikschill/Library/Developer/Xcode/DerivedData/Garten_Simulation-eroxfyrnurmsaraojtkexlvtomxb/Build/Intermediates.noindex/Garten_Simulation.build/Debug-iphonesimulator/GartenWidgetExtension.build/Objects-normal/arm64 -c -j12 -enable-batch-mode -incremental -Xcc -ivfsstatcache -Xcc /Users/jannikschill/Library/Developer/Xcode/DerivedData/SDKStatCaches.noindex/iphonesimulator26.5-23F73-688ef53f1462e2c8f657fdc38a81448f6cfe768891a92b912361537c460fe42b.sdkstatcache -output-file-map /Users/jannikschill/Library/Developer/Xcode/DerivedData/Garten_Simulation-eroxfyrnurmsaraojtkexlvtomxb/Build/Intermediates.noindex/Garten_Simulation.build/Debug-iphonesimulator/GartenWidgetExtension.build/Objects-normal/arm64/GartenWidgetExtension-OutputFileMap.json -use-frontend-parseable-output -save-temps -no-color-diagnostics -explicit-module-build -module-cache-path /Users/jannikschill/Library/Developer/Xcode/DerivedData/Garten_Simulation-eroxfyrnurmsaraojtkexlvtomxb/Build/Intermediates.noindex/SwiftExplicitPrecompiledModules -clang-scanner-module-cache-path /Users/jannikschill/Library/Developer/Xcode/DerivedData/ModuleCache.noindex -sdk-module-cache-path /Users/jannikschill/Library/Developer/Xcode/DerivedData/ModuleCache.noindex -serialize-diagnostics -emit-dependencies -emit-module -emit-module-path /Users/jannikschill/Library/Developer/Xcode/DerivedData/Garten_Simulation-eroxfyrnurmsaraojtkexlvtomxb/Build/Intermediates.noindex/Garten_Simulation.build/Debug-iphonesimulator/GartenWidgetExtension.build/Objects-normal/arm64/GartenWidgetExtension.swiftmodule -validate-clang-modules-once -clang-build-session-file /Users/jannikschill/Library/Developer/Xcode/DerivedData/ModuleCache.noindex/Session.modulevalidation -Xcc -I/Users/jannikschill/Library/Developer/Xcode/DerivedData/Garten_Simulation-eroxfyrnurmsaraojtkexlvtomxb/Build/Intermediates.noindex/Garten_Simulation.build/Debug-iphonesimulator/GartenWidgetExtension.build/swift-overrides.hmap -emit-const-values -Xfrontend -const-gather-protocols-file -Xfrontend /Users/jannikschill/Library/Developer/Xcode/DerivedData/Garten_Simulation-eroxfyrnurmsaraojtkexlvtomxb/Build/Intermediates.noindex/Garten_Simulation.build/Debug-iphonesimulator/GartenWidgetExtension.build/Objects-normal/arm64/GartenWidgetExtension_const_extract_protocols.json -Xcc -iquote -Xcc /Users/jannikschill/Library/Developer/Xcode/DerivedData/Garten_Simulation-eroxfyrnurmsaraojtkexlvtomxb/Build/Intermediates.noindex/Garten_Simulation.build/Debug-iphonesimulator/GartenWidgetExtension.build/GartenWidgetExtension-generated-files.hmap -Xcc -I/Users/jannikschill/Library/Developer/Xcode/DerivedData/Garten_Simulation-eroxfyrnurmsaraojtkexlvtomxb/Build/Intermediates.noindex/Garten_Simulation.build/Debug-iphonesimulator/GartenWidgetExtension.build/GartenWidgetExtension-own-target-headers.hmap -Xcc -I/Users/jannikschill/Library/Developer/Xcode/DerivedData/Garten_Simulation-eroxfyrnurmsaraojtkexlvtomxb/Build/Intermediates.noindex/Garten_Simulation.build/Debug-iphonesimulator/GartenWidgetExtension.build/GartenWidgetExtension-all-non-framework-target-headers.hmap -Xcc -ivfsoverlay -Xcc /Users/jannikschill/Library/Developer/Xcode/DerivedData/Garten_Simulation-eroxfyrnurmsaraojtkexlvtomxb/Build/Intermediates.noindex/Garten_Simulation.build/Debug-iphonesimulator/Garten_Simulation-49394399678d88b76108bd64d45cffb0-VFS-iphonesimulator/all-product-headers.yaml -Xcc -iquote -Xcc /Users/jannikschill/Library/Developer/Xcode/DerivedData/Garten_Simulation-eroxfyrnurmsaraojtkexlvtomxb/Build/Intermediates.noindex/Garten_Simulation.build/Debug-iphonesimulator/GartenWidgetExtension.build/GartenWidgetExtension-project-headers.hmap -Xcc -I/Users/jannikschill/Library/Developer/Xcode/DerivedData/Garten_Simulation-eroxfyrnurmsaraojtkexlvtomxb/Build/Products/Debug-iphonesimulator/include -Xcc -I/Users/jannikschill/Library/Developer/Xcode/DerivedData/Garten_Simulation-eroxfyrnurmsaraojtkexlvtomxb/Build/Intermediates.noindex/Garten_Simulation.build/Debug-iphonesimulator/GartenWidgetExtension.build/DerivedSources-normal/arm64 -Xcc -I/Users/jannikschill/Library/Developer/Xcode/DerivedData/Garten_Simulation-eroxfyrnurmsaraojtkexlvtomxb/Build/Intermediates.noindex/Garten_Simulation.build/Debug-iphonesimulator/GartenWidgetExtension.build/DerivedSources/arm64 -Xcc -I/Users/jannikschill/Library/Developer/Xcode/DerivedData/Garten_Simulation-eroxfyrnurmsaraojtkexlvtomxb/Build/Intermediates.noindex/Garten_Simulation.build/Debug-iphonesimulator/GartenWidgetExtension.build/DerivedSources -Xcc -DDEBUG\=1 -emit-objc-header -emit-objc-header-path /Users/jannikschill/Library/Developer/Xcode/DerivedData/Garten_Simulation-eroxfyrnurmsaraojtkexlvtomxb/Build/Intermediates.noindex/Garten_Simulation.build/Debug-iphonesimulator/GartenWidgetExtension.build/Objects-normal/arm64/GartenWidgetExtension-Swift.h -working-directory /Users/jannikschill/Documents/Garten-Simulation -experimental-emit-module-separately -disable-cmo

SwiftMergeGeneratedHeaders /Users/jannikschill/Library/Developer/Xcode/DerivedData/Garten_Simulation-eroxfyrnurmsaraojtkexlvtomxb/Build/Intermediates.noindex/Garten_Simulation.build/Debug-iphonesimulator/GartenWidgetExtension.build/DerivedSources/GartenWidgetExtension-Swift.h /Users/jannikschill/Library/Developer/Xcode/DerivedData/Garten_Simulation-eroxfyrnurmsaraojtkexlvtomxb/Build/Intermediates.noindex/Garten_Simulation.build/Debug-iphonesimulator/GartenWidgetExtension.build/Objects-normal/arm64/GartenWidgetExtension-Swift.h (in target 'GartenWidgetExtension' from project 'Garten_Simulation')
    cd /Users/jannikschill/Documents/Garten-Simulation
    builtin-swiftHeaderTool -arch arm64 /Users/jannikschill/Library/Developer/Xcode/DerivedData/Garten_Simulation-eroxfyrnurmsaraojtkexlvtomxb/Build/Intermediates.noindex/Garten_Simulation.build/Debug-iphonesimulator/GartenWidgetExtension.build/Objects-normal/arm64/GartenWidgetExtension-Swift.h -o /Users/jannikschill/Library/Developer/Xcode/DerivedData/Garten_Simulation-eroxfyrnurmsaraojtkexlvtomxb/Build/Intermediates.noindex/Garten_Simulation.build/Debug-iphonesimulator/GartenWidgetExtension.build/DerivedSources/GartenWidgetExtension-Swift.h

Copy /Users/jannikschill/Library/Developer/Xcode/DerivedData/Garten_Simulation-eroxfyrnurmsaraojtkexlvtomxb/Build/Products/Debug-iphonesimulator/GartenWidgetExtension.swiftmodule/arm64-apple-ios-simulator.abi.json /Users/jannikschill/Library/Developer/Xcode/DerivedData/Garten_Simulation-eroxfyrnurmsaraojtkexlvtomxb/Build/Intermediates.noindex/Garten_Simulation.build/Debug-iphonesimulator/GartenWidgetExtension.build/Objects-normal/arm64/GartenWidgetExtension.abi.json (in target 'GartenWidgetExtension' from project 'Garten_Simulation')
    cd /Users/jannikschill/Documents/Garten-Simulation
    builtin-copy -exclude .DS_Store -exclude CVS -exclude .svn -exclude .git -exclude .hg -resolve-src-symlinks -rename /Users/jannikschill/Library/Developer/Xcode/DerivedData/Garten_Simulation-eroxfyrnurmsaraojtkexlvtomxb/Build/Intermediates.noindex/Garten_Simulation.build/Debug-iphonesimulator/GartenWidgetExtension.build/Objects-normal/arm64/GartenWidgetExtension.abi.json /Users/jannikschill/Library/Developer/Xcode/DerivedData/Garten_Simulation-eroxfyrnurmsaraojtkexlvtomxb/Build/Products/Debug-iphonesimulator/GartenWidgetExtension.swiftmodule/arm64-apple-ios-simulator.abi.json

Copy /Users/jannikschill/Library/Developer/Xcode/DerivedData/Garten_Simulation-eroxfyrnurmsaraojtkexlvtomxb/Build/Products/Debug-iphonesimulator/GartenWidgetExtension.swiftmodule/arm64-apple-ios-simulator.swiftmodule /Users/jannikschill/Library/Developer/Xcode/DerivedData/Garten_Simulation-eroxfyrnurmsaraojtkexlvtomxb/Build/Intermediates.noindex/Garten_Simulation.build/Debug-iphonesimulator/GartenWidgetExtension.build/Objects-normal/arm64/GartenWidgetExtension.swiftmodule (in target 'GartenWidgetExtension' from project 'Garten_Simulation')
    cd /Users/jannikschill/Documents/Garten-Simulation
    builtin-copy -exclude .DS_Store -exclude CVS -exclude .svn -exclude .git -exclude .hg -resolve-src-symlinks -rename /Users/jannikschill/Library/Developer/Xcode/DerivedData/Garten_Simulation-eroxfyrnurmsaraojtkexlvtomxb/Build/Intermediates.noindex/Garten_Simulation.build/Debug-iphonesimulator/GartenWidgetExtension.build/Objects-normal/arm64/GartenWidgetExtension.swiftmodule /Users/jannikschill/Library/Developer/Xcode/DerivedData/Garten_Simulation-eroxfyrnurmsaraojtkexlvtomxb/Build/Products/Debug-iphonesimulator/GartenWidgetExtension.swiftmodule/arm64-apple-ios-simulator.swiftmodule

Copy /Users/jannikschill/Library/Developer/Xcode/DerivedData/Garten_Simulation-eroxfyrnurmsaraojtkexlvtomxb/Build/Products/Debug-iphonesimulator/GartenWidgetExtension.swiftmodule/Project/arm64-apple-ios-simulator.swiftsourceinfo /Users/jannikschill/Library/Developer/Xcode/DerivedData/Garten_Simulation-eroxfyrnurmsaraojtkexlvtomxb/Build/Intermediates.noindex/Garten_Simulation.build/Debug-iphonesimulator/GartenWidgetExtension.build/Objects-normal/arm64/GartenWidgetExtension.swiftsourceinfo (in target 'GartenWidgetExtension' from project 'Garten_Simulation')
    cd /Users/jannikschill/Documents/Garten-Simulation
    builtin-copy -exclude .DS_Store -exclude CVS -exclude .svn -exclude .git -exclude .hg -resolve-src-symlinks -rename /Users/jannikschill/Library/Developer/Xcode/DerivedData/Garten_Simulation-eroxfyrnurmsaraojtkexlvtomxb/Build/Intermediates.noindex/Garten_Simulation.build/Debug-iphonesimulator/GartenWidgetExtension.build/Objects-normal/arm64/GartenWidgetExtension.swiftsourceinfo /Users/jannikschill/Library/Developer/Xcode/DerivedData/Garten_Simulation-eroxfyrnurmsaraojtkexlvtomxb/Build/Products/Debug-iphonesimulator/GartenWidgetExtension.swiftmodule/Project/arm64-apple-ios-simulator.swiftsourceinfo

Copy /Users/jannikschill/Library/Developer/Xcode/DerivedData/Garten_Simulation-eroxfyrnurmsaraojtkexlvtomxb/Build/Products/Debug-iphonesimulator/GartenWidgetExtension.swiftmodule/arm64-apple-ios-simulator.swiftdoc /Users/jannikschill/Library/Developer/Xcode/DerivedData/Garten_Simulation-eroxfyrnurmsaraojtkexlvtomxb/Build/Intermediates.noindex/Garten_Simulation.build/Debug-iphonesimulator/GartenWidgetExtension.build/Objects-normal/arm64/GartenWidgetExtension.swiftdoc (in target 'GartenWidgetExtension' from project 'Garten_Simulation')
    cd /Users/jannikschill/Documents/Garten-Simulation
    builtin-copy -exclude .DS_Store -exclude CVS -exclude .svn -exclude .git -exclude .hg -resolve-src-symlinks -rename /Users/jannikschill/Library/Developer/Xcode/DerivedData/Garten_Simulation-eroxfyrnurmsaraojtkexlvtomxb/Build/Intermediates.noindex/Garten_Simulation.build/Debug-iphonesimulator/GartenWidgetExtension.build/Objects-normal/arm64/GartenWidgetExtension.swiftdoc /Users/jannikschill/Library/Developer/Xcode/DerivedData/Garten_Simulation-eroxfyrnurmsaraojtkexlvtomxb/Build/Products/Debug-iphonesimulator/GartenWidgetExtension.swiftmodule/arm64-apple-ios-simulator.swiftdoc

ProcessProductPackaging /Users/jannikschill/Documents/Garten-Simulation/Garten_Simulation/Garten_Simulation.entitlements /Users/jannikschill/Library/Developer/Xcode/DerivedData/Garten_Simulation-eroxfyrnurmsaraojtkexlvtomxb/Build/Intermediates.noindex/Garten_Simulation.build/Debug-iphonesimulator/Garten_Simulation.build/Grovy.app.xcent (in target 'Garten_Simulation' from project 'Garten_Simulation')
    cd /Users/jannikschill/Documents/Garten-Simulation
    
    Entitlements:
    
    {
}
    
    builtin-productPackagingUtility /Users/jannikschill/Documents/Garten-Simulation/Garten_Simulation/Garten_Simulation.entitlements -entitlements -format xml -o /Users/jannikschill/Library/Developer/Xcode/DerivedData/Garten_Simulation-eroxfyrnurmsaraojtkexlvtomxb/Build/Intermediates.noindex/Garten_Simulation.build/Debug-iphonesimulator/Garten_Simulation.build/Grovy.app.xcent

ProcessProductPackaging /Users/jannikschill/Documents/Garten-Simulation/Garten_Simulation/Garten_Simulation.entitlements /Users/jannikschill/Library/Developer/Xcode/DerivedData/Garten_Simulation-eroxfyrnurmsaraojtkexlvtomxb/Build/Intermediates.noindex/Garten_Simulation.build/Debug-iphonesimulator/Garten_Simulation.build/Grovy.app-Simulated.xcent (in target 'Garten_Simulation' from project 'Garten_Simulation')
    cd /Users/jannikschill/Documents/Garten-Simulation
    
    Entitlements:
    
    {
    "application-identifier" = "R2ZRSFCKZ5.com.jannik.grovy";
    "com.apple.security.application-groups" =     (
        "group.com.jannik.grovy"
    );
}
    
    builtin-productPackagingUtility /Users/jannikschill/Documents/Garten-Simulation/Garten_Simulation/Garten_Simulation.entitlements -entitlements -format xml -o /Users/jannikschill/Library/Developer/Xcode/DerivedData/Garten_Simulation-eroxfyrnurmsaraojtkexlvtomxb/Build/Intermediates.noindex/Garten_Simulation.build/Debug-iphonesimulator/Garten_Simulation.build/Grovy.app-Simulated.xcent

ProcessProductPackagingDER /Users/jannikschill/Library/Developer/Xcode/DerivedData/Garten_Simulation-eroxfyrnurmsaraojtkexlvtomxb/Build/Intermediates.noindex/Garten_Simulation.build/Debug-iphonesimulator/Garten_Simulation.build/Grovy.app-Simulated.xcent /Users/jannikschill/Library/Developer/Xcode/DerivedData/Garten_Simulation-eroxfyrnurmsaraojtkexlvtomxb/Build/Intermediates.noindex/Garten_Simulation.build/Debug-iphonesimulator/Garten_Simulation.build/Grovy.app-Simulated.xcent.der (in target 'Garten_Simulation' from project 'Garten_Simulation')
    cd /Users/jannikschill/Documents/Garten-Simulation
    /usr/bin/derq query -f xml -i /Users/jannikschill/Library/Developer/Xcode/DerivedData/Garten_Simulation-eroxfyrnurmsaraojtkexlvtomxb/Build/Intermediates.noindex/Garten_Simulation.build/Debug-iphonesimulator/Garten_Simulation.build/Grovy.app-Simulated.xcent -o /Users/jannikschill/Library/Developer/Xcode/DerivedData/Garten_Simulation-eroxfyrnurmsaraojtkexlvtomxb/Build/Intermediates.noindex/Garten_Simulation.build/Debug-iphonesimulator/Garten_Simulation.build/Grovy.app-Simulated.xcent.der --raw

ProcessProductPackagingDER /Users/jannikschill/Library/Developer/Xcode/DerivedData/Garten_Simulation-eroxfyrnurmsaraojtkexlvtomxb/Build/Intermediates.noindex/Garten_Simulation.build/Debug-iphonesimulator/Garten_Simulation.build/Grovy.app.xcent /Users/jannikschill/Library/Developer/Xcode/DerivedData/Garten_Simulation-eroxfyrnurmsaraojtkexlvtomxb/Build/Intermediates.noindex/Garten_Simulation.build/Debug-iphonesimulator/Garten_Simulation.build/Grovy.app.xcent.der (in target 'Garten_Simulation' from project 'Garten_Simulation')
    cd /Users/jannikschill/Documents/Garten-Simulation
    /usr/bin/derq query -f xml -i /Users/jannikschill/Library/Developer/Xcode/DerivedData/Garten_Simulation-eroxfyrnurmsaraojtkexlvtomxb/Build/Intermediates.noindex/Garten_Simulation.build/Debug-iphonesimulator/Garten_Simulation.build/Grovy.app.xcent -o /Users/jannikschill/Library/Developer/Xcode/DerivedData/Garten_Simulation-eroxfyrnurmsaraojtkexlvtomxb/Build/Intermediates.noindex/Garten_Simulation.build/Debug-iphonesimulator/Garten_Simulation.build/Grovy.app.xcent.der --raw

GenerateAssetSymbols /Users/jannikschill/Documents/Garten-Simulation/Garten_Simulation/Assets.xcassets (in target 'Garten_Simulation' from project 'Garten_Simulation')
    cd /Users/jannikschill/Documents/Garten-Simulation
    /Applications/Xcode.app/Contents/Developer/usr/bin/actool /Users/jannikschill/Documents/Garten-Simulation/Garten_Simulation/Assets.xcassets --compile /Users/jannikschill/Library/Developer/Xcode/DerivedData/Garten_Simulation-eroxfyrnurmsaraojtkexlvtomxb/Build/Products/Debug-iphonesimulator/Grovy.app --output-format human-readable-text --notices --warnings --export-dependency-info /Users/jannikschill/Library/Developer/Xcode/DerivedData/Garten_Simulation-eroxfyrnurmsaraojtkexlvtomxb/Build/Intermediates.noindex/Garten_Simulation.build/Debug-iphonesimulator/Garten_Simulation.build/assetcatalog_dependencies --output-partial-info-plist /Users/jannikschill/Library/Developer/Xcode/DerivedData/Garten_Simulation-eroxfyrnurmsaraojtkexlvtomxb/Build/Intermediates.noindex/Garten_Simulation.build/Debug-iphonesimulator/Garten_Simulation.build/assetcatalog_generated_info.plist --app-icon AppIcon --accent-color AccentColor --compress-pngs --enable-on-demand-resources YES --development-region en --target-device iphone --target-device ipad --minimum-deployment-target 17.0 --platform iphonesimulator --bundle-identifier com.jannik.grovy --generate-swift-asset-symbols /Users/jannikschill/Library/Developer/Xcode/DerivedData/Garten_Simulation-eroxfyrnurmsaraojtkexlvtomxb/Build/Intermediates.noindex/Garten_Simulation.build/Debug-iphonesimulator/Garten_Simulation.build/DerivedSources/GeneratedAssetSymbols.swift --generate-objc-asset-symbols /Users/jannikschill/Library/Developer/Xcode/DerivedData/Garten_Simulation-eroxfyrnurmsaraojtkexlvtomxb/Build/Intermediates.noindex/Garten_Simulation.build/Debug-iphonesimulator/Garten_Simulation.build/DerivedSources/GeneratedAssetSymbols.h --generate-asset-symbol-index /Users/jannikschill/Library/Developer/Xcode/DerivedData/Garten_Simulation-eroxfyrnurmsaraojtkexlvtomxb/Build/Intermediates.noindex/Garten_Simulation.build/Debug-iphonesimulator/Garten_Simulation.build/DerivedSources/GeneratedAssetSymbols-Index.plist
/* com.apple.actool.compilation-results */
/Users/jannikschill/Library/Developer/Xcode/DerivedData/Garten_Simulation-eroxfyrnurmsaraojtkexlvtomxb/Build/Intermediates.noindex/Garten_Simulation.build/Debug-iphonesimulator/Garten_Simulation.build/DerivedSources/GeneratedAssetSymbols-Index.plist
/Users/jannikschill/Library/Developer/Xcode/DerivedData/Garten_Simulation-eroxfyrnurmsaraojtkexlvtomxb/Build/Intermediates.noindex/Garten_Simulation.build/Debug-iphonesimulator/Garten_Simulation.build/DerivedSources/GeneratedAssetSymbols.h
/Users/jannikschill/Library/Developer/Xcode/DerivedData/Garten_Simulation-eroxfyrnurmsaraojtkexlvtomxb/Build/Intermediates.noindex/Garten_Simulation.build/Debug-iphonesimulator/Garten_Simulation.build/DerivedSources/GeneratedAssetSymbols.swift


MkDir /Users/jannikschill/Library/Developer/Xcode/DerivedData/Garten_Simulation-eroxfyrnurmsaraojtkexlvtomxb/Build/Intermediates.noindex/Garten_Simulation.build/Debug-iphonesimulator/Garten_Simulation.build/assetcatalog_output/unthinned (in target 'Garten_Simulation' from project 'Garten_Simulation')
    cd /Users/jannikschill/Documents/Garten-Simulation
    /bin/mkdir -p /Users/jannikschill/Library/Developer/Xcode/DerivedData/Garten_Simulation-eroxfyrnurmsaraojtkexlvtomxb/Build/Intermediates.noindex/Garten_Simulation.build/Debug-iphonesimulator/Garten_Simulation.build/assetcatalog_output/unthinned

MkDir /Users/jannikschill/Library/Developer/Xcode/DerivedData/Garten_Simulation-eroxfyrnurmsaraojtkexlvtomxb/Build/Intermediates.noindex/Garten_Simulation.build/Debug-iphonesimulator/Garten_Simulation.build/assetcatalog_output/thinned (in target 'Garten_Simulation' from project 'Garten_Simulation')
    cd /Users/jannikschill/Documents/Garten-Simulation
    /bin/mkdir -p /Users/jannikschill/Library/Developer/Xcode/DerivedData/Garten_Simulation-eroxfyrnurmsaraojtkexlvtomxb/Build/Intermediates.noindex/Garten_Simulation.build/Debug-iphonesimulator/Garten_Simulation.build/assetcatalog_output/thinned

CompileAssetCatalogVariant thinned /Users/jannikschill/Library/Developer/Xcode/DerivedData/Garten_Simulation-eroxfyrnurmsaraojtkexlvtomxb/Build/Products/Debug-iphonesimulator/Grovy.app /Users/jannikschill/Documents/Garten-Simulation/Garten_Simulation/Assets.xcassets (in target 'Garten_Simulation' from project 'Garten_Simulation')
    cd /Users/jannikschill/Documents/Garten-Simulation
    /Applications/Xcode.app/Contents/Developer/usr/bin/actool /Users/jannikschill/Documents/Garten-Simulation/Garten_Simulation/Assets.xcassets --compile /Users/jannikschill/Library/Developer/Xcode/DerivedData/Garten_Simulation-eroxfyrnurmsaraojtkexlvtomxb/Build/Intermediates.noindex/Garten_Simulation.build/Debug-iphonesimulator/Garten_Simulation.build/assetcatalog_output/thinned --output-format human-readable-text --notices --warnings --export-dependency-info /Users/jannikschill/Library/Developer/Xcode/DerivedData/Garten_Simulation-eroxfyrnurmsaraojtkexlvtomxb/Build/Intermediates.noindex/Garten_Simulation.build/Debug-iphonesimulator/Garten_Simulation.build/assetcatalog_dependencies_thinned --output-partial-info-plist /Users/jannikschill/Library/Developer/Xcode/DerivedData/Garten_Simulation-eroxfyrnurmsaraojtkexlvtomxb/Build/Intermediates.noindex/Garten_Simulation.build/Debug-iphonesimulator/Garten_Simulation.build/assetcatalog_generated_info.plist_thinned --app-icon AppIcon --accent-color AccentColor --compress-pngs --enable-on-demand-resources YES --filter-for-thinning-device-configuration iPhone18,3 --filter-for-device-os-version 26.5 --development-region en --target-device iphone --target-device ipad --minimum-deployment-target 17.0 --platform iphonesimulator
/* com.apple.actool.compilation-results */
/Users/jannikschill/Library/Developer/Xcode/DerivedData/Garten_Simulation-eroxfyrnurmsaraojtkexlvtomxb/Build/Intermediates.noindex/Garten_Simulation.build/Debug-iphonesimulator/Garten_Simulation.build/assetcatalog_generated_info.plist_thinned
/Users/jannikschill/Library/Developer/Xcode/DerivedData/Garten_Simulation-eroxfyrnurmsaraojtkexlvtomxb/Build/Intermediates.noindex/Garten_Simulation.build/Debug-iphonesimulator/Garten_Simulation.build/assetcatalog_output/thinned/AppIcon60x60@2x.png
/Users/jannikschill/Library/Developer/Xcode/DerivedData/Garten_Simulation-eroxfyrnurmsaraojtkexlvtomxb/Build/Intermediates.noindex/Garten_Simulation.build/Debug-iphonesimulator/Garten_Simulation.build/assetcatalog_output/thinned/AppIcon76x76@2x~ipad.png
/Users/jannikschill/Library/Developer/Xcode/DerivedData/Garten_Simulation-eroxfyrnurmsaraojtkexlvtomxb/Build/Intermediates.noindex/Garten_Simulation.build/Debug-iphonesimulator/Garten_Simulation.build/assetcatalog_output/thinned/Assets.car


SwiftDriver Garten_Simulation normal arm64 com.apple.xcode.tools.swift.compiler (in target 'Garten_Simulation' from project 'Garten_Simulation')
    cd /Users/jannikschill/Documents/Garten-Simulation
    builtin-SwiftDriver -- /Applications/Xcode.app/Contents/Developer/Toolchains/XcodeDefault.xctoolchain/usr/bin/swiftc -module-name Grovy -Onone @/Users/jannikschill/Library/Developer/Xcode/DerivedData/Garten_Simulation-eroxfyrnurmsaraojtkexlvtomxb/Build/Intermediates.noindex/Garten_Simulation.build/Debug-iphonesimulator/Garten_Simulation.build/Objects-normal/arm64/Grovy.SwiftFileList -DDEBUG -default-isolation\=MainActor -enable-bare-slash-regex -enable-upcoming-feature DisableOutwardActorInference -enable-upcoming-feature InferSendableFromCaptures -enable-upcoming-feature GlobalActorIsolatedTypesUsability -enable-upcoming-feature MemberImportVisibility -enable-upcoming-feature InferIsolatedConformances -enable-upcoming-feature NonisolatedNonsendingByDefault -enable-experimental-feature DebugDescriptionMacro -sdk /Applications/Xcode.app/Contents/Developer/Platforms/iPhoneSimulator.platform/Developer/SDKs/iPhoneSimulator26.5.sdk -target arm64-apple-ios17.0-simulator -g -module-cache-path /Users/jannikschill/Library/Developer/Xcode/DerivedData/ModuleCache.noindex -Xfrontend -serialize-debugging-options -profile-coverage-mapping -profile-generate -enable-testing -index-store-path /Users/jannikschill/Library/Developer/Xcode/DerivedData/Garten_Simulation-eroxfyrnurmsaraojtkexlvtomxb/Index.noindex/DataStore -Xcc -D_LIBCPP_HARDENING_MODE\=_LIBCPP_HARDENING_MODE_DEBUG -swift-version 5 -I /Users/jannikschill/Library/Developer/Xcode/DerivedData/Garten_Simulation-eroxfyrnurmsaraojtkexlvtomxb/Build/Products/Debug-iphonesimulator -F /Users/jannikschill/Library/Developer/Xcode/DerivedData/Garten_Simulation-eroxfyrnurmsaraojtkexlvtomxb/Build/Products/Debug-iphonesimulator/PackageFrameworks -F /Users/jannikschill/Library/Developer/Xcode/DerivedData/Garten_Simulation-eroxfyrnurmsaraojtkexlvtomxb/Build/Products/Debug-iphonesimulator -emit-localized-strings -emit-localized-strings-path /Users/jannikschill/Library/Developer/Xcode/DerivedData/Garten_Simulation-eroxfyrnurmsaraojtkexlvtomxb/Build/Intermediates.noindex/Garten_Simulation.build/Debug-iphonesimulator/Garten_Simulation.build/Objects-normal/arm64 -c -j12 -enable-batch-mode -incremental -Xcc -ivfsstatcache -Xcc /Users/jannikschill/Library/Developer/Xcode/DerivedData/SDKStatCaches.noindex/iphonesimulator26.5-23F73-688ef53f1462e2c8f657fdc38a81448f6cfe768891a92b912361537c460fe42b.sdkstatcache -output-file-map /Users/jannikschill/Library/Developer/Xcode/DerivedData/Garten_Simulation-eroxfyrnurmsaraojtkexlvtomxb/Build/Intermediates.noindex/Garten_Simulation.build/Debug-iphonesimulator/Garten_Simulation.build/Objects-normal/arm64/Garten_Simulation-OutputFileMap.json -use-frontend-parseable-output -save-temps -no-color-diagnostics -explicit-module-build -module-cache-path /Users/jannikschill/Library/Developer/Xcode/DerivedData/Garten_Simulation-eroxfyrnurmsaraojtkexlvtomxb/Build/Intermediates.noindex/SwiftExplicitPrecompiledModules -clang-scanner-module-cache-path /Users/jannikschill/Library/Developer/Xcode/DerivedData/ModuleCache.noindex -sdk-module-cache-path /Users/jannikschill/Library/Developer/Xcode/DerivedData/ModuleCache.noindex -serialize-diagnostics -emit-dependencies -emit-module -emit-module-path /Users/jannikschill/Library/Developer/Xcode/DerivedData/Garten_Simulation-eroxfyrnurmsaraojtkexlvtomxb/Build/Intermediates.noindex/Garten_Simulation.build/Debug-iphonesimulator/Garten_Simulation.build/Objects-normal/arm64/Grovy.swiftmodule -validate-clang-modules-once -clang-build-session-file /Users/jannikschill/Library/Developer/Xcode/DerivedData/ModuleCache.noindex/Session.modulevalidation -Xcc -I/Users/jannikschill/Library/Developer/Xcode/DerivedData/Garten_Simulation-eroxfyrnurmsaraojtkexlvtomxb/Build/Intermediates.noindex/Garten_Simulation.build/Debug-iphonesimulator/Garten_Simulation.build/swift-overrides.hmap -emit-const-values -Xfrontend -const-gather-protocols-file -Xfrontend /Users/jannikschill/Library/Developer/Xcode/DerivedData/Garten_Simulation-eroxfyrnurmsaraojtkexlvtomxb/Build/Intermediates.noindex/Garten_Simulation.build/Debug-iphonesimulator/Garten_Simulation.build/Objects-normal/arm64/Garten_Simulation_const_extract_protocols.json -Xcc -iquote -Xcc /Users/jannikschill/Library/Developer/Xcode/DerivedData/Garten_Simulation-eroxfyrnurmsaraojtkexlvtomxb/Build/Intermediates.noindex/Garten_Simulation.build/Debug-iphonesimulator/Garten_Simulation.build/Grovy-generated-files.hmap -Xcc -I/Users/jannikschill/Library/Developer/Xcode/DerivedData/Garten_Simulation-eroxfyrnurmsaraojtkexlvtomxb/Build/Intermediates.noindex/Garten_Simulation.build/Debug-iphonesimulator/Garten_Simulation.build/Grovy-own-target-headers.hmap -Xcc -I/Users/jannikschill/Library/Developer/Xcode/DerivedData/Garten_Simulation-eroxfyrnurmsaraojtkexlvtomxb/Build/Intermediates.noindex/Garten_Simulation.build/Debug-iphonesimulator/Garten_Simulation.build/Grovy-all-non-framework-target-headers.hmap -Xcc -ivfsoverlay -Xcc /Users/jannikschill/Library/Developer/Xcode/DerivedData/Garten_Simulation-eroxfyrnurmsaraojtkexlvtomxb/Build/Intermediates.noindex/Garten_Simulation.build/Debug-iphonesimulator/Garten_Simulation-49394399678d88b76108bd64d45cffb0-VFS-iphonesimulator/all-product-headers.yaml -Xcc -iquote -Xcc /Users/jannikschill/Library/Developer/Xcode/DerivedData/Garten_Simulation-eroxfyrnurmsaraojtkexlvtomxb/Build/Intermediates.noindex/Garten_Simulation.build/Debug-iphonesimulator/Garten_Simulation.build/Grovy-project-headers.hmap -Xcc -I/Users/jannikschill/Library/Developer/Xcode/DerivedData/Garten_Simulation-eroxfyrnurmsaraojtkexlvtomxb/Build/Products/Debug-iphonesimulator/include -Xcc -I/Users/jannikschill/Library/Developer/Xcode/DerivedData/Garten_Simulation-eroxfyrnurmsaraojtkexlvtomxb/Build/Intermediates.noindex/Garten_Simulation.build/Debug-iphonesimulator/Garten_Simulation.build/DerivedSources-normal/arm64 -Xcc -I/Users/jannikschill/Library/Developer/Xcode/DerivedData/Garten_Simulation-eroxfyrnurmsaraojtkexlvtomxb/Build/Intermediates.noindex/Garten_Simulation.build/Debug-iphonesimulator/Garten_Simulation.build/DerivedSources/arm64 -Xcc -I/Users/jannikschill/Library/Developer/Xcode/DerivedData/Garten_Simulation-eroxfyrnurmsaraojtkexlvtomxb/Build/Intermediates.noindex/Garten_Simulation.build/Debug-iphonesimulator/Garten_Simulation.build/DerivedSources -Xcc -DDEBUG\=1 -emit-objc-header -emit-objc-header-path /Users/jannikschill/Library/Developer/Xcode/DerivedData/Garten_Simulation-eroxfyrnurmsaraojtkexlvtomxb/Build/Intermediates.noindex/Garten_Simulation.build/Debug-iphonesimulator/Garten_Simulation.build/Objects-normal/arm64/Grovy-Swift.h -working-directory /Users/jannikschill/Documents/Garten-Simulation -experimental-emit-module-separately -disable-cmo

SwiftExplicitDependencyGeneratePcm arm64 /Users/jannikschill/Library/Developer/Xcode/DerivedData/Garten_Simulation-eroxfyrnurmsaraojtkexlvtomxb/Build/Intermediates.noindex/SwiftExplicitPrecompiledModules/DotLottiePlayer-60NZE13IZ4NCXPLT7LTFU3TYG.pcm

SwiftEmitModule normal arm64 Emitting\ module\ for\ Grovy (in target 'Garten_Simulation' from project 'Garten_Simulation')

EmitSwiftModule normal arm64 (in target 'Garten_Simulation' from project 'Garten_Simulation')
    cd /Users/jannikschill/Documents/Garten-Simulation
    

SwiftCompile normal arm64 Compiling\ PowerUpStore.swift,\ SettingsStore.swift,\ ShopStore.swift,\ StreakStore.swift,\ TitelStore.swift,\ StatDetailViewModel.swift,\ FocusSessionPreparationStep.swift,\ FocusSessionView.swift,\ MathChallengeView.swift,\ AssessmentView.swift,\ CharacterCustomizationView.swift,\ CoinsDetailView.swift,\ CustomPlantCreationView.swift,\ ErfolgDetailSheet.swift,\ ErfolgeDetailView.swift,\ ErfolgeInfoSheet.swift,\ ExportImportView.swift /Users/jannikschill/Documents/Garten-Simulation/Garten_Simulation/Stores/PowerUpStore.swift /Users/jannikschill/Documents/Garten-Simulation/Garten_Simulation/Stores/SettingsStore.swift /Users/jannikschill/Documents/Garten-Simulation/Garten_Simulation/Stores/ShopStore.swift /Users/jannikschill/Documents/Garten-Simulation/Garten_Simulation/Stores/StreakStore.swift /Users/jannikschill/Documents/Garten-Simulation/Garten_Simulation/Stores/TitelStore.swift /Users/jannikschill/Documents/Garten-Simulation/Garten_Simulation/ViewModels/StatDetailViewModel.swift /Users/jannikschill/Documents/Garten-Simulation/Garten_Simulation/Views/FocusSession/FocusSessionPreparationStep.swift /Users/jannikschill/Documents/Garten-Simulation/Garten_Simulation/Views/FocusSession/FocusSessionView.swift /Users/jannikschill/Documents/Garten-Simulation/Garten_Simulation/Views/FocusSession/MathChallengeView.swift /Users/jannikschill/Documents/Garten-Simulation/Garten_Simulation/Views/Profile/AssessmentView.swift /Users/jannikschill/Documents/Garten-Simulation/Garten_Simulation/Views/Profile/CharacterCustomizationView.swift /Users/jannikschill/Documents/Garten-Simulation/Garten_Simulation/Views/Profile/CoinsDetailView.swift /Users/jannikschill/Documents/Garten-Simulation/Garten_Simulation/Views/Profile/CustomPlantCreationView.swift /Users/jannikschill/Documents/Garten-Simulation/Garten_Simulation/Views/Profile/ErfolgDetailSheet.swift /Users/jannikschill/Documents/Garten-Simulation/Garten_Simulation/Views/Profile/ErfolgeDetailView.swift /Users/jannikschill/Documents/Garten-Simulation/Garten_Simulation/Views/Profile/ErfolgeInfoSheet.swift /Users/jannikschill/Documents/Garten-Simulation/Garten_Simulation/Views/Profile/ExportImportView.swift (in target 'Garten_Simulation' from project 'Garten_Simulation')

SwiftCompile normal arm64 /Users/jannikschill/Documents/Garten-Simulation/Garten_Simulation/Stores/PowerUpStore.swift (in target 'Garten_Simulation' from project 'Garten_Simulation')
    cd /Users/jannikschill/Documents/Garten-Simulation
    

SwiftCompile normal arm64 /Users/jannikschill/Documents/Garten-Simulation/Garten_Simulation/Stores/SettingsStore.swift (in target 'Garten_Simulation' from project 'Garten_Simulation')
    cd /Users/jannikschill/Documents/Garten-Simulation
    

SwiftCompile normal arm64 /Users/jannikschill/Documents/Garten-Simulation/Garten_Simulation/Stores/ShopStore.swift (in target 'Garten_Simulation' from project 'Garten_Simulation')
    cd /Users/jannikschill/Documents/Garten-Simulation
    
/Users/jannikschill/Documents/Garten-Simulation/Garten_Simulation/Stores/ShopStore.swift:47:9: warning: using '_' to ignore the result of a Void-returning function is redundant
        _ = withAnimation(.spring(response: 0.4, dampingFraction: 0.7)) {
        ^~~~
        

SwiftCompile normal arm64 /Users/jannikschill/Documents/Garten-Simulation/Garten_Simulation/Stores/StreakStore.swift (in target 'Garten_Simulation' from project 'Garten_Simulation')
    cd /Users/jannikschill/Documents/Garten-Simulation
    

SwiftCompile normal arm64 /Users/jannikschill/Documents/Garten-Simulation/Garten_Simulation/Stores/TitelStore.swift (in target 'Garten_Simulation' from project 'Garten_Simulation')
    cd /Users/jannikschill/Documents/Garten-Simulation
    

SwiftCompile normal arm64 /Users/jannikschill/Documents/Garten-Simulation/Garten_Simulation/ViewModels/StatDetailViewModel.swift (in target 'Garten_Simulation' from project 'Garten_Simulation')
    cd /Users/jannikschill/Documents/Garten-Simulation
    

SwiftCompile normal arm64 /Users/jannikschill/Documents/Garten-Simulation/Garten_Simulation/Views/FocusSession/FocusSessionPreparationStep.swift (in target 'Garten_Simulation' from project 'Garten_Simulation')
    cd /Users/jannikschill/Documents/Garten-Simulation
    

SwiftCompile normal arm64 /Users/jannikschill/Documents/Garten-Simulation/Garten_Simulation/Views/FocusSession/FocusSessionView.swift (in target 'Garten_Simulation' from project 'Garten_Simulation')
    cd /Users/jannikschill/Documents/Garten-Simulation
    

SwiftCompile normal arm64 /Users/jannikschill/Documents/Garten-Simulation/Garten_Simulation/Views/FocusSession/MathChallengeView.swift (in target 'Garten_Simulation' from project 'Garten_Simulation')
    cd /Users/jannikschill/Documents/Garten-Simulation
    

SwiftCompile normal arm64 /Users/jannikschill/Documents/Garten-Simulation/Garten_Simulation/Views/Profile/AssessmentView.swift (in target 'Garten_Simulation' from project 'Garten_Simulation')
    cd /Users/jannikschill/Documents/Garten-Simulation
    

SwiftCompile normal arm64 /Users/jannikschill/Documents/Garten-Simulation/Garten_Simulation/Views/Profile/CharacterCustomizationView.swift (in target 'Garten_Simulation' from project 'Garten_Simulation')
    cd /Users/jannikschill/Documents/Garten-Simulation
    

SwiftCompile normal arm64 /Users/jannikschill/Documents/Garten-Simulation/Garten_Simulation/Views/Profile/CoinsDetailView.swift (in target 'Garten_Simulation' from project 'Garten_Simulation')
    cd /Users/jannikschill/Documents/Garten-Simulation
    

SwiftCompile normal arm64 /Users/jannikschill/Documents/Garten-Simulation/Garten_Simulation/Views/Profile/CustomPlantCreationView.swift (in target 'Garten_Simulation' from project 'Garten_Simulation')
    cd /Users/jannikschill/Documents/Garten-Simulation
    

SwiftCompile normal arm64 /Users/jannikschill/Documents/Garten-Simulation/Garten_Simulation/Views/Profile/ErfolgDetailSheet.swift (in target 'Garten_Simulation' from project 'Garten_Simulation')
    cd /Users/jannikschill/Documents/Garten-Simulation
    

SwiftCompile normal arm64 /Users/jannikschill/Documents/Garten-Simulation/Garten_Simulation/Views/Profile/ErfolgeDetailView.swift (in target 'Garten_Simulation' from project 'Garten_Simulation')
    cd /Users/jannikschill/Documents/Garten-Simulation
    

SwiftCompile normal arm64 /Users/jannikschill/Documents/Garten-Simulation/Garten_Simulation/Views/Profile/ErfolgeInfoSheet.swift (in target 'Garten_Simulation' from project 'Garten_Simulation')
    cd /Users/jannikschill/Documents/Garten-Simulation
    

SwiftCompile normal arm64 /Users/jannikschill/Documents/Garten-Simulation/Garten_Simulation/Views/Profile/ExportImportView.swift (in target 'Garten_Simulation' from project 'Garten_Simulation')
    cd /Users/jannikschill/Documents/Garten-Simulation
    

SwiftCompile normal arm64 Compiling\ ShopDetailPayload.swift,\ SkillModels.swift,\ StatsHelper.swift,\ StatsPeriod.swift,\ TrashCategory.swift,\ TrashItem.swift,\ WeedCrisisState.swift,\ WeedLogic.swift,\ WeedPatch.swift,\ WetterEvent.swift,\ ConfettiParticleView.swift,\ FloatingBackgroundView.swift,\ OnboardingCustomPlantView.swift,\ OnboardingData.swift,\ OnboardingFertigView.swift,\ OnboardingIgelView.swift,\ OnboardingInteractiveTutorialView.swift /Users/jannikschill/Documents/Garten-Simulation/Garten_Simulation/Models/ShopDetailPayload.swift /Users/jannikschill/Documents/Garten-Simulation/Garten_Simulation/Models/SkillModels.swift /Users/jannikschill/Documents/Garten-Simulation/Garten_Simulation/Models/StatsHelper.swift /Users/jannikschill/Documents/Garten-Simulation/Garten_Simulation/Models/StatsPeriod.swift /Users/jannikschill/Documents/Garten-Simulation/Garten_Simulation/Models/TrashCategory.swift /Users/jannikschill/Documents/Garten-Simulation/Garten_Simulation/Models/TrashItem.swift /Users/jannikschill/Documents/Garten-Simulation/Garten_Simulation/Models/WeedCrisisState.swift /Users/jannikschill/Documents/Garten-Simulation/Garten_Simulation/Models/WeedLogic.swift /Users/jannikschill/Documents/Garten-Simulation/Garten_Simulation/Models/WeedPatch.swift /Users/jannikschill/Documents/Garten-Simulation/Garten_Simulation/Models/WetterEvent.swift /Users/jannikschill/Documents/Garten-Simulation/Garten_Simulation/Onboarding/ConfettiParticleView.swift /Users/jannikschill/Documents/Garten-Simulation/Garten_Simulation/Onboarding/FloatingBackgroundView.swift /Users/jannikschill/Documents/Garten-Simulation/Garten_Simulation/Onboarding/OnboardingCustomPlantView.swift /Users/jannikschill/Documents/Garten-Simulation/Garten_Simulation/Onboarding/OnboardingData.swift /Users/jannikschill/Documents/Garten-Simulation/Garten_Simulation/Onboarding/OnboardingFertigView.swift /Users/jannikschill/Documents/Garten-Simulation/Garten_Simulation/Onboarding/OnboardingIgelView.swift /Users/jannikschill/Documents/Garten-Simulation/Garten_Simulation/Onboarding/OnboardingInteractiveTutorialView.swift (in target 'Garten_Simulation' from project 'Garten_Simulation')

SwiftCompile normal arm64 /Users/jannikschill/Documents/Garten-Simulation/Garten_Simulation/Models/ShopDetailPayload.swift (in target 'Garten_Simulation' from project 'Garten_Simulation')
    cd /Users/jannikschill/Documents/Garten-Simulation
    

SwiftCompile normal arm64 /Users/jannikschill/Documents/Garten-Simulation/Garten_Simulation/Models/SkillModels.swift (in target 'Garten_Simulation' from project 'Garten_Simulation')
    cd /Users/jannikschill/Documents/Garten-Simulation
    

SwiftCompile normal arm64 /Users/jannikschill/Documents/Garten-Simulation/Garten_Simulation/Models/StatsHelper.swift (in target 'Garten_Simulation' from project 'Garten_Simulation')
    cd /Users/jannikschill/Documents/Garten-Simulation
    

SwiftCompile normal arm64 /Users/jannikschill/Documents/Garten-Simulation/Garten_Simulation/Models/StatsPeriod.swift (in target 'Garten_Simulation' from project 'Garten_Simulation')
    cd /Users/jannikschill/Documents/Garten-Simulation
    

SwiftCompile normal arm64 /Users/jannikschill/Documents/Garten-Simulation/Garten_Simulation/Models/TrashCategory.swift (in target 'Garten_Simulation' from project 'Garten_Simulation')
    cd /Users/jannikschill/Documents/Garten-Simulation
    

SwiftCompile normal arm64 /Users/jannikschill/Documents/Garten-Simulation/Garten_Simulation/Models/TrashItem.swift (in target 'Garten_Simulation' from project 'Garten_Simulation')
    cd /Users/jannikschill/Documents/Garten-Simulation
    

SwiftCompile normal arm64 /Users/jannikschill/Documents/Garten-Simulation/Garten_Simulation/Models/WeedCrisisState.swift (in target 'Garten_Simulation' from project 'Garten_Simulation')
    cd /Users/jannikschill/Documents/Garten-Simulation
    

SwiftCompile normal arm64 /Users/jannikschill/Documents/Garten-Simulation/Garten_Simulation/Models/WeedLogic.swift (in target 'Garten_Simulation' from project 'Garten_Simulation')
    cd /Users/jannikschill/Documents/Garten-Simulation
    

SwiftCompile normal arm64 /Users/jannikschill/Documents/Garten-Simulation/Garten_Simulation/Models/WeedPatch.swift (in target 'Garten_Simulation' from project 'Garten_Simulation')
    cd /Users/jannikschill/Documents/Garten-Simulation
    

SwiftCompile normal arm64 /Users/jannikschill/Documents/Garten-Simulation/Garten_Simulation/Models/WetterEvent.swift (in target 'Garten_Simulation' from project 'Garten_Simulation')
    cd /Users/jannikschill/Documents/Garten-Simulation
    

SwiftCompile normal arm64 /Users/jannikschill/Documents/Garten-Simulation/Garten_Simulation/Onboarding/ConfettiParticleView.swift (in target 'Garten_Simulation' from project 'Garten_Simulation')
    cd /Users/jannikschill/Documents/Garten-Simulation
    

SwiftCompile normal arm64 /Users/jannikschill/Documents/Garten-Simulation/Garten_Simulation/Onboarding/FloatingBackgroundView.swift (in target 'Garten_Simulation' from project 'Garten_Simulation')
    cd /Users/jannikschill/Documents/Garten-Simulation
    

SwiftCompile normal arm64 /Users/jannikschill/Documents/Garten-Simulation/Garten_Simulation/Onboarding/OnboardingCustomPlantView.swift (in target 'Garten_Simulation' from project 'Garten_Simulation')
    cd /Users/jannikschill/Documents/Garten-Simulation
    

SwiftCompile normal arm64 /Users/jannikschill/Documents/Garten-Simulation/Garten_Simulation/Onboarding/OnboardingData.swift (in target 'Garten_Simulation' from project 'Garten_Simulation')
    cd /Users/jannikschill/Documents/Garten-Simulation
    

SwiftCompile normal arm64 /Users/jannikschill/Documents/Garten-Simulation/Garten_Simulation/Onboarding/OnboardingFertigView.swift (in target 'Garten_Simulation' from project 'Garten_Simulation')
    cd /Users/jannikschill/Documents/Garten-Simulation
    

SwiftCompile normal arm64 /Users/jannikschill/Documents/Garten-Simulation/Garten_Simulation/Onboarding/OnboardingIgelView.swift (in target 'Garten_Simulation' from project 'Garten_Simulation')
    cd /Users/jannikschill/Documents/Garten-Simulation
    

SwiftCompile normal arm64 /Users/jannikschill/Documents/Garten-Simulation/Garten_Simulation/Onboarding/OnboardingInteractiveTutorialView.swift (in target 'Garten_Simulation' from project 'Garten_Simulation')
    cd /Users/jannikschill/Documents/Garten-Simulation
    

SwiftCompile normal arm64 Compiling\ AnimatedStripesBackground.swift,\ AppColors.swift,\ AppTypografie.swift,\ AvatarView.swift,\ CardParticleEmitterView.swift,\ CardPositionPreference.swift,\ CoinPackCard.swift,\ DailyWateringRingView.swift,\ DashboardCard.swift,\ DragShieldToWeed.swift,\ DragToWater.swift,\ DuolingoButton.swift,\ DuolingoCard.swift,\ DuolingoKaufButton.swift,\ EffektDetailSheet.swift,\ EffektIkonButton.swift,\ ErfolgBadgeView.swift,\ GartenIgelView.swift /Users/jannikschill/Documents/Garten-Simulation/Garten_Simulation/Components/AnimatedStripesBackground.swift /Users/jannikschill/Documents/Garten-Simulation/Garten_Simulation/Components/AppColors.swift /Users/jannikschill/Documents/Garten-Simulation/Garten_Simulation/Components/AppTypografie.swift /Users/jannikschill/Documents/Garten-Simulation/Garten_Simulation/Components/AvatarView.swift /Users/jannikschill/Documents/Garten-Simulation/Garten_Simulation/Components/CardParticleEmitterView.swift /Users/jannikschill/Documents/Garten-Simulation/Garten_Simulation/Components/CardPositionPreference.swift /Users/jannikschill/Documents/Garten-Simulation/Garten_Simulation/Components/CoinPackCard.swift /Users/jannikschill/Documents/Garten-Simulation/Garten_Simulation/Components/DailyWateringRingView.swift /Users/jannikschill/Documents/Garten-Simulation/Garten_Simulation/Components/DashboardCard.swift /Users/jannikschill/Documents/Garten-Simulation/Garten_Simulation/Components/DragShieldToWeed.swift /Users/jannikschill/Documents/Garten-Simulation/Garten_Simulation/Components/DragToWater.swift /Users/jannikschill/Documents/Garten-Simulation/Garten_Simulation/Components/DuolingoButton.swift /Users/jannikschill/Documents/Garten-Simulation/Garten_Simulation/Components/DuolingoCard.swift /Users/jannikschill/Documents/Garten-Simulation/Garten_Simulation/Components/DuolingoKaufButton.swift /Users/jannikschill/Documents/Garten-Simulation/Garten_Simulation/Components/EffektDetailSheet.swift /Users/jannikschill/Documents/Garten-Simulation/Garten_Simulation/Components/EffektIkonButton.swift /Users/jannikschill/Documents/Garten-Simulation/Garten_Simulation/Components/ErfolgBadgeView.swift /Users/jannikschill/Documents/Garten-Simulation/Garten_Simulation/Components/GartenIgelView.swift (in target 'Garten_Simulation' from project 'Garten_Simulation')

SwiftCompile normal arm64 /Users/jannikschill/Documents/Garten-Simulation/Garten_Simulation/Components/AnimatedStripesBackground.swift (in target 'Garten_Simulation' from project 'Garten_Simulation')
    cd /Users/jannikschill/Documents/Garten-Simulation
    

SwiftCompile normal arm64 /Users/jannikschill/Documents/Garten-Simulation/Garten_Simulation/Components/AppColors.swift (in target 'Garten_Simulation' from project 'Garten_Simulation')
    cd /Users/jannikschill/Documents/Garten-Simulation
    

SwiftCompile normal arm64 /Users/jannikschill/Documents/Garten-Simulation/Garten_Simulation/Components/AppTypografie.swift (in target 'Garten_Simulation' from project 'Garten_Simulation')
    cd /Users/jannikschill/Documents/Garten-Simulation
    

SwiftCompile normal arm64 /Users/jannikschill/Documents/Garten-Simulation/Garten_Simulation/Components/AvatarView.swift (in target 'Garten_Simulation' from project 'Garten_Simulation')
    cd /Users/jannikschill/Documents/Garten-Simulation
    

SwiftCompile normal arm64 /Users/jannikschill/Documents/Garten-Simulation/Garten_Simulation/Components/CardParticleEmitterView.swift (in target 'Garten_Simulation' from project 'Garten_Simulation')
    cd /Users/jannikschill/Documents/Garten-Simulation
    

SwiftCompile normal arm64 /Users/jannikschill/Documents/Garten-Simulation/Garten_Simulation/Components/CardPositionPreference.swift (in target 'Garten_Simulation' from project 'Garten_Simulation')
    cd /Users/jannikschill/Documents/Garten-Simulation
    

SwiftCompile normal arm64 /Users/jannikschill/Documents/Garten-Simulation/Garten_Simulation/Components/CoinPackCard.swift (in target 'Garten_Simulation' from project 'Garten_Simulation')
    cd /Users/jannikschill/Documents/Garten-Simulation
    

SwiftCompile normal arm64 /Users/jannikschill/Documents/Garten-Simulation/Garten_Simulation/Components/DailyWateringRingView.swift (in target 'Garten_Simulation' from project 'Garten_Simulation')
    cd /Users/jannikschill/Documents/Garten-Simulation
    

SwiftCompile normal arm64 /Users/jannikschill/Documents/Garten-Simulation/Garten_Simulation/Components/DashboardCard.swift (in target 'Garten_Simulation' from project 'Garten_Simulation')
    cd /Users/jannikschill/Documents/Garten-Simulation
    

SwiftCompile normal arm64 /Users/jannikschill/Documents/Garten-Simulation/Garten_Simulation/Components/DragShieldToWeed.swift (in target 'Garten_Simulation' from project 'Garten_Simulation')
    cd /Users/jannikschill/Documents/Garten-Simulation
    

SwiftCompile normal arm64 /Users/jannikschill/Documents/Garten-Simulation/Garten_Simulation/Components/DragToWater.swift (in target 'Garten_Simulation' from project 'Garten_Simulation')
    cd /Users/jannikschill/Documents/Garten-Simulation
    

SwiftCompile normal arm64 /Users/jannikschill/Documents/Garten-Simulation/Garten_Simulation/Components/DuolingoButton.swift (in target 'Garten_Simulation' from project 'Garten_Simulation')
    cd /Users/jannikschill/Documents/Garten-Simulation
    

SwiftCompile normal arm64 /Users/jannikschill/Documents/Garten-Simulation/Garten_Simulation/Components/DuolingoCard.swift (in target 'Garten_Simulation' from project 'Garten_Simulation')
    cd /Users/jannikschill/Documents/Garten-Simulation
    

SwiftCompile normal arm64 /Users/jannikschill/Documents/Garten-Simulation/Garten_Simulation/Components/DuolingoKaufButton.swift (in target 'Garten_Simulation' from project 'Garten_Simulation')
    cd /Users/jannikschill/Documents/Garten-Simulation
    

SwiftCompile normal arm64 /Users/jannikschill/Documents/Garten-Simulation/Garten_Simulation/Components/EffektDetailSheet.swift (in target 'Garten_Simulation' from project 'Garten_Simulation')
    cd /Users/jannikschill/Documents/Garten-Simulation
    

SwiftCompile normal arm64 /Users/jannikschill/Documents/Garten-Simulation/Garten_Simulation/Components/EffektIkonButton.swift (in target 'Garten_Simulation' from project 'Garten_Simulation')
    cd /Users/jannikschill/Documents/Garten-Simulation
    

SwiftCompile normal arm64 /Users/jannikschill/Documents/Garten-Simulation/Garten_Simulation/Components/ErfolgBadgeView.swift (in target 'Garten_Simulation' from project 'Garten_Simulation')
    cd /Users/jannikschill/Documents/Garten-Simulation
    

SwiftCompile normal arm64 /Users/jannikschill/Documents/Garten-Simulation/Garten_Simulation/Components/GartenIgelView.swift (in target 'Garten_Simulation' from project 'Garten_Simulation')
    cd /Users/jannikschill/Documents/Garten-Simulation
    

SwiftCompile normal arm64 Compiling\ GartenStatsBar.swift,\ GemsIcon.swift,\ GruenerBanner.swift,\ HerzenIcon.swift,\ IsometricGrassBackground.swift,\ IsometricMath.swift,\ Item3DButton.swift,\ KombinierterStrangNode.swift,\ LiquidGlass.swift,\ LiquidGlassDismissButton.swift,\ LiquidGlassFilterPill.swift,\ LottieView.swift,\ PfadIgelView.swift,\ PfadTorView.swift,\ PflanzenButton.swift,\ PflanzenCard.swift,\ PlantSelectionSheet.swift,\ RarityBackgroundView.swift /Users/jannikschill/Documents/Garten-Simulation/Garten_Simulation/Components/GartenStatsBar.swift /Users/jannikschill/Documents/Garten-Simulation/Garten_Simulation/Components/GemsIcon.swift /Users/jannikschill/Documents/Garten-Simulation/Garten_Simulation/Components/GruenerBanner.swift /Users/jannikschill/Documents/Garten-Simulation/Garten_Simulation/Components/HerzenIcon.swift /Users/jannikschill/Documents/Garten-Simulation/Garten_Simulation/Components/IsometricGrassBackground.swift /Users/jannikschill/Documents/Garten-Simulation/Garten_Simulation/Components/IsometricMath.swift /Users/jannikschill/Documents/Garten-Simulation/Garten_Simulation/Components/Item3DButton.swift /Users/jannikschill/Documents/Garten-Simulation/Garten_Simulation/Components/KombinierterStrangNode.swift /Users/jannikschill/Documents/Garten-Simulation/Garten_Simulation/Components/LiquidGlass.swift /Users/jannikschill/Documents/Garten-Simulation/Garten_Simulation/Components/LiquidGlassDismissButton.swift /Users/jannikschill/Documents/Garten-Simulation/Garten_Simulation/Components/LiquidGlassFilterPill.swift /Users/jannikschill/Documents/Garten-Simulation/Garten_Simulation/Components/LottieView.swift /Users/jannikschill/Documents/Garten-Simulation/Garten_Simulation/Components/PfadIgelView.swift /Users/jannikschill/Documents/Garten-Simulation/Garten_Simulation/Components/PfadTorView.swift /Users/jannikschill/Documents/Garten-Simulation/Garten_Simulation/Components/PflanzenButton.swift /Users/jannikschill/Documents/Garten-Simulation/Garten_Simulation/Components/PflanzenCard.swift /Users/jannikschill/Documents/Garten-Simulation/Garten_Simulation/Components/PlantSelectionSheet.swift /Users/jannikschill/Documents/Garten-Simulation/Garten_Simulation/Components/RarityBackgroundView.swift (in target 'Garten_Simulation' from project 'Garten_Simulation')

SwiftCompile normal arm64 /Users/jannikschill/Documents/Garten-Simulation/Garten_Simulation/Components/GartenStatsBar.swift (in target 'Garten_Simulation' from project 'Garten_Simulation')
    cd /Users/jannikschill/Documents/Garten-Simulation
    

SwiftCompile normal arm64 /Users/jannikschill/Documents/Garten-Simulation/Garten_Simulation/Components/GemsIcon.swift (in target 'Garten_Simulation' from project 'Garten_Simulation')
    cd /Users/jannikschill/Documents/Garten-Simulation
    

SwiftCompile normal arm64 /Users/jannikschill/Documents/Garten-Simulation/Garten_Simulation/Components/GruenerBanner.swift (in target 'Garten_Simulation' from project 'Garten_Simulation')
    cd /Users/jannikschill/Documents/Garten-Simulation
    

SwiftCompile normal arm64 /Users/jannikschill/Documents/Garten-Simulation/Garten_Simulation/Components/HerzenIcon.swift (in target 'Garten_Simulation' from project 'Garten_Simulation')
    cd /Users/jannikschill/Documents/Garten-Simulation
    

SwiftCompile normal arm64 /Users/jannikschill/Documents/Garten-Simulation/Garten_Simulation/Components/IsometricGrassBackground.swift (in target 'Garten_Simulation' from project 'Garten_Simulation')
    cd /Users/jannikschill/Documents/Garten-Simulation
    

SwiftCompile normal arm64 /Users/jannikschill/Documents/Garten-Simulation/Garten_Simulation/Components/IsometricMath.swift (in target 'Garten_Simulation' from project 'Garten_Simulation')
    cd /Users/jannikschill/Documents/Garten-Simulation
    

SwiftCompile normal arm64 /Users/jannikschill/Documents/Garten-Simulation/Garten_Simulation/Components/Item3DButton.swift (in target 'Garten_Simulation' from project 'Garten_Simulation')
    cd /Users/jannikschill/Documents/Garten-Simulation
    

SwiftCompile normal arm64 /Users/jannikschill/Documents/Garten-Simulation/Garten_Simulation/Components/KombinierterStrangNode.swift (in target 'Garten_Simulation' from project 'Garten_Simulation')
    cd /Users/jannikschill/Documents/Garten-Simulation
    

SwiftCompile normal arm64 /Users/jannikschill/Documents/Garten-Simulation/Garten_Simulation/Components/LiquidGlass.swift (in target 'Garten_Simulation' from project 'Garten_Simulation')
    cd /Users/jannikschill/Documents/Garten-Simulation
    

SwiftCompile normal arm64 /Users/jannikschill/Documents/Garten-Simulation/Garten_Simulation/Components/LiquidGlassDismissButton.swift (in target 'Garten_Simulation' from project 'Garten_Simulation')
    cd /Users/jannikschill/Documents/Garten-Simulation
    

SwiftCompile normal arm64 /Users/jannikschill/Documents/Garten-Simulation/Garten_Simulation/Components/LiquidGlassFilterPill.swift (in target 'Garten_Simulation' from project 'Garten_Simulation')
    cd /Users/jannikschill/Documents/Garten-Simulation
    

SwiftCompile normal arm64 /Users/jannikschill/Documents/Garten-Simulation/Garten_Simulation/Components/LottieView.swift (in target 'Garten_Simulation' from project 'Garten_Simulation')
    cd /Users/jannikschill/Documents/Garten-Simulation
    

SwiftCompile normal arm64 /Users/jannikschill/Documents/Garten-Simulation/Garten_Simulation/Components/PfadIgelView.swift (in target 'Garten_Simulation' from project 'Garten_Simulation')
    cd /Users/jannikschill/Documents/Garten-Simulation
    

SwiftCompile normal arm64 /Users/jannikschill/Documents/Garten-Simulation/Garten_Simulation/Components/PfadTorView.swift (in target 'Garten_Simulation' from project 'Garten_Simulation')
    cd /Users/jannikschill/Documents/Garten-Simulation
    

SwiftCompile normal arm64 /Users/jannikschill/Documents/Garten-Simulation/Garten_Simulation/Components/PflanzenButton.swift (in target 'Garten_Simulation' from project 'Garten_Simulation')
    cd /Users/jannikschill/Documents/Garten-Simulation
    

SwiftCompile normal arm64 /Users/jannikschill/Documents/Garten-Simulation/Garten_Simulation/Components/PflanzenCard.swift (in target 'Garten_Simulation' from project 'Garten_Simulation')
    cd /Users/jannikschill/Documents/Garten-Simulation
    

SwiftCompile normal arm64 /Users/jannikschill/Documents/Garten-Simulation/Garten_Simulation/Components/PlantSelectionSheet.swift (in target 'Garten_Simulation' from project 'Garten_Simulation')
    cd /Users/jannikschill/Documents/Garten-Simulation
    

SwiftCompile normal arm64 /Users/jannikschill/Documents/Garten-Simulation/Garten_Simulation/Components/RarityBackgroundView.swift (in target 'Garten_Simulation' from project 'Garten_Simulation')
    cd /Users/jannikschill/Documents/Garten-Simulation
    

SwiftCompile normal arm64 Compiling\ SettingsDetailView.swift,\ SettingsView.swift,\ ShopItemDetailView.swift,\ SplashScreenView.swift,\ StreakIncreaseOverlayView.swift,\ StreakView.swift,\ TitelAuswahlSheet.swift,\ TriggerSelectionSheet.swift,\ UnifiedShopView.swift,\ WeedDetailView.swift,\ WetterDetailView.swift,\ WheelOfFortuneView.swift,\ ContentView.swift,\ Garten_SimulationApp.swift,\ ProfilView.swift,\ SeltenheitProgressRing.swift,\ GeneratedAssetSymbols.swift /Users/jannikschill/Documents/Garten-Simulation/Garten_Simulation/Views/SettingsDetailView.swift /Users/jannikschill/Documents/Garten-Simulation/Garten_Simulation/Views/SettingsView.swift /Users/jannikschill/Documents/Garten-Simulation/Garten_Simulation/Views/ShopItemDetailView.swift /Users/jannikschill/Documents/Garten-Simulation/Garten_Simulation/Views/SplashScreenView.swift /Users/jannikschill/Documents/Garten-Simulation/Garten_Simulation/Views/StreakIncreaseOverlayView.swift /Users/jannikschill/Documents/Garten-Simulation/Garten_Simulation/Views/StreakView.swift /Users/jannikschill/Documents/Garten-Simulation/Garten_Simulation/Views/TitelAuswahlSheet.swift /Users/jannikschill/Documents/Garten-Simulation/Garten_Simulation/Views/TriggerSelectionSheet.swift /Users/jannikschill/Documents/Garten-Simulation/Garten_Simulation/Views/UnifiedShopView.swift /Users/jannikschill/Documents/Garten-Simulation/Garten_Simulation/Views/WeedDetailView.swift /Users/jannikschill/Documents/Garten-Simulation/Garten_Simulation/Views/WetterDetailView.swift /Users/jannikschill/Documents/Garten-Simulation/Garten_Simulation/Views/WheelOfFortuneView.swift /Users/jannikschill/Documents/Garten-Simulation/Garten_Simulation/ContentView.swift /Users/jannikschill/Documents/Garten-Simulation/Garten_Simulation/Garten_SimulationApp.swift /Users/jannikschill/Documents/Garten-Simulation/Garten_Simulation/ProfilView.swift /Users/jannikschill/Documents/Garten-Simulation/SeltenheitProgressRing.swift /Users/jannikschill/Library/Developer/Xcode/DerivedData/Garten_Simulation-eroxfyrnurmsaraojtkexlvtomxb/Build/Intermediates.noindex/Garten_Simulation.build/Debug-iphonesimulator/Garten_Simulation.build/DerivedSources/GeneratedAssetSymbols.swift (in target 'Garten_Simulation' from project 'Garten_Simulation')

SwiftCompile normal arm64 /Users/jannikschill/Documents/Garten-Simulation/Garten_Simulation/Views/SettingsDetailView.swift (in target 'Garten_Simulation' from project 'Garten_Simulation')
    cd /Users/jannikschill/Documents/Garten-Simulation
    

SwiftCompile normal arm64 /Users/jannikschill/Documents/Garten-Simulation/Garten_Simulation/Views/SettingsView.swift (in target 'Garten_Simulation' from project 'Garten_Simulation')
    cd /Users/jannikschill/Documents/Garten-Simulation
    

SwiftCompile normal arm64 /Users/jannikschill/Documents/Garten-Simulation/Garten_Simulation/Views/ShopItemDetailView.swift (in target 'Garten_Simulation' from project 'Garten_Simulation')
    cd /Users/jannikschill/Documents/Garten-Simulation
    

SwiftCompile normal arm64 /Users/jannikschill/Documents/Garten-Simulation/Garten_Simulation/Views/SplashScreenView.swift (in target 'Garten_Simulation' from project 'Garten_Simulation')
    cd /Users/jannikschill/Documents/Garten-Simulation
    

SwiftCompile normal arm64 /Users/jannikschill/Documents/Garten-Simulation/Garten_Simulation/Views/StreakIncreaseOverlayView.swift (in target 'Garten_Simulation' from project 'Garten_Simulation')
    cd /Users/jannikschill/Documents/Garten-Simulation
    

SwiftCompile normal arm64 /Users/jannikschill/Documents/Garten-Simulation/Garten_Simulation/Views/StreakView.swift (in target 'Garten_Simulation' from project 'Garten_Simulation')
    cd /Users/jannikschill/Documents/Garten-Simulation
    

SwiftCompile normal arm64 /Users/jannikschill/Documents/Garten-Simulation/Garten_Simulation/Views/TitelAuswahlSheet.swift (in target 'Garten_Simulation' from project 'Garten_Simulation')
    cd /Users/jannikschill/Documents/Garten-Simulation
    

SwiftCompile normal arm64 /Users/jannikschill/Documents/Garten-Simulation/Garten_Simulation/Views/TriggerSelectionSheet.swift (in target 'Garten_Simulation' from project 'Garten_Simulation')
    cd /Users/jannikschill/Documents/Garten-Simulation
    

SwiftCompile normal arm64 /Users/jannikschill/Documents/Garten-Simulation/Garten_Simulation/Views/UnifiedShopView.swift (in target 'Garten_Simulation' from project 'Garten_Simulation')
    cd /Users/jannikschill/Documents/Garten-Simulation
    

SwiftCompile normal arm64 /Users/jannikschill/Documents/Garten-Simulation/Garten_Simulation/Views/WeedDetailView.swift (in target 'Garten_Simulation' from project 'Garten_Simulation')
    cd /Users/jannikschill/Documents/Garten-Simulation
    

SwiftCompile normal arm64 /Users/jannikschill/Documents/Garten-Simulation/Garten_Simulation/Views/WetterDetailView.swift (in target 'Garten_Simulation' from project 'Garten_Simulation')
    cd /Users/jannikschill/Documents/Garten-Simulation
    

SwiftCompile normal arm64 /Users/jannikschill/Documents/Garten-Simulation/Garten_Simulation/Views/WheelOfFortuneView.swift (in target 'Garten_Simulation' from project 'Garten_Simulation')
    cd /Users/jannikschill/Documents/Garten-Simulation
    

SwiftCompile normal arm64 /Users/jannikschill/Documents/Garten-Simulation/Garten_Simulation/ContentView.swift (in target 'Garten_Simulation' from project 'Garten_Simulation')
    cd /Users/jannikschill/Documents/Garten-Simulation
    

SwiftCompile normal arm64 /Users/jannikschill/Documents/Garten-Simulation/Garten_Simulation/Garten_SimulationApp.swift (in target 'Garten_Simulation' from project 'Garten_Simulation')
    cd /Users/jannikschill/Documents/Garten-Simulation
    

SwiftCompile normal arm64 /Users/jannikschill/Documents/Garten-Simulation/Garten_Simulation/ProfilView.swift (in target 'Garten_Simulation' from project 'Garten_Simulation')
    cd /Users/jannikschill/Documents/Garten-Simulation
    

SwiftCompile normal arm64 /Users/jannikschill/Documents/Garten-Simulation/SeltenheitProgressRing.swift (in target 'Garten_Simulation' from project 'Garten_Simulation')
    cd /Users/jannikschill/Documents/Garten-Simulation
    

SwiftCompile normal arm64 /Users/jannikschill/Library/Developer/Xcode/DerivedData/Garten_Simulation-eroxfyrnurmsaraojtkexlvtomxb/Build/Intermediates.noindex/Garten_Simulation.build/Debug-iphonesimulator/Garten_Simulation.build/DerivedSources/GeneratedAssetSymbols.swift (in target 'Garten_Simulation' from project 'Garten_Simulation')
    cd /Users/jannikschill/Documents/Garten-Simulation
    

SwiftCompile normal arm64 Compiling\ NeuerTitelOverlay.swift,\ PathTileView.swift,\ PfadCompletedOverlay.swift,\ PfadEinstellungenView.swift,\ PfadMeilensteinOverlay.swift,\ PfadSchwierigkeitsView.swift,\ PfadTagDetailView.swift,\ PflanzeDetailSheet.swift,\ PlantDifficultySelectView.swift,\ PlantIconView.swift,\ PlantTimelineView.swift,\ PowerUpPlantPickerSheet.swift,\ ProfileDetailView.swift,\ PurchaseSuccessOverlay.swift,\ RarityLevelUpOverlay.swift,\ RetentionSurveyView.swift,\ RitualPlantPickerSheet.swift /Users/jannikschill/Documents/Garten-Simulation/Garten_Simulation/Views/NeuerTitelOverlay.swift /Users/jannikschill/Documents/Garten-Simulation/Garten_Simulation/Views/PathTileView.swift /Users/jannikschill/Documents/Garten-Simulation/Garten_Simulation/Views/PfadCompletedOverlay.swift /Users/jannikschill/Documents/Garten-Simulation/Garten_Simulation/Views/PfadEinstellungenView.swift /Users/jannikschill/Documents/Garten-Simulation/Garten_Simulation/Views/PfadMeilensteinOverlay.swift /Users/jannikschill/Documents/Garten-Simulation/Garten_Simulation/Views/PfadSchwierigkeitsView.swift /Users/jannikschill/Documents/Garten-Simulation/Garten_Simulation/Views/PfadTagDetailView.swift /Users/jannikschill/Documents/Garten-Simulation/Garten_Simulation/Views/PflanzeDetailSheet.swift /Users/jannikschill/Documents/Garten-Simulation/Garten_Simulation/Views/PlantDifficultySelectView.swift /Users/jannikschill/Documents/Garten-Simulation/Garten_Simulation/Views/PlantIconView.swift /Users/jannikschill/Documents/Garten-Simulation/Garten_Simulation/Views/PlantTimelineView.swift /Users/jannikschill/Documents/Garten-Simulation/Garten_Simulation/Views/PowerUpPlantPickerSheet.swift /Users/jannikschill/Documents/Garten-Simulation/Garten_Simulation/Views/ProfileDetailView.swift /Users/jannikschill/Documents/Garten-Simulation/Garten_Simulation/Views/PurchaseSuccessOverlay.swift /Users/jannikschill/Documents/Garten-Simulation/Garten_Simulation/Views/RarityLevelUpOverlay.swift /Users/jannikschill/Documents/Garten-Simulation/Garten_Simulation/Views/RetentionSurveyView.swift /Users/jannikschill/Documents/Garten-Simulation/Garten_Simulation/Views/RitualPlantPickerSheet.swift (in target 'Garten_Simulation' from project 'Garten_Simulation')

SwiftCompile normal arm64 /Users/jannikschill/Documents/Garten-Simulation/Garten_Simulation/Views/NeuerTitelOverlay.swift (in target 'Garten_Simulation' from project 'Garten_Simulation')
    cd /Users/jannikschill/Documents/Garten-Simulation
    

SwiftCompile normal arm64 /Users/jannikschill/Documents/Garten-Simulation/Garten_Simulation/Views/PathTileView.swift (in target 'Garten_Simulation' from project 'Garten_Simulation')
    cd /Users/jannikschill/Documents/Garten-Simulation
    

SwiftCompile normal arm64 /Users/jannikschill/Documents/Garten-Simulation/Garten_Simulation/Views/PfadCompletedOverlay.swift (in target 'Garten_Simulation' from project 'Garten_Simulation')
    cd /Users/jannikschill/Documents/Garten-Simulation
    

SwiftCompile normal arm64 /Users/jannikschill/Documents/Garten-Simulation/Garten_Simulation/Views/PfadEinstellungenView.swift (in target 'Garten_Simulation' from project 'Garten_Simulation')
    cd /Users/jannikschill/Documents/Garten-Simulation
    

SwiftCompile normal arm64 /Users/jannikschill/Documents/Garten-Simulation/Garten_Simulation/Views/PfadMeilensteinOverlay.swift (in target 'Garten_Simulation' from project 'Garten_Simulation')
    cd /Users/jannikschill/Documents/Garten-Simulation
    

SwiftCompile normal arm64 /Users/jannikschill/Documents/Garten-Simulation/Garten_Simulation/Views/PfadSchwierigkeitsView.swift (in target 'Garten_Simulation' from project 'Garten_Simulation')
    cd /Users/jannikschill/Documents/Garten-Simulation
    

SwiftCompile normal arm64 /Users/jannikschill/Documents/Garten-Simulation/Garten_Simulation/Views/PfadTagDetailView.swift (in target 'Garten_Simulation' from project 'Garten_Simulation')
    cd /Users/jannikschill/Documents/Garten-Simulation
    

SwiftCompile normal arm64 /Users/jannikschill/Documents/Garten-Simulation/Garten_Simulation/Views/PflanzeDetailSheet.swift (in target 'Garten_Simulation' from project 'Garten_Simulation')
    cd /Users/jannikschill/Documents/Garten-Simulation
    

SwiftCompile normal arm64 /Users/jannikschill/Documents/Garten-Simulation/Garten_Simulation/Views/PlantDifficultySelectView.swift (in target 'Garten_Simulation' from project 'Garten_Simulation')
    cd /Users/jannikschill/Documents/Garten-Simulation
    

SwiftCompile normal arm64 /Users/jannikschill/Documents/Garten-Simulation/Garten_Simulation/Views/PlantIconView.swift (in target 'Garten_Simulation' from project 'Garten_Simulation')
    cd /Users/jannikschill/Documents/Garten-Simulation
    

SwiftCompile normal arm64 /Users/jannikschill/Documents/Garten-Simulation/Garten_Simulation/Views/PlantTimelineView.swift (in target 'Garten_Simulation' from project 'Garten_Simulation')
    cd /Users/jannikschill/Documents/Garten-Simulation
    

SwiftCompile normal arm64 /Users/jannikschill/Documents/Garten-Simulation/Garten_Simulation/Views/PowerUpPlantPickerSheet.swift (in target 'Garten_Simulation' from project 'Garten_Simulation')
    cd /Users/jannikschill/Documents/Garten-Simulation
    

SwiftCompile normal arm64 /Users/jannikschill/Documents/Garten-Simulation/Garten_Simulation/Views/ProfileDetailView.swift (in target 'Garten_Simulation' from project 'Garten_Simulation')
    cd /Users/jannikschill/Documents/Garten-Simulation
    

SwiftCompile normal arm64 /Users/jannikschill/Documents/Garten-Simulation/Garten_Simulation/Views/PurchaseSuccessOverlay.swift (in target 'Garten_Simulation' from project 'Garten_Simulation')
    cd /Users/jannikschill/Documents/Garten-Simulation
    

SwiftCompile normal arm64 /Users/jannikschill/Documents/Garten-Simulation/Garten_Simulation/Views/RarityLevelUpOverlay.swift (in target 'Garten_Simulation' from project 'Garten_Simulation')
    cd /Users/jannikschill/Documents/Garten-Simulation
    

SwiftCompile normal arm64 /Users/jannikschill/Documents/Garten-Simulation/Garten_Simulation/Views/RetentionSurveyView.swift (in target 'Garten_Simulation' from project 'Garten_Simulation')
    cd /Users/jannikschill/Documents/Garten-Simulation
    

SwiftCompile normal arm64 /Users/jannikschill/Documents/Garten-Simulation/Garten_Simulation/Views/RitualPlantPickerSheet.swift (in target 'Garten_Simulation' from project 'Garten_Simulation')
    cd /Users/jannikschill/Documents/Garten-Simulation
    

SwiftCompile normal arm64 Compiling\ ScrollToTopButton.swift,\ SeltenheitsBadge.swift,\ ShareSheet.swift,\ SingleHabitNode.swift,\ StandardNavigationModifier.swift,\ StreakIcon.swift,\ TitelTextView.swift,\ TrashItemCard.swift,\ VerschmelzungsEffektView.swift,\ WeedPowerUpSection.swift,\ WeedStackIndicator.swift,\ WetterBanner.swift,\ WetterPopup.swift,\ XPIcon.swift,\ ZoomIndikatorView.swift,\ GameConstants.swift,\ AppStrings.swift /Users/jannikschill/Documents/Garten-Simulation/Garten_Simulation/Components/ScrollToTopButton.swift /Users/jannikschill/Documents/Garten-Simulation/Garten_Simulation/Components/SeltenheitsBadge.swift /Users/jannikschill/Documents/Garten-Simulation/Garten_Simulation/Components/ShareSheet.swift /Users/jannikschill/Documents/Garten-Simulation/Garten_Simulation/Components/SingleHabitNode.swift /Users/jannikschill/Documents/Garten-Simulation/Garten_Simulation/Components/StandardNavigationModifier.swift /Users/jannikschill/Documents/Garten-Simulation/Garten_Simulation/Components/StreakIcon.swift /Users/jannikschill/Documents/Garten-Simulation/Garten_Simulation/Components/TitelTextView.swift /Users/jannikschill/Documents/Garten-Simulation/Garten_Simulation/Components/TrashItemCard.swift /Users/jannikschill/Documents/Garten-Simulation/Garten_Simulation/Components/VerschmelzungsEffektView.swift /Users/jannikschill/Documents/Garten-Simulation/Garten_Simulation/Components/WeedPowerUpSection.swift /Users/jannikschill/Documents/Garten-Simulation/Garten_Simulation/Components/WeedStackIndicator.swift /Users/jannikschill/Documents/Garten-Simulation/Garten_Simulation/Components/WetterBanner.swift /Users/jannikschill/Documents/Garten-Simulation/Garten_Simulation/Components/WetterPopup.swift /Users/jannikschill/Documents/Garten-Simulation/Garten_Simulation/Components/XPIcon.swift /Users/jannikschill/Documents/Garten-Simulation/Garten_Simulation/Components/ZoomIndikatorView.swift /Users/jannikschill/Documents/Garten-Simulation/Garten_Simulation/Config/GameConstants.swift /Users/jannikschill/Documents/Garten-Simulation/Garten_Simulation/Localization/AppStrings.swift (in target 'Garten_Simulation' from project 'Garten_Simulation')
SwiftCompile normal arm64 /Users/jannikschill/Documents/Garten-Simulation/Garten_Simulation/Components/ScrollToTopButton.swift (in target 'Garten_Simulation' from project 'Garten_Simulation')
    cd /Users/jannikschill/Documents/Garten-Simulation
    

SwiftCompile normal arm64 /Users/jannikschill/Documents/Garten-Simulation/Garten_Simulation/Components/SeltenheitsBadge.swift (in target 'Garten_Simulation' from project 'Garten_Simulation')
    cd /Users/jannikschill/Documents/Garten-Simulation
    

SwiftCompile normal arm64 /Users/jannikschill/Documents/Garten-Simulation/Garten_Simulation/Components/ShareSheet.swift (in target 'Garten_Simulation' from project 'Garten_Simulation')
    cd /Users/jannikschill/Documents/Garten-Simulation
    

SwiftCompile normal arm64 /Users/jannikschill/Documents/Garten-Simulation/Garten_Simulation/Components/SingleHabitNode.swift (in target 'Garten_Simulation' from project 'Garten_Simulation')
    cd /Users/jannikschill/Documents/Garten-Simulation
    

SwiftCompile normal arm64 /Users/jannikschill/Documents/Garten-Simulation/Garten_Simulation/Components/StandardNavigationModifier.swift (in target 'Garten_Simulation' from project 'Garten_Simulation')
    cd /Users/jannikschill/Documents/Garten-Simulation
    

SwiftCompile normal arm64 /Users/jannikschill/Documents/Garten-Simulation/Garten_Simulation/Components/StreakIcon.swift (in target 'Garten_Simulation' from project 'Garten_Simulation')
    cd /Users/jannikschill/Documents/Garten-Simulation
    

SwiftCompile normal arm64 /Users/jannikschill/Documents/Garten-Simulation/Garten_Simulation/Components/TitelTextView.swift (in target 'Garten_Simulation' from project 'Garten_Simulation')
    cd /Users/jannikschill/Documents/Garten-Simulation
    

SwiftCompile normal arm64 /Users/jannikschill/Documents/Garten-Simulation/Garten_Simulation/Components/TrashItemCard.swift (in target 'Garten_Simulation' from project 'Garten_Simulation')
    cd /Users/jannikschill/Documents/Garten-Simulation
    

SwiftCompile normal arm64 /Users/jannikschill/Documents/Garten-Simulation/Garten_Simulation/Components/VerschmelzungsEffektView.swift (in target 'Garten_Simulation' from project 'Garten_Simulation')
    cd /Users/jannikschill/Documents/Garten-Simulation
    

SwiftCompile normal arm64 /Users/jannikschill/Documents/Garten-Simulation/Garten_Simulation/Components/WeedPowerUpSection.swift (in target 'Garten_Simulation' from project 'Garten_Simulation')
    cd /Users/jannikschill/Documents/Garten-Simulation
    

SwiftCompile normal arm64 /Users/jannikschill/Documents/Garten-Simulation/Garten_Simulation/Components/WeedStackIndicator.swift (in target 'Garten_Simulation' from project 'Garten_Simulation')
    cd /Users/jannikschill/Documents/Garten-Simulation
    

SwiftCompile normal arm64 /Users/jannikschill/Documents/Garten-Simulation/Garten_Simulation/Components/WetterBanner.swift (in target 'Garten_Simulation' from project 'Garten_Simulation')
    cd /Users/jannikschill/Documents/Garten-Simulation
    

SwiftCompile normal arm64 /Users/jannikschill/Documents/Garten-Simulation/Garten_Simulation/Components/WetterPopup.swift (in target 'Garten_Simulation' from project 'Garten_Simulation')
    cd /Users/jannikschill/Documents/Garten-Simulation
    

SwiftCompile normal arm64 /Users/jannikschill/Documents/Garten-Simulation/Garten_Simulation/Components/XPIcon.swift (in target 'Garten_Simulation' from project 'Garten_Simulation')
    cd /Users/jannikschill/Documents/Garten-Simulation
    

SwiftCompile normal arm64 /Users/jannikschill/Documents/Garten-Simulation/Garten_Simulation/Components/ZoomIndikatorView.swift (in target 'Garten_Simulation' from project 'Garten_Simulation')
    cd /Users/jannikschill/Documents/Garten-Simulation
    

SwiftCompile normal arm64 /Users/jannikschill/Documents/Garten-Simulation/Garten_Simulation/Config/GameConstants.swift (in target 'Garten_Simulation' from project 'Garten_Simulation')
    cd /Users/jannikschill/Documents/Garten-Simulation
    

SwiftCompile normal arm64 /Users/jannikschill/Documents/Garten-Simulation/Garten_Simulation/Localization/AppStrings.swift (in target 'Garten_Simulation' from project 'Garten_Simulation')
    cd /Users/jannikschill/Documents/Garten-Simulation
    

error: Mkdtemp(/Users/jannikschill/Library/Developer/Xcode/DerivedData/Garten_Simulation-eroxfyrnurmsaraojtkexlvtomxb/Build/Intermediates.noindex/Garten_Simulation.build/Debug-iphonesimulator/Garten_Simulation.build/Objects-normal/arm64/swbuild.tmp.Iqi0Eo38): No such file or directory (2) (in target 'Garten_Simulation' from project 'Garten_Simulation')
SwiftCompile normal arm64 Compiling\ GroovyWidgetDataProvider.swift,\ GrowthAssessmentModel.swift,\ HabitModel.swift,\ HabitProgressionGenerator.swift,\ IgelCustomization.swift,\ LifestyleAssessmentModel.swift,\ PfadDatenbank.swift,\ PfadSchwierigkeit.swift,\ PfadStrang.swift,\ PfadStrangTag.swift,\ PfadVerschmelzung.swift,\ PflanzenEffekt.swift,\ PflanzenSeltenheit.swift,\ PflanzenStufe.swift,\ PlayerTitle.swift,\ PowerUpWeedSupport.swift,\ RetentionGrund.swift /Users/jannikschill/Documents/Garten-Simulation/Garten_Simulation/Models/GroovyWidgetDataProvider.swift /Users/jannikschill/Documents/Garten-Simulation/Garten_Simulation/Models/GrowthAssessmentModel.swift /Users/jannikschill/Documents/Garten-Simulation/Garten_Simulation/Models/HabitModel.swift /Users/jannikschill/Documents/Garten-Simulation/Garten_Simulation/Models/HabitProgressionGenerator.swift /Users/jannikschill/Documents/Garten-Simulation/Garten_Simulation/Models/IgelCustomization.swift /Users/jannikschill/Documents/Garten-Simulation/Garten_Simulation/Models/LifestyleAssessmentModel.swift /Users/jannikschill/Documents/Garten-Simulation/Garten_Simulation/Models/PfadDatenbank.swift /Users/jannikschill/Documents/Garten-Simulation/Garten_Simulation/Models/PfadSchwierigkeit.swift /Users/jannikschill/Documents/Garten-Simulation/Garten_Simulation/Models/PfadStrang.swift /Users/jannikschill/Documents/Garten-Simulation/Garten_Simulation/Models/PfadStrangTag.swift /Users/jannikschill/Documents/Garten-Simulation/Garten_Simulation/Models/PfadVerschmelzung.swift /Users/jannikschill/Documents/Garten-Simulation/Garten_Simulation/Models/PflanzenEffekt.swift /Users/jannikschill/Documents/Garten-Simulation/Garten_Simulation/Models/PflanzenSeltenheit.swift /Users/jannikschill/Documents/Garten-Simulation/Garten_Simulation/Models/PflanzenStufe.swift /Users/jannikschill/Documents/Garten-Simulation/Garten_Simulation/Models/PlayerTitle.swift /Users/jannikschill/Documents/Garten-Simulation/Garten_Simulation/Models/PowerUpWeedSupport.swift /Users/jannikschill/Documents/Garten-Simulation/Garten_Simulation/Models/RetentionGrund.swift (in target 'Garten_Simulation' from project 'Garten_Simulation')

SwiftCompile normal arm64 /Users/jannikschill/Documents/Garten-Simulation/Garten_Simulation/Models/GroovyWidgetDataProvider.swift (in target 'Garten_Simulation' from project 'Garten_Simulation')
    cd /Users/jannikschill/Documents/Garten-Simulation
    

SwiftCompile normal arm64 /Users/jannikschill/Documents/Garten-Simulation/Garten_Simulation/Models/GrowthAssessmentModel.swift (in target 'Garten_Simulation' from project 'Garten_Simulation')
    cd /Users/jannikschill/Documents/Garten-Simulation
    

SwiftCompile normal arm64 /Users/jannikschill/Documents/Garten-Simulation/Garten_Simulation/Models/HabitModel.swift (in target 'Garten_Simulation' from project 'Garten_Simulation')
    cd /Users/jannikschill/Documents/Garten-Simulation
    

SwiftCompile normal arm64 /Users/jannikschill/Documents/Garten-Simulation/Garten_Simulation/Models/HabitProgressionGenerator.swift (in target 'Garten_Simulation' from project 'Garten_Simulation')
    cd /Users/jannikschill/Documents/Garten-Simulation
    

SwiftCompile normal arm64 /Users/jannikschill/Documents/Garten-Simulation/Garten_Simulation/Models/IgelCustomization.swift (in target 'Garten_Simulation' from project 'Garten_Simulation')
    cd /Users/jannikschill/Documents/Garten-Simulation
    

SwiftCompile normal arm64 /Users/jannikschill/Documents/Garten-Simulation/Garten_Simulation/Models/LifestyleAssessmentModel.swift (in target 'Garten_Simulation' from project 'Garten_Simulation')
    cd /Users/jannikschill/Documents/Garten-Simulation
    

SwiftCompile normal arm64 /Users/jannikschill/Documents/Garten-Simulation/Garten_Simulation/Models/PfadDatenbank.swift (in target 'Garten_Simulation' from project 'Garten_Simulation')
    cd /Users/jannikschill/Documents/Garten-Simulation
    

SwiftCompile normal arm64 /Users/jannikschill/Documents/Garten-Simulation/Garten_Simulation/Models/PfadSchwierigkeit.swift (in target 'Garten_Simulation' from project 'Garten_Simulation')
    cd /Users/jannikschill/Documents/Garten-Simulation
    

SwiftCompile normal arm64 /Users/jannikschill/Documents/Garten-Simulation/Garten_Simulation/Models/PfadStrang.swift (in target 'Garten_Simulation' from project 'Garten_Simulation')
    cd /Users/jannikschill/Documents/Garten-Simulation
    

SwiftCompile normal arm64 /Users/jannikschill/Documents/Garten-Simulation/Garten_Simulation/Models/PfadStrangTag.swift (in target 'Garten_Simulation' from project 'Garten_Simulation')
    cd /Users/jannikschill/Documents/Garten-Simulation
    

SwiftCompile normal arm64 /Users/jannikschill/Documents/Garten-Simulation/Garten_Simulation/Models/PfadVerschmelzung.swift (in target 'Garten_Simulation' from project 'Garten_Simulation')
    cd /Users/jannikschill/Documents/Garten-Simulation
    

SwiftCompile normal arm64 /Users/jannikschill/Documents/Garten-Simulation/Garten_Simulation/Models/PflanzenEffekt.swift (in target 'Garten_Simulation' from project 'Garten_Simulation')
    cd /Users/jannikschill/Documents/Garten-Simulation
    

SwiftCompile normal arm64 /Users/jannikschill/Documents/Garten-Simulation/Garten_Simulation/Models/PflanzenSeltenheit.swift (in target 'Garten_Simulation' from project 'Garten_Simulation')
    cd /Users/jannikschill/Documents/Garten-Simulation
    

SwiftCompile normal arm64 /Users/jannikschill/Documents/Garten-Simulation/Garten_Simulation/Models/PflanzenStufe.swift (in target 'Garten_Simulation' from project 'Garten_Simulation')
    cd /Users/jannikschill/Documents/Garten-Simulation
    

SwiftCompile normal arm64 /Users/jannikschill/Documents/Garten-Simulation/Garten_Simulation/Models/PlayerTitle.swift (in target 'Garten_Simulation' from project 'Garten_Simulation')
    cd /Users/jannikschill/Documents/Garten-Simulation
    

SwiftCompile normal arm64 /Users/jannikschill/Documents/Garten-Simulation/Garten_Simulation/Models/PowerUpWeedSupport.swift (in target 'Garten_Simulation' from project 'Garten_Simulation')
    cd /Users/jannikschill/Documents/Garten-Simulation
    

SwiftCompile normal arm64 /Users/jannikschill/Documents/Garten-Simulation/Garten_Simulation/Models/RetentionGrund.swift (in target 'Garten_Simulation' from project 'Garten_Simulation')
    cd /Users/jannikschill/Documents/Garten-Simulation
    

SwiftCompile normal arm64 Compiling\ ComebackBoostOverlayView.swift,\ DailyWheelComponents.swift,\ DayPickerView.swift,\ DecorationInfoSheet.swift,\ DeveloperView.swift,\ FlyingCoinView.swift,\ GameOverOverlayView.swift,\ GartenView.swift,\ HabitStackConfigView.swift,\ HabitVerlaufView.swift,\ InteractiveTourOverlay.swift,\ InventoryItemDetailSheet.swift,\ IsoDekoViews.swift,\ IsometricPathView.swift,\ LebenDetailView.swift,\ MultiStrangCanvas.swift,\ MultiStrangPfadView.swift /Users/jannikschill/Documents/Garten-Simulation/Garten_Simulation/Views/ComebackBoostOverlayView.swift /Users/jannikschill/Documents/Garten-Simulation/Garten_Simulation/Views/DailyWheelComponents.swift /Users/jannikschill/Documents/Garten-Simulation/Garten_Simulation/Views/DayPickerView.swift /Users/jannikschill/Documents/Garten-Simulation/Garten_Simulation/Views/DecorationInfoSheet.swift /Users/jannikschill/Documents/Garten-Simulation/Garten_Simulation/Views/DeveloperView.swift /Users/jannikschill/Documents/Garten-Simulation/Garten_Simulation/Views/FlyingCoinView.swift /Users/jannikschill/Documents/Garten-Simulation/Garten_Simulation/Views/GameOverOverlayView.swift /Users/jannikschill/Documents/Garten-Simulation/Garten_Simulation/Views/GartenView.swift /Users/jannikschill/Documents/Garten-Simulation/Garten_Simulation/Views/HabitStackConfigView.swift /Users/jannikschill/Documents/Garten-Simulation/Garten_Simulation/Views/HabitVerlaufView.swift /Users/jannikschill/Documents/Garten-Simulation/Garten_Simulation/Views/InteractiveTourOverlay.swift /Users/jannikschill/Documents/Garten-Simulation/Garten_Simulation/Views/InventoryItemDetailSheet.swift /Users/jannikschill/Documents/Garten-Simulation/Garten_Simulation/Views/IsoDekoViews.swift /Users/jannikschill/Documents/Garten-Simulation/Garten_Simulation/Views/IsometricPathView.swift /Users/jannikschill/Documents/Garten-Simulation/Garten_Simulation/Views/LebenDetailView.swift /Users/jannikschill/Documents/Garten-Simulation/Garten_Simulation/Views/MultiStrangCanvas.swift /Users/jannikschill/Documents/Garten-Simulation/Garten_Simulation/Views/MultiStrangPfadView.swift (in target 'Garten_Simulation' from project 'Garten_Simulation')

SwiftCompile normal arm64 /Users/jannikschill/Documents/Garten-Simulation/Garten_Simulation/Views/ComebackBoostOverlayView.swift (in target 'Garten_Simulation' from project 'Garten_Simulation')
    cd /Users/jannikschill/Documents/Garten-Simulation
    

SwiftCompile normal arm64 /Users/jannikschill/Documents/Garten-Simulation/Garten_Simulation/Views/DailyWheelComponents.swift (in target 'Garten_Simulation' from project 'Garten_Simulation')
    cd /Users/jannikschill/Documents/Garten-Simulation
    

SwiftCompile normal arm64 /Users/jannikschill/Documents/Garten-Simulation/Garten_Simulation/Views/DayPickerView.swift (in target 'Garten_Simulation' from project 'Garten_Simulation')
    cd /Users/jannikschill/Documents/Garten-Simulation
    

SwiftCompile normal arm64 /Users/jannikschill/Documents/Garten-Simulation/Garten_Simulation/Views/DecorationInfoSheet.swift (in target 'Garten_Simulation' from project 'Garten_Simulation')
    cd /Users/jannikschill/Documents/Garten-Simulation
    

SwiftCompile normal arm64 /Users/jannikschill/Documents/Garten-Simulation/Garten_Simulation/Views/DeveloperView.swift (in target 'Garten_Simulation' from project 'Garten_Simulation')
    cd /Users/jannikschill/Documents/Garten-Simulation
    

SwiftCompile normal arm64 /Users/jannikschill/Documents/Garten-Simulation/Garten_Simulation/Views/FlyingCoinView.swift (in target 'Garten_Simulation' from project 'Garten_Simulation')
    cd /Users/jannikschill/Documents/Garten-Simulation
    

SwiftCompile normal arm64 /Users/jannikschill/Documents/Garten-Simulation/Garten_Simulation/Views/GameOverOverlayView.swift (in target 'Garten_Simulation' from project 'Garten_Simulation')
    cd /Users/jannikschill/Documents/Garten-Simulation
    

SwiftCompile normal arm64 /Users/jannikschill/Documents/Garten-Simulation/Garten_Simulation/Views/GartenView.swift (in target 'Garten_Simulation' from project 'Garten_Simulation')
    cd /Users/jannikschill/Documents/Garten-Simulation
    

SwiftCompile normal arm64 /Users/jannikschill/Documents/Garten-Simulation/Garten_Simulation/Views/HabitStackConfigView.swift (in target 'Garten_Simulation' from project 'Garten_Simulation')
    cd /Users/jannikschill/Documents/Garten-Simulation
    

SwiftCompile normal arm64 /Users/jannikschill/Documents/Garten-Simulation/Garten_Simulation/Views/HabitVerlaufView.swift (in target 'Garten_Simulation' from project 'Garten_Simulation')
    cd /Users/jannikschill/Documents/Garten-Simulation
    

SwiftCompile normal arm64 /Users/jannikschill/Documents/Garten-Simulation/Garten_Simulation/Views/InteractiveTourOverlay.swift (in target 'Garten_Simulation' from project 'Garten_Simulation')
    cd /Users/jannikschill/Documents/Garten-Simulation
    

SwiftCompile normal arm64 /Users/jannikschill/Documents/Garten-Simulation/Garten_Simulation/Views/InventoryItemDetailSheet.swift (in target 'Garten_Simulation' from project 'Garten_Simulation')
    cd /Users/jannikschill/Documents/Garten-Simulation
    

SwiftCompile normal arm64 /Users/jannikschill/Documents/Garten-Simulation/Garten_Simulation/Views/IsoDekoViews.swift (in target 'Garten_Simulation' from project 'Garten_Simulation')
    cd /Users/jannikschill/Documents/Garten-Simulation
    

SwiftCompile normal arm64 /Users/jannikschill/Documents/Garten-Simulation/Garten_Simulation/Views/IsometricPathView.swift (in target 'Garten_Simulation' from project 'Garten_Simulation')
    cd /Users/jannikschill/Documents/Garten-Simulation
    

SwiftCompile normal arm64 /Users/jannikschill/Documents/Garten-Simulation/Garten_Simulation/Views/LebenDetailView.swift (in target 'Garten_Simulation' from project 'Garten_Simulation')
    cd /Users/jannikschill/Documents/Garten-Simulation
    

SwiftCompile normal arm64 /Users/jannikschill/Documents/Garten-Simulation/Garten_Simulation/Views/MultiStrangCanvas.swift (in target 'Garten_Simulation' from project 'Garten_Simulation')
    cd /Users/jannikschill/Documents/Garten-Simulation
    

SwiftCompile normal arm64 /Users/jannikschill/Documents/Garten-Simulation/Garten_Simulation/Views/MultiStrangPfadView.swift (in target 'Garten_Simulation' from project 'Garten_Simulation')
    cd /Users/jannikschill/Documents/Garten-Simulation
    

SwiftCompile normal arm64 Compiling\ OnboardingLegalView.swift,\ OnboardingPflanzenView.swift,\ OnboardingPowerUpDetailSheet.swift,\ OnboardingPowerUpTutorialView.swift,\ OnboardingProgressBar.swift,\ OnboardingTutorialWeedView.swift,\ OnboardingView.swift,\ OnboardingWillkommenView.swift,\ OnboardingZeitView.swift,\ OnboardingZielModel.swift,\ OnboardingZielView.swift,\ AchievementStore.swift,\ AssessmentStore.swift,\ GardenStore.swift,\ GartenPfadStore.swift,\ IAPStore.swift,\ InteractiveTourManager.swift /Users/jannikschill/Documents/Garten-Simulation/Garten_Simulation/Onboarding/OnboardingLegalView.swift /Users/jannikschill/Documents/Garten-Simulation/Garten_Simulation/Onboarding/OnboardingPflanzenView.swift /Users/jannikschill/Documents/Garten-Simulation/Garten_Simulation/Onboarding/OnboardingPowerUpDetailSheet.swift /Users/jannikschill/Documents/Garten-Simulation/Garten_Simulation/Onboarding/OnboardingPowerUpTutorialView.swift /Users/jannikschill/Documents/Garten-Simulation/Garten_Simulation/Onboarding/OnboardingProgressBar.swift /Users/jannikschill/Documents/Garten-Simulation/Garten_Simulation/Onboarding/OnboardingTutorialWeedView.swift /Users/jannikschill/Documents/Garten-Simulation/Garten_Simulation/Onboarding/OnboardingView.swift /Users/jannikschill/Documents/Garten-Simulation/Garten_Simulation/Onboarding/OnboardingWillkommenView.swift /Users/jannikschill/Documents/Garten-Simulation/Garten_Simulation/Onboarding/OnboardingZeitView.swift /Users/jannikschill/Documents/Garten-Simulation/Garten_Simulation/Onboarding/OnboardingZielModel.swift /Users/jannikschill/Documents/Garten-Simulation/Garten_Simulation/Onboarding/OnboardingZielView.swift /Users/jannikschill/Documents/Garten-Simulation/Garten_Simulation/Stores/AchievementStore.swift /Users/jannikschill/Documents/Garten-Simulation/Garten_Simulation/Stores/AssessmentStore.swift /Users/jannikschill/Documents/Garten-Simulation/Garten_Simulation/Stores/GardenStore.swift /Users/jannikschill/Documents/Garten-Simulation/Garten_Simulation/Stores/GartenPfadStore.swift /Users/jannikschill/Documents/Garten-Simulation/Garten_Simulation/Stores/IAPStore.swift /Users/jannikschill/Documents/Garten-Simulation/Garten_Simulation/Stores/InteractiveTourManager.swift (in target 'Garten_Simulation' from project 'Garten_Simulation')

SwiftCompile normal arm64 /Users/jannikschill/Documents/Garten-Simulation/Garten_Simulation/Onboarding/OnboardingLegalView.swift (in target 'Garten_Simulation' from project 'Garten_Simulation')
    cd /Users/jannikschill/Documents/Garten-Simulation
    

SwiftCompile normal arm64 /Users/jannikschill/Documents/Garten-Simulation/Garten_Simulation/Onboarding/OnboardingPflanzenView.swift (in target 'Garten_Simulation' from project 'Garten_Simulation')
    cd /Users/jannikschill/Documents/Garten-Simulation
    

SwiftCompile normal arm64 /Users/jannikschill/Documents/Garten-Simulation/Garten_Simulation/Onboarding/OnboardingPowerUpDetailSheet.swift (in target 'Garten_Simulation' from project 'Garten_Simulation')
    cd /Users/jannikschill/Documents/Garten-Simulation
    

SwiftCompile normal arm64 /Users/jannikschill/Documents/Garten-Simulation/Garten_Simulation/Onboarding/OnboardingPowerUpTutorialView.swift (in target 'Garten_Simulation' from project 'Garten_Simulation')
    cd /Users/jannikschill/Documents/Garten-Simulation
    

SwiftCompile normal arm64 /Users/jannikschill/Documents/Garten-Simulation/Garten_Simulation/Onboarding/OnboardingProgressBar.swift (in target 'Garten_Simulation' from project 'Garten_Simulation')
    cd /Users/jannikschill/Documents/Garten-Simulation
    

SwiftCompile normal arm64 /Users/jannikschill/Documents/Garten-Simulation/Garten_Simulation/Onboarding/OnboardingTutorialWeedView.swift (in target 'Garten_Simulation' from project 'Garten_Simulation')
    cd /Users/jannikschill/Documents/Garten-Simulation
    

SwiftCompile normal arm64 /Users/jannikschill/Documents/Garten-Simulation/Garten_Simulation/Onboarding/OnboardingView.swift (in target 'Garten_Simulation' from project 'Garten_Simulation')
    cd /Users/jannikschill/Documents/Garten-Simulation
    

SwiftCompile normal arm64 /Users/jannikschill/Documents/Garten-Simulation/Garten_Simulation/Onboarding/OnboardingWillkommenView.swift (in target 'Garten_Simulation' from project 'Garten_Simulation')
    cd /Users/jannikschill/Documents/Garten-Simulation
    

SwiftCompile normal arm64 /Users/jannikschill/Documents/Garten-Simulation/Garten_Simulation/Onboarding/OnboardingZeitView.swift (in target 'Garten_Simulation' from project 'Garten_Simulation')
    cd /Users/jannikschill/Documents/Garten-Simulation
    

SwiftCompile normal arm64 /Users/jannikschill/Documents/Garten-Simulation/Garten_Simulation/Onboarding/OnboardingZielModel.swift (in target 'Garten_Simulation' from project 'Garten_Simulation')
    cd /Users/jannikschill/Documents/Garten-Simulation
    

SwiftCompile normal arm64 /Users/jannikschill/Documents/Garten-Simulation/Garten_Simulation/Onboarding/OnboardingZielView.swift (in target 'Garten_Simulation' from project 'Garten_Simulation')
    cd /Users/jannikschill/Documents/Garten-Simulation
    

SwiftCompile normal arm64 /Users/jannikschill/Documents/Garten-Simulation/Garten_Simulation/Stores/AchievementStore.swift (in target 'Garten_Simulation' from project 'Garten_Simulation')
    cd /Users/jannikschill/Documents/Garten-Simulation
    

SwiftCompile normal arm64 /Users/jannikschill/Documents/Garten-Simulation/Garten_Simulation/Stores/AssessmentStore.swift (in target 'Garten_Simulation' from project 'Garten_Simulation')
    cd /Users/jannikschill/Documents/Garten-Simulation
    

SwiftCompile normal arm64 /Users/jannikschill/Documents/Garten-Simulation/Garten_Simulation/Stores/GardenStore.swift (in target 'Garten_Simulation' from project 'Garten_Simulation')
    cd /Users/jannikschill/Documents/Garten-Simulation
    

SwiftCompile normal arm64 /Users/jannikschill/Documents/Garten-Simulation/Garten_Simulation/Stores/GartenPfadStore.swift (in target 'Garten_Simulation' from project 'Garten_Simulation')
    cd /Users/jannikschill/Documents/Garten-Simulation
    

SwiftCompile normal arm64 /Users/jannikschill/Documents/Garten-Simulation/Garten_Simulation/Stores/IAPStore.swift (in target 'Garten_Simulation' from project 'Garten_Simulation')
    cd /Users/jannikschill/Documents/Garten-Simulation
    

SwiftCompile normal arm64 /Users/jannikschill/Documents/Garten-Simulation/Garten_Simulation/Stores/InteractiveTourManager.swift (in target 'Garten_Simulation' from project 'Garten_Simulation')
    cd /Users/jannikschill/Documents/Garten-Simulation
    

SwiftDriverJobDiscovery normal arm64 Compiling GroovyWidgetDataProvider.swift, GrowthAssessmentModel.swift, HabitModel.swift, HabitProgressionGenerator.swift, IgelCustomization.swift, LifestyleAssessmentModel.swift, PfadDatenbank.swift, PfadSchwierigkeit.swift, PfadStrang.swift, PfadStrangTag.swift, PfadVerschmelzung.swift, PflanzenEffekt.swift, PflanzenSeltenheit.swift, PflanzenStufe.swift, PlayerTitle.swift, PowerUpWeedSupport.swift, RetentionGrund.swift (in target 'Garten_Simulation' from project 'Garten_Simulation')

SwiftCompile normal arm64 Compiling\ FitnessAssessmentViews.swift,\ GrowthAssessmentViews.swift,\ HealthAssessmentViews.swift,\ IgelView.swift,\ InventoryDetailView.swift,\ InventoryListView.swift,\ LifestyleAssessmentViews.swift,\ MentalAssessmentViews.swift,\ PflanzenDetailView.swift,\ ProfilComponents.swift,\ RadarChartView.swift,\ ResultHabitsCard.swift,\ WasserDetailView.swift,\ XPInfoSheet.swift,\ ActivePowerUpDetailSheet.swift,\ BadHabitNoteRowView.swift,\ BonusFloatingTextView.swift /Users/jannikschill/Documents/Garten-Simulation/Garten_Simulation/Views/Profile/FitnessAssessmentViews.swift /Users/jannikschill/Documents/Garten-Simulation/Garten_Simulation/Views/Profile/GrowthAssessmentViews.swift /Users/jannikschill/Documents/Garten-Simulation/Garten_Simulation/Views/Profile/HealthAssessmentViews.swift /Users/jannikschill/Documents/Garten-Simulation/Garten_Simulation/Views/Profile/IgelView.swift /Users/jannikschill/Documents/Garten-Simulation/Garten_Simulation/Views/Profile/InventoryDetailView.swift /Users/jannikschill/Documents/Garten-Simulation/Garten_Simulation/Views/Profile/InventoryListView.swift /Users/jannikschill/Documents/Garten-Simulation/Garten_Simulation/Views/Profile/LifestyleAssessmentViews.swift /Users/jannikschill/Documents/Garten-Simulation/Garten_Simulation/Views/Profile/MentalAssessmentViews.swift /Users/jannikschill/Documents/Garten-Simulation/Garten_Simulation/Views/Profile/PflanzenDetailView.swift /Users/jannikschill/Documents/Garten-Simulation/Garten_Simulation/Views/Profile/ProfilComponents.swift /Users/jannikschill/Documents/Garten-Simulation/Garten_Simulation/Views/Profile/RadarChartView.swift /Users/jannikschill/Documents/Garten-Simulation/Garten_Simulation/Views/Profile/ResultHabitsCard.swift /Users/jannikschill/Documents/Garten-Simulation/Garten_Simulation/Views/Profile/WasserDetailView.swift /Users/jannikschill/Documents/Garten-Simulation/Garten_Simulation/Views/Profile/XPInfoSheet.swift /Users/jannikschill/Documents/Garten-Simulation/Garten_Simulation/Views/ActivePowerUpDetailSheet.swift /Users/jannikschill/Documents/Garten-Simulation/Garten_Simulation/Views/BadHabitNoteRowView.swift /Users/jannikschill/Documents/Garten-Simulation/Garten_Simulation/Views/BonusFloatingTextView.swift (in target 'Garten_Simulation' from project 'Garten_Simulation')

SwiftCompile normal arm64 /Users/jannikschill/Documents/Garten-Simulation/Garten_Simulation/Views/Profile/FitnessAssessmentViews.swift (in target 'Garten_Simulation' from project 'Garten_Simulation')
    cd /Users/jannikschill/Documents/Garten-Simulation
    

SwiftCompile normal arm64 /Users/jannikschill/Documents/Garten-Simulation/Garten_Simulation/Views/Profile/GrowthAssessmentViews.swift (in target 'Garten_Simulation' from project 'Garten_Simulation')
    cd /Users/jannikschill/Documents/Garten-Simulation
    

SwiftCompile normal arm64 /Users/jannikschill/Documents/Garten-Simulation/Garten_Simulation/Views/Profile/HealthAssessmentViews.swift (in target 'Garten_Simulation' from project 'Garten_Simulation')
    cd /Users/jannikschill/Documents/Garten-Simulation
    

SwiftCompile normal arm64 /Users/jannikschill/Documents/Garten-Simulation/Garten_Simulation/Views/Profile/IgelView.swift (in target 'Garten_Simulation' from project 'Garten_Simulation')
    cd /Users/jannikschill/Documents/Garten-Simulation
    

SwiftCompile normal arm64 /Users/jannikschill/Documents/Garten-Simulation/Garten_Simulation/Views/Profile/InventoryDetailView.swift (in target 'Garten_Simulation' from project 'Garten_Simulation')
    cd /Users/jannikschill/Documents/Garten-Simulation
    

SwiftCompile normal arm64 /Users/jannikschill/Documents/Garten-Simulation/Garten_Simulation/Views/Profile/InventoryListView.swift (in target 'Garten_Simulation' from project 'Garten_Simulation')
    cd /Users/jannikschill/Documents/Garten-Simulation
    

SwiftCompile normal arm64 /Users/jannikschill/Documents/Garten-Simulation/Garten_Simulation/Views/Profile/LifestyleAssessmentViews.swift (in target 'Garten_Simulation' from project 'Garten_Simulation')
    cd /Users/jannikschill/Documents/Garten-Simulation
    

SwiftCompile normal arm64 /Users/jannikschill/Documents/Garten-Simulation/Garten_Simulation/Views/Profile/MentalAssessmentViews.swift (in target 'Garten_Simulation' from project 'Garten_Simulation')
    cd /Users/jannikschill/Documents/Garten-Simulation
    

SwiftCompile normal arm64 /Users/jannikschill/Documents/Garten-Simulation/Garten_Simulation/Views/Profile/PflanzenDetailView.swift (in target 'Garten_Simulation' from project 'Garten_Simulation')
    cd /Users/jannikschill/Documents/Garten-Simulation
    

SwiftCompile normal arm64 /Users/jannikschill/Documents/Garten-Simulation/Garten_Simulation/Views/Profile/ProfilComponents.swift (in target 'Garten_Simulation' from project 'Garten_Simulation')
    cd /Users/jannikschill/Documents/Garten-Simulation
    

SwiftCompile normal arm64 /Users/jannikschill/Documents/Garten-Simulation/Garten_Simulation/Views/Profile/RadarChartView.swift (in target 'Garten_Simulation' from project 'Garten_Simulation')
    cd /Users/jannikschill/Documents/Garten-Simulation
    

SwiftCompile normal arm64 /Users/jannikschill/Documents/Garten-Simulation/Garten_Simulation/Views/Profile/ResultHabitsCard.swift (in target 'Garten_Simulation' from project 'Garten_Simulation')
    cd /Users/jannikschill/Documents/Garten-Simulation
    

SwiftCompile normal arm64 /Users/jannikschill/Documents/Garten-Simulation/Garten_Simulation/Views/Profile/WasserDetailView.swift (in target 'Garten_Simulation' from project 'Garten_Simulation')
    cd /Users/jannikschill/Documents/Garten-Simulation
    

SwiftCompile normal arm64 /Users/jannikschill/Documents/Garten-Simulation/Garten_Simulation/Views/Profile/XPInfoSheet.swift (in target 'Garten_Simulation' from project 'Garten_Simulation')
    cd /Users/jannikschill/Documents/Garten-Simulation
    

SwiftCompile normal arm64 /Users/jannikschill/Documents/Garten-Simulation/Garten_Simulation/Views/ActivePowerUpDetailSheet.swift (in target 'Garten_Simulation' from project 'Garten_Simulation')
    cd /Users/jannikschill/Documents/Garten-Simulation
    

SwiftCompile normal arm64 /Users/jannikschill/Documents/Garten-Simulation/Garten_Simulation/Views/BadHabitNoteRowView.swift (in target 'Garten_Simulation' from project 'Garten_Simulation')
    cd /Users/jannikschill/Documents/Garten-Simulation
    

SwiftCompile normal arm64 /Users/jannikschill/Documents/Garten-Simulation/Garten_Simulation/Views/BonusFloatingTextView.swift (in target 'Garten_Simulation' from project 'Garten_Simulation')
    cd /Users/jannikschill/Documents/Garten-Simulation
    

SwiftDriverJobDiscovery normal arm64 Compiling AnimatedStripesBackground.swift, AppColors.swift, AppTypografie.swift, AvatarView.swift, CardParticleEmitterView.swift, CardPositionPreference.swift, CoinPackCard.swift, DailyWateringRingView.swift, DashboardCard.swift, DragShieldToWeed.swift, DragToWater.swift, DuolingoButton.swift, DuolingoCard.swift, DuolingoKaufButton.swift, EffektDetailSheet.swift, EffektIkonButton.swift, ErfolgBadgeView.swift, GartenIgelView.swift (in target 'Garten_Simulation' from project 'Garten_Simulation')

SwiftCompile normal arm64 Compiling\ Int+Streak.swift,\ NotificationTexts.swift,\ DataExportImportManager.swift,\ FeedbackManager.swift,\ NotificationManager.swift,\ SharedUserDefaults.swift,\ ActivePowerUp.swift,\ AssessmentModel.swift,\ CharacterModel.swift,\ CoinTransaction.swift,\ DecorationModels.swift,\ ErfolgModel.swift,\ FocusSessionLog.swift,\ GameDatabase.swift,\ GardenActivityAttributes.swift,\ GartenLevel.swift,\ GartenTierStufe.swift /Users/jannikschill/Documents/Garten-Simulation/Garten_Simulation/Localization/Int+Streak.swift /Users/jannikschill/Documents/Garten-Simulation/Garten_Simulation/Localization/NotificationTexts.swift /Users/jannikschill/Documents/Garten-Simulation/Garten_Simulation/Managers/DataExportImportManager.swift /Users/jannikschill/Documents/Garten-Simulation/Garten_Simulation/Managers/FeedbackManager.swift /Users/jannikschill/Documents/Garten-Simulation/Garten_Simulation/Managers/NotificationManager.swift /Users/jannikschill/Documents/Garten-Simulation/Garten_Simulation/Managers/SharedUserDefaults.swift /Users/jannikschill/Documents/Garten-Simulation/Garten_Simulation/Models/ActivePowerUp.swift /Users/jannikschill/Documents/Garten-Simulation/Garten_Simulation/Models/AssessmentModel.swift /Users/jannikschill/Documents/Garten-Simulation/Garten_Simulation/Models/CharacterModel.swift /Users/jannikschill/Documents/Garten-Simulation/Garten_Simulation/Models/CoinTransaction.swift /Users/jannikschill/Documents/Garten-Simulation/Garten_Simulation/Models/DecorationModels.swift /Users/jannikschill/Documents/Garten-Simulation/Garten_Simulation/Models/ErfolgModel.swift /Users/jannikschill/Documents/Garten-Simulation/Garten_Simulation/Models/FocusSessionLog.swift /Users/jannikschill/Documents/Garten-Simulation/Garten_Simulation/Models/GameDatabase.swift /Users/jannikschill/Documents/Garten-Simulation/Garten_Simulation/Models/GardenActivityAttributes.swift /Users/jannikschill/Documents/Garten-Simulation/Garten_Simulation/Models/GartenLevel.swift /Users/jannikschill/Documents/Garten-Simulation/Garten_Simulation/Models/GartenTierStufe.swift (in target 'Garten_Simulation' from project 'Garten_Simulation')

SwiftCompile normal arm64 /Users/jannikschill/Documents/Garten-Simulation/Garten_Simulation/Localization/Int+Streak.swift (in target 'Garten_Simulation' from project 'Garten_Simulation')
    cd /Users/jannikschill/Documents/Garten-Simulation
    

SwiftCompile normal arm64 /Users/jannikschill/Documents/Garten-Simulation/Garten_Simulation/Localization/NotificationTexts.swift (in target 'Garten_Simulation' from project 'Garten_Simulation')
    cd /Users/jannikschill/Documents/Garten-Simulation
    

SwiftCompile normal arm64 /Users/jannikschill/Documents/Garten-Simulation/Garten_Simulation/Managers/DataExportImportManager.swift (in target 'Garten_Simulation' from project 'Garten_Simulation')
    cd /Users/jannikschill/Documents/Garten-Simulation
    

SwiftCompile normal arm64 /Users/jannikschill/Documents/Garten-Simulation/Garten_Simulation/Managers/FeedbackManager.swift (in target 'Garten_Simulation' from project 'Garten_Simulation')
    cd /Users/jannikschill/Documents/Garten-Simulation
    

SwiftCompile normal arm64 /Users/jannikschill/Documents/Garten-Simulation/Garten_Simulation/Managers/NotificationManager.swift (in target 'Garten_Simulation' from project 'Garten_Simulation')
    cd /Users/jannikschill/Documents/Garten-Simulation
    

SwiftCompile normal arm64 /Users/jannikschill/Documents/Garten-Simulation/Garten_Simulation/Managers/SharedUserDefaults.swift (in target 'Garten_Simulation' from project 'Garten_Simulation')
    cd /Users/jannikschill/Documents/Garten-Simulation
    

SwiftCompile normal arm64 /Users/jannikschill/Documents/Garten-Simulation/Garten_Simulation/Models/ActivePowerUp.swift (in target 'Garten_Simulation' from project 'Garten_Simulation')
    cd /Users/jannikschill/Documents/Garten-Simulation
    

SwiftCompile normal arm64 /Users/jannikschill/Documents/Garten-Simulation/Garten_Simulation/Models/AssessmentModel.swift (in target 'Garten_Simulation' from project 'Garten_Simulation')
    cd /Users/jannikschill/Documents/Garten-Simulation
    

SwiftCompile normal arm64 /Users/jannikschill/Documents/Garten-Simulation/Garten_Simulation/Models/CharacterModel.swift (in target 'Garten_Simulation' from project 'Garten_Simulation')
    cd /Users/jannikschill/Documents/Garten-Simulation
    

SwiftCompile normal arm64 /Users/jannikschill/Documents/Garten-Simulation/Garten_Simulation/Models/CoinTransaction.swift (in target 'Garten_Simulation' from project 'Garten_Simulation')
    cd /Users/jannikschill/Documents/Garten-Simulation
    

SwiftCompile normal arm64 /Users/jannikschill/Documents/Garten-Simulation/Garten_Simulation/Models/DecorationModels.swift (in target 'Garten_Simulation' from project 'Garten_Simulation')
    cd /Users/jannikschill/Documents/Garten-Simulation
    

SwiftCompile normal arm64 /Users/jannikschill/Documents/Garten-Simulation/Garten_Simulation/Models/ErfolgModel.swift (in target 'Garten_Simulation' from project 'Garten_Simulation')
    cd /Users/jannikschill/Documents/Garten-Simulation
    

SwiftCompile normal arm64 /Users/jannikschill/Documents/Garten-Simulation/Garten_Simulation/Models/FocusSessionLog.swift (in target 'Garten_Simulation' from project 'Garten_Simulation')
    cd /Users/jannikschill/Documents/Garten-Simulation
    

SwiftCompile normal arm64 /Users/jannikschill/Documents/Garten-Simulation/Garten_Simulation/Models/GameDatabase.swift (in target 'Garten_Simulation' from project 'Garten_Simulation')
    cd /Users/jannikschill/Documents/Garten-Simulation
    

SwiftCompile normal arm64 /Users/jannikschill/Documents/Garten-Simulation/Garten_Simulation/Models/GardenActivityAttributes.swift (in target 'Garten_Simulation' from project 'Garten_Simulation')
    cd /Users/jannikschill/Documents/Garten-Simulation
    

SwiftCompile normal arm64 /Users/jannikschill/Documents/Garten-Simulation/Garten_Simulation/Models/GartenLevel.swift (in target 'Garten_Simulation' from project 'Garten_Simulation')
    cd /Users/jannikschill/Documents/Garten-Simulation
    

SwiftCompile normal arm64 /Users/jannikschill/Documents/Garten-Simulation/Garten_Simulation/Models/GartenTierStufe.swift (in target 'Garten_Simulation' from project 'Garten_Simulation')
    cd /Users/jannikschill/Documents/Garten-Simulation
    

SwiftDriverJobDiscovery normal arm64 Compiling ShopDetailPayload.swift, SkillModels.swift, StatsHelper.swift, StatsPeriod.swift, TrashCategory.swift, TrashItem.swift, WeedCrisisState.swift, WeedLogic.swift, WeedPatch.swift, WetterEvent.swift, ConfettiParticleView.swift, FloatingBackgroundView.swift, OnboardingCustomPlantView.swift, OnboardingData.swift, OnboardingFertigView.swift, OnboardingIgelView.swift, OnboardingInteractiveTutorialView.swift (in target 'Garten_Simulation' from project 'Garten_Simulation')

SwiftDriverJobDiscovery normal arm64 Compiling GartenStatsBar.swift, GemsIcon.swift, GruenerBanner.swift, HerzenIcon.swift, IsometricGrassBackground.swift, IsometricMath.swift, Item3DButton.swift, KombinierterStrangNode.swift, LiquidGlass.swift, LiquidGlassDismissButton.swift, LiquidGlassFilterPill.swift, LottieView.swift, PfadIgelView.swift, PfadTorView.swift, PflanzenButton.swift, PflanzenCard.swift, PlantSelectionSheet.swift, RarityBackgroundView.swift (in target 'Garten_Simulation' from project 'Garten_Simulation')

SwiftDriverJobDiscovery normal arm64 Compiling Int+Streak.swift, NotificationTexts.swift, DataExportImportManager.swift, FeedbackManager.swift, NotificationManager.swift, SharedUserDefaults.swift, ActivePowerUp.swift, AssessmentModel.swift, CharacterModel.swift, CoinTransaction.swift, DecorationModels.swift, ErfolgModel.swift, FocusSessionLog.swift, GameDatabase.swift, GardenActivityAttributes.swift, GartenLevel.swift, GartenTierStufe.swift (in target 'Garten_Simulation' from project 'Garten_Simulation')

SwiftDriverJobDiscovery normal arm64 Compiling NeuerTitelOverlay.swift, PathTileView.swift, PfadCompletedOverlay.swift, PfadEinstellungenView.swift, PfadMeilensteinOverlay.swift, PfadSchwierigkeitsView.swift, PfadTagDetailView.swift, PflanzeDetailSheet.swift, PlantDifficultySelectView.swift, PlantIconView.swift, PlantTimelineView.swift, PowerUpPlantPickerSheet.swift, ProfileDetailView.swift, PurchaseSuccessOverlay.swift, RarityLevelUpOverlay.swift, RetentionSurveyView.swift, RitualPlantPickerSheet.swift (in target 'Garten_Simulation' from project 'Garten_Simulation')

SwiftDriverJobDiscovery normal arm64 Compiling OnboardingLegalView.swift, OnboardingPflanzenView.swift, OnboardingPowerUpDetailSheet.swift, OnboardingPowerUpTutorialView.swift, OnboardingProgressBar.swift, OnboardingTutorialWeedView.swift, OnboardingView.swift, OnboardingWillkommenView.swift, OnboardingZeitView.swift, OnboardingZielModel.swift, OnboardingZielView.swift, AchievementStore.swift, AssessmentStore.swift, GardenStore.swift, GartenPfadStore.swift, IAPStore.swift, InteractiveTourManager.swift (in target 'Garten_Simulation' from project 'Garten_Simulation')

SwiftDriverJobDiscovery normal arm64 Compiling PowerUpStore.swift, SettingsStore.swift, ShopStore.swift, StreakStore.swift, TitelStore.swift, StatDetailViewModel.swift, FocusSessionPreparationStep.swift, FocusSessionView.swift, MathChallengeView.swift, AssessmentView.swift, CharacterCustomizationView.swift, CoinsDetailView.swift, CustomPlantCreationView.swift, ErfolgDetailSheet.swift, ErfolgeDetailView.swift, ErfolgeInfoSheet.swift, ExportImportView.swift (in target 'Garten_Simulation' from project 'Garten_Simulation')

SwiftDriverJobDiscovery normal arm64 Compiling SettingsDetailView.swift, SettingsView.swift, ShopItemDetailView.swift, SplashScreenView.swift, StreakIncreaseOverlayView.swift, StreakView.swift, TitelAuswahlSheet.swift, TriggerSelectionSheet.swift, UnifiedShopView.swift, WeedDetailView.swift, WetterDetailView.swift, WheelOfFortuneView.swift, ContentView.swift, Garten_SimulationApp.swift, ProfilView.swift, SeltenheitProgressRing.swift, GeneratedAssetSymbols.swift (in target 'Garten_Simulation' from project 'Garten_Simulation')

SwiftDriverJobDiscovery normal arm64 Compiling ComebackBoostOverlayView.swift, DailyWheelComponents.swift, DayPickerView.swift, DecorationInfoSheet.swift, DeveloperView.swift, FlyingCoinView.swift, GameOverOverlayView.swift, GartenView.swift, HabitStackConfigView.swift, HabitVerlaufView.swift, InteractiveTourOverlay.swift, InventoryItemDetailSheet.swift, IsoDekoViews.swift, IsometricPathView.swift, LebenDetailView.swift, MultiStrangCanvas.swift, MultiStrangPfadView.swift (in target 'Garten_Simulation' from project 'Garten_Simulation')

SwiftDriverJobDiscovery normal arm64 Compiling FitnessAssessmentViews.swift, GrowthAssessmentViews.swift, HealthAssessmentViews.swift, IgelView.swift, InventoryDetailView.swift, InventoryListView.swift, LifestyleAssessmentViews.swift, MentalAssessmentViews.swift, PflanzenDetailView.swift, ProfilComponents.swift, RadarChartView.swift, ResultHabitsCard.swift, WasserDetailView.swift, XPInfoSheet.swift, ActivePowerUpDetailSheet.swift, BadHabitNoteRowView.swift, BonusFloatingTextView.swift (in target 'Garten_Simulation' from project 'Garten_Simulation')

LinkAssetCatalog /Users/jannikschill/Documents/Garten-Simulation/Garten_Simulation/Assets.xcassets (in target 'Garten_Simulation' from project 'Garten_Simulation')
    cd /Users/jannikschill/Documents/Garten-Simulation
    builtin-linkAssetCatalog --thinned /Users/jannikschill/Library/Developer/Xcode/DerivedData/Garten_Simulation-eroxfyrnurmsaraojtkexlvtomxb/Build/Intermediates.noindex/Garten_Simulation.build/Debug-iphonesimulator/Garten_Simulation.build/assetcatalog_output/thinned --thinned-dependencies /Users/jannikschill/Library/Developer/Xcode/DerivedData/Garten_Simulation-eroxfyrnurmsaraojtkexlvtomxb/Build/Intermediates.noindex/Garten_Simulation.build/Debug-iphonesimulator/Garten_Simulation.build/assetcatalog_dependencies_thinned --thinned-info-plist-content /Users/jannikschill/Library/Developer/Xcode/DerivedData/Garten_Simulation-eroxfyrnurmsaraojtkexlvtomxb/Build/Intermediates.noindex/Garten_Simulation.build/Debug-iphonesimulator/Garten_Simulation.build/assetcatalog_generated_info.plist_thinned --unthinned /Users/jannikschill/Library/Developer/Xcode/DerivedData/Garten_Simulation-eroxfyrnurmsaraojtkexlvtomxb/Build/Intermediates.noindex/Garten_Simulation.build/Debug-iphonesimulator/Garten_Simulation.build/assetcatalog_output/unthinned --unthinned-dependencies /Users/jannikschill/Library/Developer/Xcode/DerivedData/Garten_Simulation-eroxfyrnurmsaraojtkexlvtomxb/Build/Intermediates.noindex/Garten_Simulation.build/Debug-iphonesimulator/Garten_Simulation.build/assetcatalog_dependencies_unthinned --unthinned-info-plist-content /Users/jannikschill/Library/Developer/Xcode/DerivedData/Garten_Simulation-eroxfyrnurmsaraojtkexlvtomxb/Build/Intermediates.noindex/Garten_Simulation.build/Debug-iphonesimulator/Garten_Simulation.build/assetcatalog_generated_info.plist_unthinned --output /Users/jannikschill/Library/Developer/Xcode/DerivedData/Garten_Simulation-eroxfyrnurmsaraojtkexlvtomxb/Build/Products/Debug-iphonesimulator/Grovy.app --plist-output /Users/jannikschill/Library/Developer/Xcode/DerivedData/Garten_Simulation-eroxfyrnurmsaraojtkexlvtomxb/Build/Intermediates.noindex/Garten_Simulation.build/Debug-iphonesimulator/Garten_Simulation.build/assetcatalog_generated_info.plist
note: Emplaced /Users/jannikschill/Library/Developer/Xcode/DerivedData/Garten_Simulation-eroxfyrnurmsaraojtkexlvtomxb/Build/Products/Debug-iphonesimulator/Grovy.app/AppIcon76x76@2x~ipad.png (in target 'Garten_Simulation' from project 'Garten_Simulation')
note: Emplaced /Users/jannikschill/Library/Developer/Xcode/DerivedData/Garten_Simulation-eroxfyrnurmsaraojtkexlvtomxb/Build/Products/Debug-iphonesimulator/Grovy.app/Assets.car (in target 'Garten_Simulation' from project 'Garten_Simulation')
note: Emplaced /Users/jannikschill/Library/Developer/Xcode/DerivedData/Garten_Simulation-eroxfyrnurmsaraojtkexlvtomxb/Build/Products/Debug-iphonesimulator/Grovy.app/AppIcon60x60@2x.png (in target 'Garten_Simulation' from project 'Garten_Simulation')

SwiftDriverJobDiscovery normal arm64 Emitting module for Grovy (in target 'Garten_Simulation' from project 'Garten_Simulation')

SwiftDriver\ Compilation\ Requirements Garten_Simulation normal arm64 com.apple.xcode.tools.swift.compiler (in target 'Garten_Simulation' from project 'Garten_Simulation')
    cd /Users/jannikschill/Documents/Garten-Simulation
    builtin-Swift-Compilation-Requirements -- /Applications/Xcode.app/Contents/Developer/Toolchains/XcodeDefault.xctoolchain/usr/bin/swiftc -module-name Grovy -Onone @/Users/jannikschill/Library/Developer/Xcode/DerivedData/Garten_Simulation-eroxfyrnurmsaraojtkexlvtomxb/Build/Intermediates.noindex/Garten_Simulation.build/Debug-iphonesimulator/Garten_Simulation.build/Objects-normal/arm64/Grovy.SwiftFileList -DDEBUG -default-isolation\=MainActor -enable-bare-slash-regex -enable-upcoming-feature DisableOutwardActorInference -enable-upcoming-feature InferSendableFromCaptures -enable-upcoming-feature GlobalActorIsolatedTypesUsability -enable-upcoming-feature MemberImportVisibility -enable-upcoming-feature InferIsolatedConformances -enable-upcoming-feature NonisolatedNonsendingByDefault -enable-experimental-feature DebugDescriptionMacro -sdk /Applications/Xcode.app/Contents/Developer/Platforms/iPhoneSimulator.platform/Developer/SDKs/iPhoneSimulator26.5.sdk -target arm64-apple-ios17.0-simulator -g -module-cache-path /Users/jannikschill/Library/Developer/Xcode/DerivedData/ModuleCache.noindex -Xfrontend -serialize-debugging-options -profile-coverage-mapping -profile-generate -enable-testing -index-store-path /Users/jannikschill/Library/Developer/Xcode/DerivedData/Garten_Simulation-eroxfyrnurmsaraojtkexlvtomxb/Index.noindex/DataStore -Xcc -D_LIBCPP_HARDENING_MODE\=_LIBCPP_HARDENING_MODE_DEBUG -swift-version 5 -I /Users/jannikschill/Library/Developer/Xcode/DerivedData/Garten_Simulation-eroxfyrnurmsaraojtkexlvtomxb/Build/Products/Debug-iphonesimulator -F /Users/jannikschill/Library/Developer/Xcode/DerivedData/Garten_Simulation-eroxfyrnurmsaraojtkexlvtomxb/Build/Products/Debug-iphonesimulator/PackageFrameworks -F /Users/jannikschill/Library/Developer/Xcode/DerivedData/Garten_Simulation-eroxfyrnurmsaraojtkexlvtomxb/Build/Products/Debug-iphonesimulator -emit-localized-strings -emit-localized-strings-path /Users/jannikschill/Library/Developer/Xcode/DerivedData/Garten_Simulation-eroxfyrnurmsaraojtkexlvtomxb/Build/Intermediates.noindex/Garten_Simulation.build/Debug-iphonesimulator/Garten_Simulation.build/Objects-normal/arm64 -c -j12 -enable-batch-mode -incremental -Xcc -ivfsstatcache -Xcc /Users/jannikschill/Library/Developer/Xcode/DerivedData/SDKStatCaches.noindex/iphonesimulator26.5-23F73-688ef53f1462e2c8f657fdc38a81448f6cfe768891a92b912361537c460fe42b.sdkstatcache -output-file-map /Users/jannikschill/Library/Developer/Xcode/DerivedData/Garten_Simulation-eroxfyrnurmsaraojtkexlvtomxb/Build/Intermediates.noindex/Garten_Simulation.build/Debug-iphonesimulator/Garten_Simulation.build/Objects-normal/arm64/Garten_Simulation-OutputFileMap.json -use-frontend-parseable-output -save-temps -no-color-diagnostics -explicit-module-build -module-cache-path /Users/jannikschill/Library/Developer/Xcode/DerivedData/Garten_Simulation-eroxfyrnurmsaraojtkexlvtomxb/Build/Intermediates.noindex/SwiftExplicitPrecompiledModules -clang-scanner-module-cache-path /Users/jannikschill/Library/Developer/Xcode/DerivedData/ModuleCache.noindex -sdk-module-cache-path /Users/jannikschill/Library/Developer/Xcode/DerivedData/ModuleCache.noindex -serialize-diagnostics -emit-dependencies -emit-module -emit-module-path /Users/jannikschill/Library/Developer/Xcode/DerivedData/Garten_Simulation-eroxfyrnurmsaraojtkexlvtomxb/Build/Intermediates.noindex/Garten_Simulation.build/Debug-iphonesimulator/Garten_Simulation.build/Objects-normal/arm64/Grovy.swiftmodule -validate-clang-modules-once -clang-build-session-file /Users/jannikschill/Library/Developer/Xcode/DerivedData/ModuleCache.noindex/Session.modulevalidation -Xcc -I/Users/jannikschill/Library/Developer/Xcode/DerivedData/Garten_Simulation-eroxfyrnurmsaraojtkexlvtomxb/Build/Intermediates.noindex/Garten_Simulation.build/Debug-iphonesimulator/Garten_Simulation.build/swift-overrides.hmap -emit-const-values -Xfrontend -const-gather-protocols-file -Xfrontend /Users/jannikschill/Library/Developer/Xcode/DerivedData/Garten_Simulation-eroxfyrnurmsaraojtkexlvtomxb/Build/Intermediates.noindex/Garten_Simulation.build/Debug-iphonesimulator/Garten_Simulation.build/Objects-normal/arm64/Garten_Simulation_const_extract_protocols.json -Xcc -iquote -Xcc /Users/jannikschill/Library/Developer/Xcode/DerivedData/Garten_Simulation-eroxfyrnurmsaraojtkexlvtomxb/Build/Intermediates.noindex/Garten_Simulation.build/Debug-iphonesimulator/Garten_Simulation.build/Grovy-generated-files.hmap -Xcc -I/Users/jannikschill/Library/Developer/Xcode/DerivedData/Garten_Simulation-eroxfyrnurmsaraojtkexlvtomxb/Build/Intermediates.noindex/Garten_Simulation.build/Debug-iphonesimulator/Garten_Simulation.build/Grovy-own-target-headers.hmap -Xcc -I/Users/jannikschill/Library/Developer/Xcode/DerivedData/Garten_Simulation-eroxfyrnurmsaraojtkexlvtomxb/Build/Intermediates.noindex/Garten_Simulation.build/Debug-iphonesimulator/Garten_Simulation.build/Grovy-all-non-framework-target-headers.hmap -Xcc -ivfsoverlay -Xcc /Users/jannikschill/Library/Developer/Xcode/DerivedData/Garten_Simulation-eroxfyrnurmsaraojtkexlvtomxb/Build/Intermediates.noindex/Garten_Simulation.build/Debug-iphonesimulator/Garten_Simulation-49394399678d88b76108bd64d45cffb0-VFS-iphonesimulator/all-product-headers.yaml -Xcc -iquote -Xcc /Users/jannikschill/Library/Developer/Xcode/DerivedData/Garten_Simulation-eroxfyrnurmsaraojtkexlvtomxb/Build/Intermediates.noindex/Garten_Simulation.build/Debug-iphonesimulator/Garten_Simulation.build/Grovy-project-headers.hmap -Xcc -I/Users/jannikschill/Library/Developer/Xcode/DerivedData/Garten_Simulation-eroxfyrnurmsaraojtkexlvtomxb/Build/Products/Debug-iphonesimulator/include -Xcc -I/Users/jannikschill/Library/Developer/Xcode/DerivedData/Garten_Simulation-eroxfyrnurmsaraojtkexlvtomxb/Build/Intermediates.noindex/Garten_Simulation.build/Debug-iphonesimulator/Garten_Simulation.build/DerivedSources-normal/arm64 -Xcc -I/Users/jannikschill/Library/Developer/Xcode/DerivedData/Garten_Simulation-eroxfyrnurmsaraojtkexlvtomxb/Build/Intermediates.noindex/Garten_Simulation.build/Debug-iphonesimulator/Garten_Simulation.build/DerivedSources/arm64 -Xcc -I/Users/jannikschill/Library/Developer/Xcode/DerivedData/Garten_Simulation-eroxfyrnurmsaraojtkexlvtomxb/Build/Intermediates.noindex/Garten_Simulation.build/Debug-iphonesimulator/Garten_Simulation.build/DerivedSources -Xcc -DDEBUG\=1 -emit-objc-header -emit-objc-header-path /Users/jannikschill/Library/Developer/Xcode/DerivedData/Garten_Simulation-eroxfyrnurmsaraojtkexlvtomxb/Build/Intermediates.noindex/Garten_Simulation.build/Debug-iphonesimulator/Garten_Simulation.build/Objects-normal/arm64/Grovy-Swift.h -working-directory /Users/jannikschill/Documents/Garten-Simulation -experimental-emit-module-separately -disable-cmo

SwiftMergeGeneratedHeaders /Users/jannikschill/Library/Developer/Xcode/DerivedData/Garten_Simulation-eroxfyrnurmsaraojtkexlvtomxb/Build/Intermediates.noindex/Garten_Simulation.build/Debug-iphonesimulator/Garten_Simulation.build/DerivedSources/Grovy-Swift.h /Users/jannikschill/Library/Developer/Xcode/DerivedData/Garten_Simulation-eroxfyrnurmsaraojtkexlvtomxb/Build/Intermediates.noindex/Garten_Simulation.build/Debug-iphonesimulator/Garten_Simulation.build/Objects-normal/arm64/Grovy-Swift.h (in target 'Garten_Simulation' from project 'Garten_Simulation')
    cd /Users/jannikschill/Documents/Garten-Simulation
    builtin-swiftHeaderTool -arch arm64 /Users/jannikschill/Library/Developer/Xcode/DerivedData/Garten_Simulation-eroxfyrnurmsaraojtkexlvtomxb/Build/Intermediates.noindex/Garten_Simulation.build/Debug-iphonesimulator/Garten_Simulation.build/Objects-normal/arm64/Grovy-Swift.h -o /Users/jannikschill/Library/Developer/Xcode/DerivedData/Garten_Simulation-eroxfyrnurmsaraojtkexlvtomxb/Build/Intermediates.noindex/Garten_Simulation.build/Debug-iphonesimulator/Garten_Simulation.build/DerivedSources/Grovy-Swift.h

Copy /Users/jannikschill/Library/Developer/Xcode/DerivedData/Garten_Simulation-eroxfyrnurmsaraojtkexlvtomxb/Build/Products/Debug-iphonesimulator/Grovy.swiftmodule/arm64-apple-ios-simulator.swiftmodule /Users/jannikschill/Library/Developer/Xcode/DerivedData/Garten_Simulation-eroxfyrnurmsaraojtkexlvtomxb/Build/Intermediates.noindex/Garten_Simulation.build/Debug-iphonesimulator/Garten_Simulation.build/Objects-normal/arm64/Grovy.swiftmodule (in target 'Garten_Simulation' from project 'Garten_Simulation')
    cd /Users/jannikschill/Documents/Garten-Simulation
    builtin-copy -exclude .DS_Store -exclude CVS -exclude .svn -exclude .git -exclude .hg -resolve-src-symlinks -rename /Users/jannikschill/Library/Developer/Xcode/DerivedData/Garten_Simulation-eroxfyrnurmsaraojtkexlvtomxb/Build/Intermediates.noindex/Garten_Simulation.build/Debug-iphonesimulator/Garten_Simulation.build/Objects-normal/arm64/Grovy.swiftmodule /Users/jannikschill/Library/Developer/Xcode/DerivedData/Garten_Simulation-eroxfyrnurmsaraojtkexlvtomxb/Build/Products/Debug-iphonesimulator/Grovy.swiftmodule/arm64-apple-ios-simulator.swiftmodule

Copy /Users/jannikschill/Library/Developer/Xcode/DerivedData/Garten_Simulation-eroxfyrnurmsaraojtkexlvtomxb/Build/Products/Debug-iphonesimulator/Grovy.swiftmodule/arm64-apple-ios-simulator.abi.json /Users/jannikschill/Library/Developer/Xcode/DerivedData/Garten_Simulation-eroxfyrnurmsaraojtkexlvtomxb/Build/Intermediates.noindex/Garten_Simulation.build/Debug-iphonesimulator/Garten_Simulation.build/Objects-normal/arm64/Grovy.abi.json (in target 'Garten_Simulation' from project 'Garten_Simulation')
    cd /Users/jannikschill/Documents/Garten-Simulation
    builtin-copy -exclude .DS_Store -exclude CVS -exclude .svn -exclude .git -exclude .hg -resolve-src-symlinks -rename /Users/jannikschill/Library/Developer/Xcode/DerivedData/Garten_Simulation-eroxfyrnurmsaraojtkexlvtomxb/Build/Intermediates.noindex/Garten_Simulation.build/Debug-iphonesimulator/Garten_Simulation.build/Objects-normal/arm64/Grovy.abi.json /Users/jannikschill/Library/Developer/Xcode/DerivedData/Garten_Simulation-eroxfyrnurmsaraojtkexlvtomxb/Build/Products/Debug-iphonesimulator/Grovy.swiftmodule/arm64-apple-ios-simulator.abi.json

Copy /Users/jannikschill/Library/Developer/Xcode/DerivedData/Garten_Simulation-eroxfyrnurmsaraojtkexlvtomxb/Build/Products/Debug-iphonesimulator/Grovy.swiftmodule/arm64-apple-ios-simulator.swiftdoc /Users/jannikschill/Library/Developer/Xcode/DerivedData/Garten_Simulation-eroxfyrnurmsaraojtkexlvtomxb/Build/Intermediates.noindex/Garten_Simulation.build/Debug-iphonesimulator/Garten_Simulation.build/Objects-normal/arm64/Grovy.swiftdoc (in target 'Garten_Simulation' from project 'Garten_Simulation')
    cd /Users/jannikschill/Documents/Garten-Simulation
    builtin-copy -exclude .DS_Store -exclude CVS -exclude .svn -exclude .git -exclude .hg -resolve-src-symlinks -rename /Users/jannikschill/Library/Developer/Xcode/DerivedData/Garten_Simulation-eroxfyrnurmsaraojtkexlvtomxb/Build/Intermediates.noindex/Garten_Simulation.build/Debug-iphonesimulator/Garten_Simulation.build/Objects-normal/arm64/Grovy.swiftdoc /Users/jannikschill/Library/Developer/Xcode/DerivedData/Garten_Simulation-eroxfyrnurmsaraojtkexlvtomxb/Build/Products/Debug-iphonesimulator/Grovy.swiftmodule/arm64-apple-ios-simulator.swiftdoc

Copy /Users/jannikschill/Library/Developer/Xcode/DerivedData/Garten_Simulation-eroxfyrnurmsaraojtkexlvtomxb/Build/Products/Debug-iphonesimulator/Grovy.swiftmodule/Project/arm64-apple-ios-simulator.swiftsourceinfo /Users/jannikschill/Library/Developer/Xcode/DerivedData/Garten_Simulation-eroxfyrnurmsaraojtkexlvtomxb/Build/Intermediates.noindex/Garten_Simulation.build/Debug-iphonesimulator/Garten_Simulation.build/Objects-normal/arm64/Grovy.swiftsourceinfo (in target 'Garten_Simulation' from project 'Garten_Simulation')
    cd /Users/jannikschill/Documents/Garten-Simulation
    builtin-copy -exclude .DS_Store -exclude CVS -exclude .svn -exclude .git -exclude .hg -resolve-src-symlinks -rename /Users/jannikschill/Library/Developer/Xcode/DerivedData/Garten_Simulation-eroxfyrnurmsaraojtkexlvtomxb/Build/Intermediates.noindex/Garten_Simulation.build/Debug-iphonesimulator/Garten_Simulation.build/Objects-normal/arm64/Grovy.swiftsourceinfo /Users/jannikschill/Library/Developer/Xcode/DerivedData/Garten_Simulation-eroxfyrnurmsaraojtkexlvtomxb/Build/Products/Debug-iphonesimulator/Grovy.swiftmodule/Project/arm64-apple-ios-simulator.swiftsourceinfo

error: error: accessing build database "/Users/jannikschill/Library/Developer/Xcode/DerivedData/Garten_Simulation-eroxfyrnurmsaraojtkexlvtomxb/Build/Intermediates.noindex/XCBuildData/build.db": disk I/O error
** BUILD FAILED **


The following build commands failed:
	SwiftCompile normal arm64 /Users/jannikschill/Documents/Garten-Simulation/GartenWidget/AppColors.swift (in target 'GartenWidgetExtension' from project 'Garten_Simulation')
	SwiftCompile normal arm64 /Users/jannikschill/Documents/Garten-Simulation/GartenWidget/AppStrings.swift (in target 'GartenWidgetExtension' from project 'Garten_Simulation')
	SwiftCompile normal arm64 /Users/jannikschill/Documents/Garten-Simulation/GartenWidget/CoinTransaction.swift (in target 'GartenWidgetExtension' from project 'Garten_Simulation')
	SwiftCompile normal arm64 /Users/jannikschill/Documents/Garten-Simulation/GartenWidget/DecorationModels.swift (in target 'GartenWidgetExtension' from project 'Garten_Simulation')
	SwiftCompile normal arm64 Compiling\ AppColors.swift,\ AppStrings.swift,\ CoinTransaction.swift,\ DecorationModels.swift /Users/jannikschill/Documents/Garten-Simulation/GartenWidget/AppColors.swift /Users/jannikschill/Documents/Garten-Simulation/GartenWidget/AppStrings.swift /Users/jannikschill/Documents/Garten-Simulation/GartenWidget/CoinTransaction.swift /Users/jannikschill/Documents/Garten-Simulation/GartenWidget/DecorationModels.swift (in target 'GartenWidgetExtension' from project 'Garten_Simulation')
	SwiftCompile normal arm64 Compiling\ ScrollToTopButton.swift,\ SeltenheitsBadge.swift,\ ShareSheet.swift,\ SingleHabitNode.swift,\ StandardNavigationModifier.swift,\ StreakIcon.swift,\ TitelTextView.swift,\ TrashItemCard.swift,\ VerschmelzungsEffektView.swift,\ WeedPowerUpSection.swift,\ WeedStackIndicator.swift,\ WetterBanner.swift,\ WetterPopup.swift,\ XPIcon.swift,\ ZoomIndikatorView.swift,\ GameConstants.swift,\ AppStrings.swift /Users/jannikschill/Documents/Garten-Simulation/Garten_Simulation/Components/ScrollToTopButton.swift /Users/jannikschill/Documents/Garten-Simulation/Garten_Simulation/Components/SeltenheitsBadge.swift /Users/jannikschill/Documents/Garten-Simulation/Garten_Simulation/Components/ShareSheet.swift /Users/jannikschill/Documents/Garten-Simulation/Garten_Simulation/Components/SingleHabitNode.swift /Users/jannikschill/Documents/Garten-Simulation/Garten_Simulation/Components/StandardNavigationModifier.swift /Users/jannikschill/Documents/Garten-Simulation/Garten_Simulation/Components/StreakIcon.swift /Users/jannikschill/Documents/Garten-Simulation/Garten_Simulation/Components/TitelTextView.swift /Users/jannikschill/Documents/Garten-Simulation/Garten_Simulation/Components/TrashItemCard.swift /Users/jannikschill/Documents/Garten-Simulation/Garten_Simulation/Components/VerschmelzungsEffektView.swift /Users/jannikschill/Documents/Garten-Simulation/Garten_Simulation/Components/WeedPowerUpSection.swift /Users/jannikschill/Documents/Garten-Simulation/Garten_Simulation/Components/WeedStackIndicator.swift /Users/jannikschill/Documents/Garten-Simulation/Garten_Simulation/Components/WetterBanner.swift /Users/jannikschill/Documents/Garten-Simulation/Garten_Simulation/Components/WetterPopup.swift /Users/jannikschill/Documents/Garten-Simulation/Garten_Simulation/Components/XPIcon.swift /Users/jannikschill/Documents/Garten-Simulation/Garten_Simulation/Components/ZoomIndikatorView.swift /Users/jannikschill/Documents/Garten-Simulation/Garten_Simulation/Config/GameConstants.swift /Users/jannikschill/Documents/Garten-Simulation/Garten_Simulation/Localization/AppStrings.swift (in target 'Garten_Simulation' from project 'Garten_Simulation')
	Building project Garten_Simulation with scheme Garten_Simulation
(7 failures)
